{
	"type": "FeatureCollection",
	"features": [
		{
			"type": "Feature",
			"id": "440306",
			"properties": {
				"name": "宝安区",
				"cp": [
					113.848671,
					22.644741
				],
				"childNum": 2
			},
			"geometry": {
				"type": "MultiPolygon",
				"coordinates": [
					[
						[
							[
								113.823338,
								22.543809
							],
							[
								113.823182,
								22.543825
							],
							[
								113.823087,
								22.543947
							],
							[
								113.823052,
								22.544077
							],
							[
								113.823044,
								22.544266
							],
							[
								113.823087,
								22.544361
							],
							[
								113.823165,
								22.544433
							],
							[
								113.823364,
								22.544532
							],
							[
								113.824022,
								22.544746
							],
							[
								113.824308,
								22.544851
							],
							[
								113.824516,
								22.544845
							],
							[
								113.824628,
								22.544825
							],
							[
								113.824758,
								22.544703
							],
							[
								113.82481,
								22.544478
							],
							[
								113.824792,
								22.544304
							],
							[
								113.824749,
								22.544195
							],
							[
								113.824689,
								22.544117
							],
							[
								113.824498,
								22.544027
							],
							[
								113.823338,
								22.543809
							]
						]
					],
					[
						[
							[
								113.97779,
								22.713256
							],
							[
								113.977698,
								22.713216
							],
							[
								113.977586,
								22.713142
							],
							[
								113.977452,
								22.713028
							],
							[
								113.977371,
								22.712924
							],
							[
								113.977323,
								22.71284
							],
							[
								113.977257,
								22.712753
							],
							[
								113.977859,
								22.712198
							],
							[
								113.977986,
								22.711723
							],
							[
								113.977986,
								22.710971
							],
							[
								113.978201,
								22.710417
							],
							[
								113.978072,
								22.710219
							],
							[
								113.977729,
								22.709823
							],
							[
								113.977428,
								22.709111
							],
							[
								113.976871,
								22.709111
							],
							[
								113.976956,
								22.708636
							],
							[
								113.976399,
								22.707804
							],
							[
								113.976742,
								22.707685
							],
							[
								113.976742,
								22.707171
							],
							[
								113.97627,
								22.706419
							],
							[
								113.975454,
								22.703964
							],
							[
								113.975454,
								22.703647
							],
							[
								113.973781,
								22.70337
							],
							[
								113.973652,
								22.701945
							],
							[
								113.975799,
								22.702816
							],
							[
								113.976441,
								22.702024
							],
							[
								113.975883,
								22.701351
							],
							[
								113.976957,
								22.701154
							],
							[
								113.976786,
								22.700441
							],
							[
								113.974769,
								22.700402
							],
							[
								113.974769,
								22.699887
							],
							[
								113.975026,
								22.699531
							],
							[
								113.976142,
								22.699768
							],
							[
								113.976743,
								22.700046
							],
							[
								113.977215,
								22.699808
							],
							[
								113.97803,
								22.699966
							],
							[
								113.97803,
								22.69957
							],
							[
								113.978373,
								22.699333
							],
							[
								113.978588,
								22.699175
							],
							[
								113.978803,
								22.698779
							],
							[
								113.97979,
								22.698937
							],
							[
								113.980047,
								22.698422
							],
							[
								113.979918,
								22.697353
							],
							[
								113.98009,
								22.696482
							],
							[
								113.978288,
								22.696245
							],
							[
								113.977858,
								22.697472
							],
							[
								113.975627,
								22.696126
							],
							[
								113.97597,
								22.695215
							],
							[
								113.978545,
								22.695057
							],
							[
								113.978288,
								22.693709
							],
							[
								113.976829,
								22.693412
							],
							[
								113.975911,
								22.693715
							],
							[
								113.975436,
								22.693736
							],
							[
								113.974533,
								22.693234
							],
							[
								113.974919,
								22.692541
							],
							[
								113.975455,
								22.692224
							],
							[
								113.975756,
								22.691907
							],
							[
								113.97434,
								22.69064
							],
							[
								113.97537,
								22.689215
							],
							[
								113.97449,
								22.688007
							],
							[
								113.973889,
								22.686127
							],
							[
								113.975477,
								22.686325
							],
							[
								113.975627,
								22.68486
							],
							[
								113.974919,
								22.683889
							],
							[
								113.974608,
								22.683288
							],
							[
								113.974232,
								22.682563
							],
							[
								113.974576,
								22.680425
							],
							[
								113.97275,
								22.680167
							],
							[
								113.972471,
								22.680345
							],
							[
								113.971034,
								22.679691
							],
							[
								113.97039,
								22.679256
							],
							[
								113.969789,
								22.678721
							],
							[
								113.970347,
								22.678325
							],
							[
								113.970712,
								22.677652
							],
							[
								113.969752,
								22.677137
							],
							[
								113.968866,
								22.676662
							],
							[
								113.968479,
								22.675039
							],
							[
								113.967492,
								22.67393
							],
							[
								113.96702,
								22.67298
							],
							[
								113.967793,
								22.672346
							],
							[
								113.96805,
								22.670802
							],
							[
								113.968308,
								22.670524
							],
							[
								113.969981,
								22.669534
							],
							[
								113.97057,
								22.668277
							],
							[
								113.971355,
								22.666604
							],
							[
								113.972857,
								22.664822
							],
							[
								113.973415,
								22.664228
							],
							[
								113.973114,
								22.663713
							],
							[
								113.973458,
								22.663317
							],
							[
								113.973286,
								22.662961
							],
							[
								113.972814,
								22.662723
							],
							[
								113.972814,
								22.662129
							],
							[
								113.973028,
								22.661495
							],
							[
								113.973329,
								22.661099
							],
							[
								113.972943,
								22.660545
							],
							[
								113.972556,
								22.659991
							],
							[
								113.972642,
								22.659397
							],
							[
								113.972428,
								22.659199
							],
							[
								113.972084,
								22.658446
							],
							[
								113.972642,
								22.657456
							],
							[
								113.972385,
								22.657179
							],
							[
								113.970454,
								22.655991
							],
							[
								113.970454,
								22.655555
							],
							[
								113.970282,
								22.655159
							],
							[
								113.970411,
								22.653733
							],
							[
								113.969767,
								22.653258
							],
							[
								113.96908,
								22.652743
							],
							[
								113.967492,
								22.652822
							],
							[
								113.967321,
								22.652624
							],
							[
								113.967492,
								22.65207
							],
							[
								113.967535,
								22.651476
							],
							[
								113.967084,
								22.650781
							],
							[
								113.966456,
								22.651328
							],
							[
								113.966024,
								22.651497
							],
							[
								113.965801,
								22.651516
							],
							[
								113.965302,
								22.651319
							],
							[
								113.964344,
								22.65119
							],
							[
								113.963145,
								22.651306
							],
							[
								113.961149,
								22.651307
							],
							[
								113.960614,
								22.651643
							],
							[
								113.960363,
								22.652316
							],
							[
								113.959993,
								22.652478
							],
							[
								113.959099,
								22.652274
							],
							[
								113.957607,
								22.651594
							],
							[
								113.956545,
								22.650684
							],
							[
								113.955687,
								22.65013
							],
							[
								113.955264,
								22.649302
							],
							[
								113.955102,
								22.649244
							],
							[
								113.954701,
								22.649336
							],
							[
								113.954064,
								22.649954
							],
							[
								113.953731,
								22.650428
							],
							[
								113.952901,
								22.650974
							],
							[
								113.951901,
								22.650544
							],
							[
								113.950852,
								22.650829
							],
							[
								113.950394,
								22.651823
							],
							[
								113.949977,
								22.652195
							],
							[
								113.949402,
								22.652198
							],
							[
								113.947957,
								22.651412
							],
							[
								113.946719,
								22.65097
							],
							[
								113.944708,
								22.650764
							],
							[
								113.944034,
								22.650592
							],
							[
								113.94294,
								22.649521
							],
							[
								113.942076,
								22.649049
							],
							[
								113.940771,
								22.64762
							],
							[
								113.940518,
								22.64625
							],
							[
								113.940348,
								22.646118
							],
							[
								113.938414,
								22.645359
							],
							[
								113.937525,
								22.645089
							],
							[
								113.93745,
								22.64489
							],
							[
								113.93766,
								22.644316
							],
							[
								113.937709,
								22.643861
							],
							[
								113.937647,
								22.643078
							],
							[
								113.937016,
								22.641091
							],
							[
								113.936585,
								22.638683
							],
							[
								113.936319,
								22.638315
							],
							[
								113.936013,
								22.638088
							],
							[
								113.934813,
								22.637867
							],
							[
								113.93395,
								22.63706
							],
							[
								113.93235,
								22.63656
							],
							[
								113.931865,
								22.635494
							],
							[
								113.931863,
								22.635328
							],
							[
								113.931862,
								22.635271
							],
							[
								113.931831,
								22.635138
							],
							[
								113.931664,
								22.634819
							],
							[
								113.931652,
								22.634805
							],
							[
								113.931588,
								22.634762
							],
							[
								113.931564,
								22.634746
							],
							[
								113.9315,
								22.634716
							],
							[
								113.931414,
								22.634676
							],
							[
								113.930173,
								22.634226
							],
							[
								113.929862,
								22.63392
							],
							[
								113.929344,
								22.633061
							],
							[
								113.928918,
								22.631714
							],
							[
								113.928934,
								22.631353
							],
							[
								113.929464,
								22.630958
							],
							[
								113.929993,
								22.630196
							],
							[
								113.930159,
								22.629482
							],
							[
								113.930167,
								22.629124
							],
							[
								113.92991,
								22.628643
							],
							[
								113.929755,
								22.628016
							],
							[
								113.929301,
								22.627625
							],
							[
								113.929163,
								22.627361
							],
							[
								113.929142,
								22.626959
							],
							[
								113.929288,
								22.626181
							],
							[
								113.929786,
								22.625435
							],
							[
								113.93035,
								22.62485
							],
							[
								113.931166,
								22.623588
							],
							[
								113.931259,
								22.623021
							],
							[
								113.930692,
								22.621007
							],
							[
								113.930454,
								22.619323
							],
							[
								113.93024,
								22.619045
							],
							[
								113.92962,
								22.618568
							],
							[
								113.9275,
								22.6156
							],
							[
								113.9275,
								22.615102
							],
							[
								113.927542,
								22.614957
							],
							[
								113.927557,
								22.61492
							],
							[
								113.928843,
								22.612358
							],
							[
								113.929563,
								22.611554
							],
							[
								113.929948,
								22.610348
							],
							[
								113.929965,
								22.610234
							],
							[
								113.929972,
								22.610187
							],
							[
								113.929977,
								22.610157
							],
							[
								113.93,
								22.609995
							],
							[
								113.930078,
								22.609244
							],
							[
								113.929965,
								22.607856
							],
							[
								113.929132,
								22.606991
							],
							[
								113.928651,
								22.606767
							],
							[
								113.928561,
								22.606725
							],
							[
								113.928544,
								22.606631
							],
							[
								113.928322,
								22.60543
							],
							[
								113.927825,
								22.604006
							],
							[
								113.927424,
								22.603718
							],
							[
								113.926841,
								22.603493
							],
							[
								113.925035,
								22.603184
							],
							[
								113.924254,
								22.601916
							],
							[
								113.923531,
								22.600115
							],
							[
								113.923627,
								22.599601
							],
							[
								113.924093,
								22.598614
							],
							[
								113.925816,
								22.59544
							],
							[
								113.926206,
								22.594206
							],
							[
								113.926287,
								22.593322
							],
							[
								113.926544,
								22.592785
							],
							[
								113.927025,
								22.592242
							],
							[
								113.928004,
								22.59214
							],
							[
								113.928356,
								22.591802
							],
							[
								113.928499,
								22.591459
							],
							[
								113.928541,
								22.590779
							],
							[
								113.928093,
								22.59069
							],
							[
								113.926281,
								22.590812
							],
							[
								113.924665,
								22.590255
							],
							[
								113.924468,
								22.589961
							],
							[
								113.924363,
								22.588472
							],
							[
								113.924418,
								22.587616
							],
							[
								113.924725,
								22.586906
							],
							[
								113.924802,
								22.586728
							],
							[
								113.924808,
								22.586691
							],
							[
								113.924794,
								22.586617
							],
							[
								113.924832,
								22.586498
							],
							[
								113.924931,
								22.585717
							],
							[
								113.92479,
								22.584824
							],
							[
								113.924939,
								22.584584
							],
							[
								113.926679,
								22.583406
							],
							[
								113.928202,
								22.582612
							],
							[
								113.92833,
								22.582339
							],
							[
								113.929032,
								22.581509
							],
							[
								113.92914,
								22.581349
							],
							[
								113.929452,
								22.580924
							],
							[
								113.929525,
								22.580826
							],
							[
								113.92954,
								22.580794
							],
							[
								113.929544,
								22.580756
							],
							[
								113.929542,
								22.580689
							],
							[
								113.929538,
								22.58062
							],
							[
								113.929443,
								22.58053
							],
							[
								113.929368,
								22.580436
							],
							[
								113.929349,
								22.580208
							],
							[
								113.929158,
								22.57919
							],
							[
								113.929032,
								22.578768
							],
							[
								113.928268,
								22.577563
							],
							[
								113.927574,
								22.576005
							],
							[
								113.927134,
								22.574948
							],
							[
								113.926967,
								22.574409
							],
							[
								113.926747,
								22.574115
							],
							[
								113.926499,
								22.573849
							],
							[
								113.923832,
								22.572253
							],
							[
								113.922918,
								22.571809
							],
							[
								113.922476,
								22.571586
							],
							[
								113.922444,
								22.571569
							],
							[
								113.922418,
								22.571556
							],
							[
								113.92221,
								22.571361
							],
							[
								113.921703,
								22.570887
							],
							[
								113.921328,
								22.570537
							],
							[
								113.918346,
								22.567801
							],
							[
								113.917555,
								22.567129
							],
							[
								113.91617,
								22.565936
							],
							[
								113.916,
								22.565704
							],
							[
								113.915911,
								22.565138
							],
							[
								113.915992,
								22.561349
							],
							[
								113.916038,
								22.561284
							],
							[
								113.915995,
								22.5612
							],
							[
								113.916033,
								22.559442
							],
							[
								113.916053,
								22.559057
							],
							[
								113.916053,
								22.558876
							],
							[
								113.916064,
								22.55885
							],
							[
								113.916109,
								22.557956
							],
							[
								113.916075,
								22.557266
							],
							[
								113.916024,
								22.55714
							],
							[
								113.915983,
								22.557099
							],
							[
								113.915982,
								22.557034
							],
							[
								113.915773,
								22.556776
							],
							[
								113.91303,
								22.554824
							],
							[
								113.911506,
								22.553735
							],
							[
								113.910687,
								22.553158
							],
							[
								113.909511,
								22.552186
							],
							[
								113.908889,
								22.551665
							],
							[
								113.905089,
								22.548384
							],
							[
								113.903663,
								22.547225
							],
							[
								113.903645,
								22.547207
							],
							[
								113.90358,
								22.547155
							],
							[
								113.903559,
								22.54714
							],
							[
								113.903411,
								22.54702
							],
							[
								113.903396,
								22.547005
							],
							[
								113.903379,
								22.546994
							],
							[
								113.901389,
								22.545377
							],
							[
								113.895649,
								22.54308
							],
							[
								113.860929,
								22.526416
							],
							[
								113.859682,
								22.529361
							],
							[
								113.856557,
								22.539622
							],
							[
								113.855847,
								22.541134
							],
							[
								113.854756,
								22.542312
							],
							[
								113.85299,
								22.542864
							],
							[
								113.851154,
								22.542592
							],
							[
								113.842894,
								22.539302
							],
							[
								113.839042,
								22.537965
							],
							[
								113.836116,
								22.538474
							],
							[
								113.834696,
								22.539569
							],
							[
								113.834281,
								22.54133
							],
							[
								113.834194,
								22.544266
							],
							[
								113.83461,
								22.547706
							],
							[
								113.835113,
								22.551227
							],
							[
								113.835952,
								22.553658
							],
							[
								113.836706,
								22.555461
							],
							[
								113.838377,
								22.559316
							],
							[
								113.838213,
								22.562338
							],
							[
								113.836707,
								22.565192
							],
							[
								113.832188,
								22.570234
							],
							[
								113.803409,
								22.593188
							],
							[
								113.782291,
								22.625696
							],
							[
								113.773278,
								22.643229
							],
							[
								113.769004,
								22.654558
							],
							[
								113.767002,
								22.659466
							],
							[
								113.765493,
								22.665759
							],
							[
								113.760429,
								22.678188
							],
							[
								113.758357,
								22.683272
							],
							[
								113.753161,
								22.698521
							],
							[
								113.752008,
								22.705567
							],
							[
								113.751453,
								22.715403
							],
							[
								113.762394,
								22.736873
							],
							[
								113.769371,
								22.742042
							],
							[
								113.775799,
								22.746051
							],
							[
								113.778183,
								22.747171
							],
							[
								113.780662,
								22.748488
							],
							[
								113.78699,
								22.750586
							],
							[
								113.789026,
								22.751772
							],
							[
								113.79083,
								22.753397
							],
							[
								113.792659,
								22.75608
							],
							[
								113.793548,
								22.757874
							],
							[
								113.793961,
								22.760301
							],
							[
								113.794167,
								22.762212
							],
							[
								113.793704,
								22.764899
							],
							[
								113.79248,
								22.766592
							],
							[
								113.791861,
								22.767651
							],
							[
								113.791862,
								22.768917
							],
							[
								113.792429,
								22.770492
							],
							[
								113.793537,
								22.771782
							],
							[
								113.795134,
								22.773303
							],
							[
								113.796603,
								22.774205
							],
							[
								113.798136,
								22.774681
							],
							[
								113.799733,
								22.775066
							],
							[
								113.80066,
								22.775581
							],
							[
								113.801433,
								22.776329
							],
							[
								113.801845,
								22.777129
							],
							[
								113.801974,
								22.777929
							],
							[
								113.801871,
								22.778833
							],
							[
								113.801588,
								22.779815
							],
							[
								113.800764,
								22.780901
							],
							[
								113.800197,
								22.781832
							],
							[
								113.800017,
								22.782581
							],
							[
								113.800069,
								22.783149
							],
							[
								113.800352,
								22.783743
							],
							[
								113.80097,
								22.784362
							],
							[
								113.802258,
								22.784876
							],
							[
								113.802876,
								22.784979
							],
							[
								113.803546,
								22.784874
							],
							[
								113.804241,
								22.784486
							],
							[
								113.805169,
								22.783554
							],
							[
								113.80589,
								22.782598
							],
							[
								113.806302,
								22.782288
							],
							[
								113.806868,
								22.78208
							],
							[
								113.807699,
								22.782033
							],
							[
								113.809438,
								22.782128
							],
							[
								113.810086,
								22.782191
							],
							[
								113.810551,
								22.782282
							],
							[
								113.811038,
								22.782495
							],
							[
								113.812464,
								22.783349
							],
							[
								113.813719,
								22.784251
							],
							[
								113.814428,
								22.785186
							],
							[
								113.814653,
								22.78596
							],
							[
								113.814363,
								22.786735
							],
							[
								113.813237,
								22.788125
							],
							[
								113.812979,
								22.789062
							],
							[
								113.81343,
								22.790417
							],
							[
								113.814782,
								22.791739
							],
							[
								113.816392,
								22.792284
							],
							[
								113.818933,
								22.792179
							],
							[
								113.819649,
								22.792099
							],
							[
								113.819992,
								22.792082
							],
							[
								113.820454,
								22.792084
							],
							[
								113.820844,
								22.792088
							],
							[
								113.821262,
								22.79214
							],
							[
								113.821503,
								22.792174
							],
							[
								113.821823,
								22.792222
							],
							[
								113.822071,
								22.792267
							],
							[
								113.822663,
								22.792323
							],
							[
								113.823231,
								22.792372
							],
							[
								113.823748,
								22.792471
							],
							[
								113.82423,
								22.792574
							],
							[
								113.824494,
								22.792648
							],
							[
								113.824643,
								22.792731
							],
							[
								113.824868,
								22.792873
							],
							[
								113.824913,
								22.792931
							],
							[
								113.826884,
								22.794862
							],
							[
								113.828039,
								22.795439
							],
							[
								113.828142,
								22.795796
							],
							[
								113.828182,
								22.796048
							],
							[
								113.828182,
								22.796165
							],
							[
								113.828175,
								22.79619
							],
							[
								113.827944,
								22.796294
							],
							[
								113.827653,
								22.796451
							],
							[
								113.827553,
								22.796512
							],
							[
								113.827532,
								22.796604
							],
							[
								113.827469,
								22.797332
							],
							[
								113.827458,
								22.797863
							],
							[
								113.82743,
								22.79845
							],
							[
								113.827424,
								22.798504
							],
							[
								113.827453,
								22.798519
							],
							[
								113.827484,
								22.798519
							],
							[
								113.82754,
								22.798513
							],
							[
								113.829482,
								22.797954
							],
							[
								113.829801,
								22.797939
							],
							[
								113.829944,
								22.797934
							],
							[
								113.830098,
								22.797953
							],
							[
								113.830174,
								22.797942
							],
							[
								113.830247,
								22.797912
							],
							[
								113.830372,
								22.797851
							],
							[
								113.831214,
								22.797829
							],
							[
								113.831484,
								22.798289
							],
							[
								113.831681,
								22.798617
							],
							[
								113.831807,
								22.798811
							],
							[
								113.832017,
								22.799235
							],
							[
								113.832139,
								22.799314
							],
							[
								113.832534,
								22.799564
							],
							[
								113.832933,
								22.799818
							],
							[
								113.834172,
								22.799444
							],
							[
								113.834232,
								22.799465
							],
							[
								113.83471,
								22.799751
							],
							[
								113.835672,
								22.800235
							],
							[
								113.836524,
								22.800649
							],
							[
								113.837014,
								22.800847
							],
							[
								113.837172,
								22.800919
							],
							[
								113.837232,
								22.80096
							],
							[
								113.837282,
								22.801068
							],
							[
								113.837496,
								22.801594
							],
							[
								113.837699,
								22.80207
							],
							[
								113.838055,
								22.802918
							],
							[
								113.838254,
								22.803445
							],
							[
								113.838537,
								22.80415
							],
							[
								113.838652,
								22.804294
							],
							[
								113.838867,
								22.804933
							],
							[
								113.838874,
								22.804953
							],
							[
								113.838864,
								22.80496
							],
							[
								113.839551,
								22.806716
							],
							[
								113.839871,
								22.807479
							],
							[
								113.840047,
								22.808028
							],
							[
								113.84015,
								22.808514
							],
							[
								113.840184,
								22.808804
							],
							[
								113.840227,
								22.809053
							],
							[
								113.840266,
								22.809254
							],
							[
								113.840286,
								22.809544
							],
							[
								113.840293,
								22.809709
							],
							[
								113.840292,
								22.809786
							],
							[
								113.840094,
								22.810787
							],
							[
								113.840088,
								22.810825
							],
							[
								113.839873,
								22.811148
							],
							[
								113.839653,
								22.811438
							],
							[
								113.839582,
								22.811474
							],
							[
								113.839366,
								22.811494
							],
							[
								113.839344,
								22.811526
							],
							[
								113.839234,
								22.811704
							],
							[
								113.83904,
								22.812017
							],
							[
								113.83901,
								22.812164
							],
							[
								113.838836,
								22.812994
							],
							[
								113.838584,
								22.813418
							],
							[
								113.838723,
								22.814896
							],
							[
								113.838795,
								22.816307
							],
							[
								113.838722,
								22.816426
							],
							[
								113.838657,
								22.816562
							],
							[
								113.838641,
								22.816642
							],
							[
								113.838644,
								22.816723
							],
							[
								113.838694,
								22.816979
							],
							[
								113.838847,
								22.817357
							],
							[
								113.838589,
								22.818312
							],
							[
								113.838451,
								22.818575
							],
							[
								113.838384,
								22.818738
							],
							[
								113.838351,
								22.818929
							],
							[
								113.838351,
								22.819039
							],
							[
								113.838357,
								22.819134
							],
							[
								113.838384,
								22.81925
							],
							[
								113.838471,
								22.819357
							],
							[
								113.838581,
								22.81945
							],
							[
								113.838664,
								22.819536
							],
							[
								113.838718,
								22.819607
							],
							[
								113.838724,
								22.819672
							],
							[
								113.83867,
								22.819762
							],
							[
								113.838521,
								22.819889
							],
							[
								113.8384,
								22.819997
							],
							[
								113.838306,
								22.820114
							],
							[
								113.838108,
								22.820307
							],
							[
								113.83672,
								22.821461
							],
							[
								113.836401,
								22.821661
							],
							[
								113.836048,
								22.821808
							],
							[
								113.83541,
								22.821962
							],
							[
								113.834904,
								22.822085
							],
							[
								113.834771,
								22.822138
							],
							[
								113.834717,
								22.822173
							],
							[
								113.8347,
								22.822209
							],
							[
								113.834689,
								22.822259
							],
							[
								113.834723,
								22.822394
							],
							[
								113.834771,
								22.822506
							],
							[
								113.834881,
								22.822691
							],
							[
								113.834987,
								22.822849
							],
							[
								113.835111,
								22.822986
							],
							[
								113.835344,
								22.82316
							],
							[
								113.835438,
								22.823206
							],
							[
								113.835679,
								22.823282
							],
							[
								113.836013,
								22.823368
							],
							[
								113.836136,
								22.823419
							],
							[
								113.836233,
								22.823483
							],
							[
								113.836366,
								22.823598
							],
							[
								113.836443,
								22.823696
							],
							[
								113.83652,
								22.823879
							],
							[
								113.836599,
								22.824832
							],
							[
								113.836662,
								22.82521
							],
							[
								113.836676,
								22.825399
							],
							[
								113.836628,
								22.825788
							],
							[
								113.836561,
								22.82611
							],
							[
								113.836538,
								22.82639
							],
							[
								113.836538,
								22.826526
							],
							[
								113.836577,
								22.826667
							],
							[
								113.83666,
								22.826764
							],
							[
								113.836984,
								22.827033
							],
							[
								113.837219,
								22.827239
							],
							[
								113.837406,
								22.827474
							],
							[
								113.838026,
								22.828615
							],
							[
								113.838132,
								22.828773
							],
							[
								113.838175,
								22.828908
							],
							[
								113.838235,
								22.829076
							],
							[
								113.838362,
								22.829443
							],
							[
								113.838482,
								22.829658
							],
							[
								113.838595,
								22.829779
							],
							[
								113.838762,
								22.829907
							],
							[
								113.839359,
								22.830382
							],
							[
								113.839362,
								22.830459
							],
							[
								113.839373,
								22.83048
							],
							[
								113.83978,
								22.830873
							],
							[
								113.840857,
								22.831212
							],
							[
								113.8411,
								22.831411
							],
							[
								113.841015,
								22.832624
							],
							[
								113.841369,
								22.833804
							],
							[
								113.841514,
								22.833995
							],
							[
								113.842293,
								22.833743
							],
							[
								113.842746,
								22.833696
							],
							[
								113.845222,
								22.834428
							],
							[
								113.845776,
								22.835006
							],
							[
								113.846286,
								22.835352
							],
							[
								113.848166,
								22.836121
							],
							[
								113.849467,
								22.836442
							],
							[
								113.850591,
								22.836844
							],
							[
								113.851285,
								22.837485
							],
							[
								113.851889,
								22.837164
							],
							[
								113.853042,
								22.836358
							],
							[
								113.853642,
								22.835598
							],
							[
								113.854428,
								22.835214
							],
							[
								113.856192,
								22.835683
							],
							[
								113.856849,
								22.833786
							],
							[
								113.85706,
								22.832613
							],
							[
								113.857522,
								22.832622
							],
							[
								113.859399,
								22.833454
							],
							[
								113.859899,
								22.833852
							],
							[
								113.860986,
								22.834154
							],
							[
								113.861093,
								22.834081
							],
							[
								113.86135,
								22.833237
							],
							[
								113.861715,
								22.833219
							],
							[
								113.861812,
								22.833361
							],
							[
								113.861733,
								22.834062
							],
							[
								113.86191,
								22.834659
							],
							[
								113.862114,
								22.834833
							],
							[
								113.862503,
								22.834911
							],
							[
								113.863383,
								22.835672
							],
							[
								113.863743,
								22.836072
							],
							[
								113.863908,
								22.836723
							],
							[
								113.864031,
								22.836853
							],
							[
								113.864224,
								22.836916
							],
							[
								113.864387,
								22.836968
							],
							[
								113.865407,
								22.836892
							],
							[
								113.866262,
								22.836659
							],
							[
								113.866824,
								22.836889
							],
							[
								113.867866,
								22.837169
							],
							[
								113.868408,
								22.837314
							],
							[
								113.870787,
								22.836986
							],
							[
								113.871704,
								22.837063
							],
							[
								113.871754,
								22.837071
							],
							[
								113.871808,
								22.837078
							],
							[
								113.871835,
								22.837081
							],
							[
								113.871896,
								22.83709
							],
							[
								113.871916,
								22.837093
							],
							[
								113.871996,
								22.837102
							],
							[
								113.872409,
								22.837178
							],
							[
								113.872635,
								22.837278
							],
							[
								113.872708,
								22.837517
							],
							[
								113.872333,
								22.839957
							],
							[
								113.872386,
								22.840524
							],
							[
								113.872543,
								22.840702
							],
							[
								113.872788,
								22.840713
							],
							[
								113.873399,
								22.840068
							],
							[
								113.873567,
								22.84003
							],
							[
								113.873595,
								22.840138
							],
							[
								113.871433,
								22.843118
							],
							[
								113.870998,
								22.845658
							],
							[
								113.871776,
								22.845417
							],
							[
								113.873416,
								22.845475
							],
							[
								113.873905,
								22.845017
							],
							[
								113.87375,
								22.844075
							],
							[
								113.873814,
								22.843942
							],
							[
								113.873968,
								22.843978
							],
							[
								113.874325,
								22.844569
							],
							[
								113.874445,
								22.845551
							],
							[
								113.875429,
								22.847312
							],
							[
								113.876427,
								22.84811
							],
							[
								113.877506,
								22.851915
							],
							[
								113.878027,
								22.852156
							],
							[
								113.878145,
								22.852307
							],
							[
								113.878257,
								22.852749
							],
							[
								113.878199,
								22.853901
							],
							[
								113.87785,
								22.854253
							],
							[
								113.877681,
								22.854448
							],
							[
								113.878206,
								22.855124
							],
							[
								113.878249,
								22.85518
							],
							[
								113.878375,
								22.855206
							],
							[
								113.879938,
								22.854917
							],
							[
								113.879785,
								22.854606
							],
							[
								113.878878,
								22.854206
							],
							[
								113.878669,
								22.852685
							],
							[
								113.878699,
								22.852414
							],
							[
								113.879311,
								22.852185
							],
							[
								113.880202,
								22.851956
							],
							[
								113.880343,
								22.852014
							],
							[
								113.880649,
								22.853225
							],
							[
								113.880428,
								22.853637
							],
							[
								113.880431,
								22.853813
							],
							[
								113.880672,
								22.853892
							],
							[
								113.881766,
								22.853422
							],
							[
								113.881686,
								22.85318
							],
							[
								113.881079,
								22.852849
							],
							[
								113.880993,
								22.852713
							],
							[
								113.880833,
								22.851786
							],
							[
								113.881041,
								22.85141
							],
							[
								113.88265,
								22.850537
							],
							[
								113.882924,
								22.850474
							],
							[
								113.883254,
								22.850562
							],
							[
								113.883438,
								22.850818
							],
							[
								113.883214,
								22.851312
							],
							[
								113.882565,
								22.851651
							],
							[
								113.88258,
								22.851893
							],
							[
								113.882944,
								22.851991
							],
							[
								113.8835,
								22.851884
							],
							[
								113.883663,
								22.851712
							],
							[
								113.883725,
								22.851383
							],
							[
								113.884147,
								22.851247
							],
							[
								113.884291,
								22.851343
							],
							[
								113.884396,
								22.851461
							],
							[
								113.884194,
								22.852191
							],
							[
								113.884442,
								22.853035
							],
							[
								113.884577,
								22.853073
							],
							[
								113.88474,
								22.852984
							],
							[
								113.885088,
								22.852391
							],
							[
								113.885386,
								22.852406
							],
							[
								113.885587,
								22.852742
							],
							[
								113.886067,
								22.854119
							],
							[
								113.886079,
								22.854281
							],
							[
								113.884966,
								22.855171
							],
							[
								113.885028,
								22.855339
							],
							[
								113.885241,
								22.855339
							],
							[
								113.885625,
								22.855162
							],
							[
								113.886781,
								22.854398
							],
							[
								113.887758,
								22.854696
							],
							[
								113.88835,
								22.855068
							],
							[
								113.888759,
								22.855507
							],
							[
								113.888778,
								22.85576
							],
							[
								113.888027,
								22.856514
							],
							[
								113.887304,
								22.857681
							],
							[
								113.886042,
								22.858799
							],
							[
								113.885798,
								22.858855
							],
							[
								113.885802,
								22.858923
							],
							[
								113.886188,
								22.859045
							],
							[
								113.887312,
								22.858526
							],
							[
								113.888697,
								22.85906
							],
							[
								113.88882,
								22.858929
							],
							[
								113.889658,
								22.859773
							],
							[
								113.890538,
								22.859747
							],
							[
								113.890652,
								22.859899
							],
							[
								113.890848,
								22.86084
							],
							[
								113.890745,
								22.861553
							],
							[
								113.891055,
								22.861748
							],
							[
								113.89113,
								22.860817
							],
							[
								113.890967,
								22.859346
							],
							[
								113.890874,
								22.859195
							],
							[
								113.890122,
								22.859085
							],
							[
								113.889872,
								22.858909
							],
							[
								113.889142,
								22.857896
							],
							[
								113.889125,
								22.857524
							],
							[
								113.889243,
								22.857319
							],
							[
								113.889726,
								22.857075
							],
							[
								113.891359,
								22.856839
							],
							[
								113.891886,
								22.856619
							],
							[
								113.892102,
								22.856963
							],
							[
								113.892432,
								22.857063
							],
							[
								113.89276,
								22.856269
							],
							[
								113.892706,
								22.855929
							],
							[
								113.892604,
								22.85583
							],
							[
								113.89285,
								22.855403
							],
							[
								113.893717,
								22.855062
							],
							[
								113.89382,
								22.855349
							],
							[
								113.894094,
								22.85559
							],
							[
								113.894416,
								22.855563
							],
							[
								113.894542,
								22.854809
							],
							[
								113.894838,
								22.854353
							],
							[
								113.89565,
								22.854213
							],
							[
								113.896516,
								22.854685
							],
							[
								113.897708,
								22.854664
							],
							[
								113.898173,
								22.854809
							],
							[
								113.898448,
								22.855035
							],
							[
								113.89858,
								22.856038
							],
							[
								113.899094,
								22.856649
							],
							[
								113.89973,
								22.8571
							],
							[
								113.89949,
								22.855491
							],
							[
								113.89933,
								22.855197
							],
							[
								113.898466,
								22.854224
							],
							[
								113.898075,
								22.854108
							],
							[
								113.896279,
								22.851512
							],
							[
								113.895041,
								22.850405
							],
							[
								113.894861,
								22.850453
							],
							[
								113.894792,
								22.850732
							],
							[
								113.894948,
								22.8513
							],
							[
								113.894886,
								22.851631
							],
							[
								113.89464,
								22.852048
							],
							[
								113.893453,
								22.853478
							],
							[
								113.89308,
								22.853774
							],
							[
								113.892421,
								22.853834
							],
							[
								113.891528,
								22.853598
							],
							[
								113.891368,
								22.853294
							],
							[
								113.891469,
								22.85199
							],
							[
								113.891676,
								22.85174
							],
							[
								113.892103,
								22.85152
							],
							[
								113.892735,
								22.851642
							],
							[
								113.892879,
								22.851587
							],
							[
								113.89308,
								22.851114
							],
							[
								113.892802,
								22.850334
							],
							[
								113.892918,
								22.850108
							],
							[
								113.893243,
								22.849904
							],
							[
								113.893929,
								22.849891
							],
							[
								113.894226,
								22.849969
							],
							[
								113.894492,
								22.849952
							],
							[
								113.894589,
								22.849861
							],
							[
								113.894583,
								22.849714
							],
							[
								113.894395,
								22.849444
							],
							[
								113.89349,
								22.849409
							],
							[
								113.892747,
								22.848918
							],
							[
								113.892723,
								22.847704
							],
							[
								113.892811,
								22.847425
							],
							[
								113.893713,
								22.846328
							],
							[
								113.893921,
								22.846195
							],
							[
								113.894715,
								22.846331
							],
							[
								113.895393,
								22.845953
							],
							[
								113.89564,
								22.845958
							],
							[
								113.895884,
								22.846149
							],
							[
								113.896222,
								22.846914
							],
							[
								113.896346,
								22.847014
							],
							[
								113.896437,
								22.846942
							],
							[
								113.896442,
								22.846789
							],
							[
								113.896154,
								22.845973
							],
							[
								113.896229,
								22.845802
							],
							[
								113.896455,
								22.845633
							],
							[
								113.896739,
								22.845569
							],
							[
								113.897329,
								22.845109
							],
							[
								113.897771,
								22.845065
							],
							[
								113.898477,
								22.845598
							],
							[
								113.898681,
								22.84559
							],
							[
								113.89879,
								22.845409
							],
							[
								113.898637,
								22.845202
							],
							[
								113.898106,
								22.844862
							],
							[
								113.897874,
								22.844612
							],
							[
								113.897599,
								22.844583
							],
							[
								113.897045,
								22.844261
							],
							[
								113.897201,
								22.843871
							],
							[
								113.898111,
								22.842751
							],
							[
								113.899152,
								22.843557
							],
							[
								113.900233,
								22.844137
							],
							[
								113.900397,
								22.84457
							],
							[
								113.900606,
								22.846122
							],
							[
								113.90101,
								22.846131
							],
							[
								113.900685,
								22.845162
							],
							[
								113.900749,
								22.844525
							],
							[
								113.901112,
								22.844328
							],
							[
								113.902926,
								22.843821
							],
							[
								113.903532,
								22.844042
							],
							[
								113.905077,
								22.845061
							],
							[
								113.905311,
								22.845057
							],
							[
								113.905242,
								22.844776
							],
							[
								113.904846,
								22.844239
							],
							[
								113.904017,
								22.843925
							],
							[
								113.903633,
								22.843648
							],
							[
								113.903173,
								22.842738
							],
							[
								113.903228,
								22.842439
							],
							[
								113.903596,
								22.842351
							],
							[
								113.90428,
								22.842366
							],
							[
								113.905494,
								22.84261
							],
							[
								113.905468,
								22.842495
							],
							[
								113.904396,
								22.842052
							],
							[
								113.904354,
								22.841737
							],
							[
								113.904646,
								22.841186
							],
							[
								113.904719,
								22.840395
							],
							[
								113.904868,
								22.840132
							],
							[
								113.906163,
								22.839788
							],
							[
								113.906839,
								22.840033
							],
							[
								113.910798,
								22.839345
							],
							[
								113.911842,
								22.840033
							],
							[
								113.912464,
								22.840229
							],
							[
								113.912869,
								22.840235
							],
							[
								113.913073,
								22.839918
							],
							[
								113.913606,
								22.839468
							],
							[
								113.91397,
								22.839299
							],
							[
								113.914234,
								22.839351
							],
							[
								113.914369,
								22.839482
							],
							[
								113.914392,
								22.839678
							],
							[
								113.914125,
								22.841009
							],
							[
								113.914441,
								22.841689
							],
							[
								113.914632,
								22.841838
							],
							[
								113.914789,
								22.841652
							],
							[
								113.914416,
								22.841065
							],
							[
								113.914365,
								22.840849
							],
							[
								113.914743,
								22.839509
							],
							[
								113.914768,
								22.839161
							],
							[
								113.916577,
								22.839376
							],
							[
								113.91678,
								22.840687
							],
							[
								113.917255,
								22.841159
							],
							[
								113.917506,
								22.841386
							],
							[
								113.918425,
								22.841817
							],
							[
								113.918773,
								22.842427
							],
							[
								113.919239,
								22.842567
							],
							[
								113.919471,
								22.842139
							],
							[
								113.919811,
								22.841763
							],
							[
								113.920077,
								22.841632
							],
							[
								113.920359,
								22.841638
							],
							[
								113.920785,
								22.841886
							],
							[
								113.921008,
								22.842229
							],
							[
								113.922062,
								22.84309
							],
							[
								113.922256,
								22.843412
							],
							[
								113.923237,
								22.84346
							],
							[
								113.923838,
								22.843346
							],
							[
								113.924199,
								22.842944
							],
							[
								113.924537,
								22.842826
							],
							[
								113.925379,
								22.842976
							],
							[
								113.925997,
								22.843441
							],
							[
								113.926269,
								22.843526
							],
							[
								113.926819,
								22.843341
							],
							[
								113.92846,
								22.843125
							],
							[
								113.929447,
								22.842418
							],
							[
								113.929822,
								22.842298
							],
							[
								113.930159,
								22.84203
							],
							[
								113.931815,
								22.84218
							],
							[
								113.933283,
								22.841913
							],
							[
								113.934772,
								22.84115
							],
							[
								113.934851,
								22.840808
							],
							[
								113.934773,
								22.84073
							],
							[
								113.933038,
								22.841272
							],
							[
								113.932197,
								22.84161
							],
							[
								113.931776,
								22.841779
							],
							[
								113.930349,
								22.841777
							],
							[
								113.929997,
								22.841586
							],
							[
								113.929801,
								22.841583
							],
							[
								113.929265,
								22.841999
							],
							[
								113.928222,
								22.842604
							],
							[
								113.92756,
								22.842746
							],
							[
								113.927304,
								22.842705
							],
							[
								113.926456,
								22.842189
							],
							[
								113.925524,
								22.841895
							],
							[
								113.925252,
								22.841689
							],
							[
								113.923556,
								22.842389
							],
							[
								113.922746,
								22.842444
							],
							[
								113.922414,
								22.842339
							],
							[
								113.920664,
								22.841202
							],
							[
								113.92021,
								22.841081
							],
							[
								113.919296,
								22.841016
							],
							[
								113.919142,
								22.840929
							],
							[
								113.918946,
								22.840528
							],
							[
								113.919036,
								22.840184
							],
							[
								113.919808,
								22.83998
							],
							[
								113.920426,
								22.839961
							],
							[
								113.920591,
								22.839883
							],
							[
								113.920551,
								22.839751
							],
							[
								113.919486,
								22.839785
							],
							[
								113.917852,
								22.84011
							],
							[
								113.917651,
								22.839475
							],
							[
								113.917784,
								22.838773
							],
							[
								113.917882,
								22.837971
							],
							[
								113.918532,
								22.837083
							],
							[
								113.918771,
								22.83702
							],
							[
								113.920107,
								22.836221
							],
							[
								113.922189,
								22.835737
							],
							[
								113.922467,
								22.835777
							],
							[
								113.922987,
								22.83478
							],
							[
								113.922854,
								22.834642
							],
							[
								113.922557,
								22.834652
							],
							[
								113.921829,
								22.835114
							],
							[
								113.921421,
								22.83522
							],
							[
								113.919657,
								22.834579
							],
							[
								113.919414,
								22.83464
							],
							[
								113.919276,
								22.8348
							],
							[
								113.919739,
								22.835225
							],
							[
								113.920004,
								22.835733
							],
							[
								113.918096,
								22.836455
							],
							[
								113.917718,
								22.837355
							],
							[
								113.916643,
								22.838195
							],
							[
								113.916351,
								22.838237
							],
							[
								113.916045,
								22.83815
							],
							[
								113.915354,
								22.837566
							],
							[
								113.914928,
								22.837403
							],
							[
								113.913544,
								22.837175
							],
							[
								113.912964,
								22.837327
							],
							[
								113.912024,
								22.837897
							],
							[
								113.911749,
								22.838516
							],
							[
								113.911439,
								22.838763
							],
							[
								113.909968,
								22.838426
							],
							[
								113.908372,
								22.837889
							],
							[
								113.907929,
								22.837971
							],
							[
								113.906985,
								22.838508
							],
							[
								113.906574,
								22.838567
							],
							[
								113.906367,
								22.838456
							],
							[
								113.90616,
								22.83804
							],
							[
								113.906026,
								22.83802
							],
							[
								113.904138,
								22.83976
							],
							[
								113.903951,
								22.840138
							],
							[
								113.902391,
								22.84021
							],
							[
								113.902239,
								22.838368
							],
							[
								113.909838,
								22.832846
							],
							[
								113.909798,
								22.832956
							],
							[
								113.909742,
								22.833051
							],
							[
								113.909685,
								22.833113
							],
							[
								113.909533,
								22.833173
							],
							[
								113.908514,
								22.833246
							],
							[
								113.903362,
								22.83273
							],
							[
								113.902941,
								22.832645
							],
							[
								113.902042,
								22.832346
							],
							[
								113.901903,
								22.83229
							],
							[
								113.90177,
								22.832188
							],
							[
								113.901107,
								22.831683
							],
							[
								113.896401,
								22.831888
							],
							[
								113.895874,
								22.831686
							],
							[
								113.895434,
								22.831493
							],
							[
								113.895108,
								22.831383
							],
							[
								113.894983,
								22.831263
							],
							[
								113.894896,
								22.831218
							],
							[
								113.894733,
								22.831167
							],
							[
								113.894516,
								22.831121
							],
							[
								113.89421,
								22.831041
							],
							[
								113.894055,
								22.83099
							],
							[
								113.893995,
								22.830969
							],
							[
								113.893919,
								22.830952
							],
							[
								113.893877,
								22.830919
							],
							[
								113.892964,
								22.829946
							],
							[
								113.893116,
								22.829397
							],
							[
								113.893292,
								22.829097
							],
							[
								113.893021,
								22.828751
							],
							[
								113.892811,
								22.828303
							],
							[
								113.892679,
								22.828136
							],
							[
								113.892449,
								22.827956
							],
							[
								113.892193,
								22.827587
							],
							[
								113.89184,
								22.82703
							],
							[
								113.891721,
								22.826674
							],
							[
								113.891658,
								22.82594
							],
							[
								113.891502,
								22.825891
							],
							[
								113.891206,
								22.825003
							],
							[
								113.890816,
								22.824637
							],
							[
								113.890778,
								22.824537
							],
							[
								113.890893,
								22.823966
							],
							[
								113.890884,
								22.823497
							],
							[
								113.891174,
								22.823116
							],
							[
								113.891008,
								22.822747
							],
							[
								113.890966,
								22.822442
							],
							[
								113.890707,
								22.822277
							],
							[
								113.890478,
								22.822201
							],
							[
								113.890296,
								22.82223
							],
							[
								113.890198,
								22.822245
							],
							[
								113.889938,
								22.823087
							],
							[
								113.8899,
								22.823139
							],
							[
								113.889885,
								22.82316
							],
							[
								113.889845,
								22.823207
							],
							[
								113.889807,
								22.823249
							],
							[
								113.889788,
								22.823265
							],
							[
								113.889814,
								22.823484
							],
							[
								113.889833,
								22.823546
							],
							[
								113.889789,
								22.823563
							],
							[
								113.889701,
								22.823564
							],
							[
								113.889662,
								22.82354
							],
							[
								113.889605,
								22.823483
							],
							[
								113.889586,
								22.823453
							],
							[
								113.889531,
								22.823327
							],
							[
								113.889506,
								22.823239
							],
							[
								113.889483,
								22.823187
							],
							[
								113.886415,
								22.823183
							],
							[
								113.886356,
								22.823131
							],
							[
								113.886246,
								22.82307
							],
							[
								113.886159,
								22.82303
							],
							[
								113.885772,
								22.822923
							],
							[
								113.885627,
								22.823368
							],
							[
								113.885293,
								22.824396
							],
							[
								113.885174,
								22.824762
							],
							[
								113.88495,
								22.825451
							],
							[
								113.88484,
								22.824838
							],
							[
								113.884857,
								22.824833
							],
							[
								113.884902,
								22.824818
							],
							[
								113.885101,
								22.824599
							],
							[
								113.885031,
								22.824472
							],
							[
								113.878742,
								22.806492
							],
							[
								113.878699,
								22.806273
							],
							[
								113.878702,
								22.806216
							],
							[
								113.878711,
								22.806049
							],
							[
								113.878571,
								22.805544
							],
							[
								113.87858,
								22.80542
							],
							[
								113.878616,
								22.805395
							],
							[
								113.87847,
								22.805125
							],
							[
								113.878442,
								22.804983
							],
							[
								113.878502,
								22.804932
							],
							[
								113.878451,
								22.804635
							],
							[
								113.878303,
								22.80434
							],
							[
								113.878024,
								22.804038
							],
							[
								113.866367,
								22.795747
							],
							[
								113.861174,
								22.793512
							],
							[
								113.861135,
								22.793503
							],
							[
								113.859753,
								22.7935
							],
							[
								113.859779,
								22.793258
							],
							[
								113.856876,
								22.791274
							],
							[
								113.856823,
								22.79128
							],
							[
								113.85672,
								22.791298
							],
							[
								113.856689,
								22.791306
							],
							[
								113.856634,
								22.791318
							],
							[
								113.856576,
								22.791319
							],
							[
								113.856522,
								22.791314
							],
							[
								113.8565,
								22.791311
							],
							[
								113.856476,
								22.791309
							],
							[
								113.85642,
								22.791311
							],
							[
								113.856399,
								22.791308
							],
							[
								113.856346,
								22.791316
							],
							[
								113.856275,
								22.791331
							],
							[
								113.856213,
								22.791346
							],
							[
								113.856187,
								22.79135
							],
							[
								113.854141,
								22.789575
							],
							[
								113.854134,
								22.789323
							],
							[
								113.854148,
								22.789256
							],
							[
								113.854149,
								22.789132
							],
							[
								113.854197,
								22.788713
							],
							[
								113.854209,
								22.788565
							],
							[
								113.854259,
								22.787693
							],
							[
								113.85463,
								22.785029
							],
							[
								113.855873,
								22.782436
							],
							[
								113.855916,
								22.782358
							],
							[
								113.855963,
								22.782272
							],
							[
								113.856074,
								22.782043
							],
							[
								113.856085,
								22.782005
							],
							[
								113.856031,
								22.781924
							],
							[
								113.856184,
								22.781711
							],
							[
								113.856193,
								22.781699
							],
							[
								113.856302,
								22.78177
							],
							[
								113.856331,
								22.781729
							],
							[
								113.85642,
								22.781766
							],
							[
								113.85653,
								22.781813
							],
							[
								113.856806,
								22.781399
							],
							[
								113.856846,
								22.781375
							],
							[
								113.856904,
								22.781392
							],
							[
								113.857275,
								22.7815
							],
							[
								113.857407,
								22.781501
							],
							[
								113.857612,
								22.781557
							],
							[
								113.858154,
								22.781652
							],
							[
								113.857441,
								22.780981
							],
							[
								113.857434,
								22.780976
							],
							[
								113.856997,
								22.780657
							],
							[
								113.85692,
								22.780529
							],
							[
								113.856848,
								22.780387
							],
							[
								113.856813,
								22.780336
							],
							[
								113.856793,
								22.780311
							],
							[
								113.856774,
								22.780287
							],
							[
								113.856704,
								22.780196
							],
							[
								113.856676,
								22.780163
							],
							[
								113.856652,
								22.780132
							],
							[
								113.856605,
								22.780072
							],
							[
								113.856524,
								22.779968
							],
							[
								113.856438,
								22.779859
							],
							[
								113.856979,
								22.775827
							],
							[
								113.857227,
								22.775826
							],
							[
								113.857693,
								22.77581
							],
							[
								113.858002,
								22.775797
							],
							[
								113.858306,
								22.775798
							],
							[
								113.858943,
								22.775778
							],
							[
								113.85831,
								22.774796
							],
							[
								113.858297,
								22.774717
							],
							[
								113.858346,
								22.774446
							],
							[
								113.858417,
								22.774397
							],
							[
								113.8585,
								22.774346
							],
							[
								113.858574,
								22.774303
							],
							[
								113.858658,
								22.774244
							],
							[
								113.858771,
								22.774114
							],
							[
								113.85889,
								22.773958
							],
							[
								113.864731,
								22.767893
							],
							[
								113.864755,
								22.767895
							],
							[
								113.864762,
								22.767897
							],
							[
								113.864783,
								22.767903
							],
							[
								113.864835,
								22.767907
							],
							[
								113.86484,
								22.767907
							],
							[
								113.864914,
								22.76746
							],
							[
								113.873579,
								22.758818
							],
							[
								113.87325,
								22.758909
							],
							[
								113.87307,
								22.758489
							],
							[
								113.873031,
								22.758395
							],
							[
								113.873008,
								22.758343
							],
							[
								113.872937,
								22.75818
							],
							[
								113.872862,
								22.758005
							],
							[
								113.872722,
								22.757681
							],
							[
								113.872593,
								22.757378
							],
							[
								113.872584,
								22.757357
							],
							[
								113.874773,
								22.752924
							],
							[
								113.874791,
								22.752912
							],
							[
								113.874807,
								22.752901
							],
							[
								113.874855,
								22.752868
							],
							[
								113.874928,
								22.752826
							],
							[
								113.874953,
								22.752813
							],
							[
								113.874979,
								22.7528
							],
							[
								113.875,
								22.752788
							],
							[
								113.874995,
								22.752777
							],
							[
								113.874984,
								22.752742
							],
							[
								113.874979,
								22.752727
							],
							[
								113.874967,
								22.752692
							],
							[
								113.874959,
								22.752672
							],
							[
								113.87494,
								22.752617
							],
							[
								113.877678,
								22.738068
							],
							[
								113.877877,
								22.737837
							],
							[
								113.875678,
								22.723245
							],
							[
								113.875706,
								22.723211
							],
							[
								113.872126,
								22.717493
							],
							[
								113.872047,
								22.717465
							],
							[
								113.871937,
								22.717433
							],
							[
								113.871868,
								22.71741
							],
							[
								113.872435,
								22.714181
							],
							[
								113.872384,
								22.71413
							],
							[
								113.872253,
								22.714005
							],
							[
								113.872164,
								22.713854
							],
							[
								113.872067,
								22.713653
							],
							[
								113.872046,
								22.71361
							],
							[
								113.872009,
								22.713545
							],
							[
								113.871961,
								22.713467
							],
							[
								113.871303,
								22.712602
							],
							[
								113.874346,
								22.703907
							],
							[
								113.874335,
								22.703905
							],
							[
								113.872955,
								22.704107
							],
							[
								113.873195,
								22.702584
							],
							[
								113.872977,
								22.697706
							],
							[
								113.87284,
								22.697536
							],
							[
								113.872708,
								22.697464
							],
							[
								113.872598,
								22.697426
							],
							[
								113.87243,
								22.697383
							],
							[
								113.872281,
								22.69735
							],
							[
								113.872186,
								22.697322
							],
							[
								113.872072,
								22.697288
							],
							[
								113.871915,
								22.697237
							],
							[
								113.871725,
								22.697189
							],
							[
								113.871683,
								22.697176
							],
							[
								113.87164,
								22.697157
							],
							[
								113.871557,
								22.697111
							],
							[
								113.871407,
								22.697011
							],
							[
								113.871382,
								22.696979
							],
							[
								113.871283,
								22.696734
							],
							[
								113.871257,
								22.696674
							],
							[
								113.871198,
								22.696585
							],
							[
								113.871016,
								22.696216
							],
							[
								113.870975,
								22.696132
							],
							[
								113.874651,
								22.690985
							],
							[
								113.874694,
								22.690955
							],
							[
								113.874717,
								22.69093
							],
							[
								113.874774,
								22.690884
							],
							[
								113.8748,
								22.69085
							],
							[
								113.874874,
								22.690778
							],
							[
								113.874859,
								22.690659
							],
							[
								113.87483,
								22.690531
							],
							[
								113.874894,
								22.690416
							],
							[
								113.874923,
								22.690349
							],
							[
								113.874933,
								22.689945
							],
							[
								113.87505,
								22.689631
							],
							[
								113.875255,
								22.688985
							],
							[
								113.875524,
								22.689461
							],
							[
								113.875601,
								22.689518
							],
							[
								113.875809,
								22.689651
							],
							[
								113.875967,
								22.689751
							],
							[
								113.87609,
								22.689833
							],
							[
								113.87624,
								22.68998
							],
							[
								113.876306,
								22.690071
							],
							[
								113.876601,
								22.690373
							],
							[
								113.876887,
								22.690633
							],
							[
								113.876924,
								22.690646
							],
							[
								113.877039,
								22.690653
							],
							[
								113.878456,
								22.691665
							],
							[
								113.879165,
								22.6931
							],
							[
								113.880608,
								22.692838
							],
							[
								113.881097,
								22.692749
							],
							[
								113.881596,
								22.692668
							],
							[
								113.881905,
								22.692617
							],
							[
								113.88284,
								22.692465
							],
							[
								113.883442,
								22.692367
							],
							[
								113.883492,
								22.692361
							],
							[
								113.883519,
								22.692358
							],
							[
								113.884176,
								22.692284
							],
							[
								113.884375,
								22.692261
							],
							[
								113.885181,
								22.69217
							],
							[
								113.885813,
								22.691732
							],
							[
								113.886472,
								22.691275
							],
							[
								113.886734,
								22.691158
							],
							[
								113.886826,
								22.691162
							],
							[
								113.887057,
								22.691173
							],
							[
								113.887133,
								22.691176
							],
							[
								113.8875,
								22.691192
							],
							[
								113.889984,
								22.692019
							],
							[
								113.890081,
								22.692123
							],
							[
								113.890405,
								22.692472
							],
							[
								113.891254,
								22.693383
							],
							[
								113.891378,
								22.693485
							],
							[
								113.891585,
								22.693654
							],
							[
								113.891637,
								22.693696
							],
							[
								113.892731,
								22.69475
							],
							[
								113.892659,
								22.695232
							],
							[
								113.892502,
								22.696268
							],
							[
								113.892496,
								22.696302
							],
							[
								113.892464,
								22.696466
							],
							[
								113.900024,
								22.694339
							],
							[
								113.900206,
								22.694345
							],
							[
								113.900219,
								22.694462
							],
							[
								113.900171,
								22.694543
							],
							[
								113.900092,
								22.694676
							],
							[
								113.899632,
								22.695453
							],
							[
								113.899597,
								22.695511
							],
							[
								113.899179,
								22.696245
							],
							[
								113.899027,
								22.696519
							],
							[
								113.909244,
								22.711821
							],
							[
								113.909395,
								22.712176
							],
							[
								113.909417,
								22.71221
							],
							[
								113.909576,
								22.712369
							],
							[
								113.909686,
								22.712351
							],
							[
								113.909743,
								22.712347
							],
							[
								113.909845,
								22.712363
							],
							[
								113.910642,
								22.712731
							],
							[
								113.910882,
								22.712874
							],
							[
								113.911053,
								22.712972
							],
							[
								113.911447,
								22.713169
							],
							[
								113.911847,
								22.71331
							],
							[
								113.911958,
								22.712843
							],
							[
								113.91211,
								22.712636
							],
							[
								113.912745,
								22.712426
							],
							[
								113.913754,
								22.712436
							],
							[
								113.913803,
								22.712469
							],
							[
								113.918491,
								22.712396
							],
							[
								113.91853,
								22.712393
							],
							[
								113.918685,
								22.712363
							],
							[
								113.920517,
								22.7126
							],
							[
								113.92059,
								22.712619
							],
							[
								113.920741,
								22.712588
							],
							[
								113.920907,
								22.712455
							],
							[
								113.921092,
								22.712267
							],
							[
								113.921299,
								22.712102
							],
							[
								113.921435,
								22.712044
							],
							[
								113.930712,
								22.70943
							],
							[
								113.930753,
								22.709344
							],
							[
								113.930776,
								22.709241
							],
							[
								113.931953,
								22.707261
							],
							[
								113.932245,
								22.707142
							],
							[
								113.932461,
								22.706851
							],
							[
								113.932586,
								22.706761
							],
							[
								113.932729,
								22.706704
							],
							[
								113.932841,
								22.706621
							],
							[
								113.933911,
								22.705984
							],
							[
								113.933984,
								22.706029
							],
							[
								113.934027,
								22.706044
							],
							[
								113.93422,
								22.706108
							],
							[
								113.934296,
								22.706148
							],
							[
								113.934405,
								22.70624
							],
							[
								113.936029,
								22.711659
							],
							[
								113.94668,
								22.717351
							],
							[
								113.947589,
								22.719124
							],
							[
								113.949302,
								22.717075
							],
							[
								113.95048,
								22.718088
							],
							[
								113.95264,
								22.716132
							],
							[
								113.95964,
								22.714132
							],
							[
								113.969048,
								22.711754
							]
						]
					]
				]
			}
		}
	]
}