{
	"type": "FeatureCollection",
	"features": [
		{
			"type": "Feature",
			"id": "440343",
			"properties": {
				"name": "大鹏新区",
				"cp": [
					114.488235,
					22.611232
				],
				"childNum": 1
			},
			"geometry": {
				"type": "MultiPolygon",
				"coordinates": [
					[
						[
							[
								114.339292,
								22.623357
							],
							[
								114.339406,
								22.623397
							],
							[
								114.339546,
								22.623634
							],
							[
								114.339632,
								22.623882
							],
							[
								114.339685,
								22.624288
							],
							[
								114.339803,
								22.624476
							],
							[
								114.339793,
								22.624981
							],
							[
								114.3399,
								22.625447
							],
							[
								114.3402,
								22.625833
							],
							[
								114.340436,
								22.625882
							],
							[
								114.340715,
								22.625793
							],
							[
								114.340994,
								22.625872
							],
							[
								114.341359,
								22.626051
							],
							[
								114.341938,
								22.626348
							],
							[
								114.342411,
								22.626605
							],
							[
								114.343183,
								22.626595
							],
							[
								114.343312,
								22.626595
							],
							[
								114.34343,
								22.626684
							],
							[
								114.34343,
								22.626813
							],
							[
								114.343612,
								22.627417
							],
							[
								114.343494,
								22.628091
							],
							[
								114.343644,
								22.628308
							],
							[
								114.343762,
								22.628388
							],
							[
								114.344406,
								22.628417
							],
							[
								114.344749,
								22.628586
							],
							[
								114.344867,
								22.628725
							],
							[
								114.344943,
								22.628903
							],
							[
								114.344964,
								22.629151
							],
							[
								114.344824,
								22.629369
							],
							[
								114.344706,
								22.630299
							],
							[
								114.344331,
								22.630894
							],
							[
								114.344331,
								22.63128
							],
							[
								114.344406,
								22.631329
							],
							[
								114.344556,
								22.63128
							],
							[
								114.345436,
								22.63128
							],
							[
								114.345683,
								22.631339
							],
							[
								114.346101,
								22.631696
							],
							[
								114.347657,
								22.630795
							],
							[
								114.349256,
								22.63121
							],
							[
								114.350854,
								22.631448
							],
							[
								114.350961,
								22.631408
							],
							[
								114.351144,
								22.630963
							],
							[
								114.351401,
								22.629755
							],
							[
								114.351712,
								22.629269
							],
							[
								114.351809,
								22.629022
							],
							[
								114.351798,
								22.628507
							],
							[
								114.352066,
								22.626962
							],
							[
								114.352765,
								22.626574
							],
							[
								114.35417,
								22.626257
							],
							[
								114.354385,
								22.627238
							],
							[
								114.35461,
								22.627337
							],
							[
								114.354728,
								22.627258
							],
							[
								114.355082,
								22.626713
							],
							[
								114.355029,
								22.626366
							],
							[
								114.356101,
								22.625465
							],
							[
								114.356134,
								22.625366
							],
							[
								114.356134,
								22.624622
							],
							[
								114.356198,
								22.624574
							],
							[
								114.356316,
								22.624584
							],
							[
								114.356917,
								22.625227
							],
							[
								114.357528,
								22.62495
							],
							[
								114.357625,
								22.624654
							],
							[
								114.357582,
								22.624218
							],
							[
								114.358387,
								22.623911
							],
							[
								114.359213,
								22.623941
							],
							[
								114.359556,
								22.623862
							],
							[
								114.359771,
								22.623733
							],
							[
								114.36005,
								22.623396
							],
							[
								114.360951,
								22.622664
							],
							[
								114.361777,
								22.623347
							],
							[
								114.36196,
								22.623367
							],
							[
								114.362271,
								22.622961
							],
							[
								114.362485,
								22.622921
							],
							[
								114.362925,
								22.623307
							],
							[
								114.363934,
								22.622723
							],
							[
								114.364513,
								22.622337
							],
							[
								114.364942,
								22.622178
							],
							[
								114.365189,
								22.622178
							],
							[
								114.365607,
								22.622376
							],
							[
								114.366895,
								22.623476
							],
							[
								114.367013,
								22.624109
							],
							[
								114.367024,
								22.624792
							],
							[
								114.36667,
								22.625436
							],
							[
								114.366658,
								22.626011
							],
							[
								114.366765,
								22.626526
							],
							[
								114.366433,
								22.627109
							],
							[
								114.366476,
								22.627863
							],
							[
								114.36639,
								22.628981
							],
							[
								114.366529,
								22.629042
							],
							[
								114.36698,
								22.629091
							],
							[
								114.367216,
								22.629457
							],
							[
								114.367409,
								22.630735
							],
							[
								114.367388,
								22.631042
							],
							[
								114.367849,
								22.631765
							],
							[
								114.367688,
								22.632379
							],
							[
								114.367527,
								22.632735
							],
							[
								114.370993,
								22.631864
							],
							[
								114.371218,
								22.631933
							],
							[
								114.372033,
								22.632844
							],
							[
								114.372817,
								22.632864
							],
							[
								114.374201,
								22.632181
							],
							[
								114.374716,
								22.632141
							],
							[
								114.375359,
								22.632597
							],
							[
								114.375445,
								22.633082
							],
							[
								114.375134,
								22.633963
							],
							[
								114.375145,
								22.634488
							],
							[
								114.374984,
								22.634874
							],
							[
								114.374619,
								22.634924
							],
							[
								114.373374,
								22.63534
							],
							[
								114.373321,
								22.635439
							],
							[
								114.373684,
								22.636032
							],
							[
								114.374403,
								22.636735
							],
							[
								114.374779,
								22.637339
							],
							[
								114.375079,
								22.638032
							],
							[
								114.37509,
								22.638329
							],
							[
								114.375036,
								22.638468
							],
							[
								114.374864,
								22.638616
							],
							[
								114.373856,
								22.638893
							],
							[
								114.372268,
								22.638933
							],
							[
								114.372107,
								22.639022
							],
							[
								114.371313,
								22.640329
							],
							[
								114.371365,
								22.640596
							],
							[
								114.371322,
								22.640834
							],
							[
								114.371494,
								22.641032
							],
							[
								114.371934,
								22.641022
							],
							[
								114.372417,
								22.641497
							],
							[
								114.372664,
								22.642151
							],
							[
								114.373179,
								22.642369
							],
							[
								114.373297,
								22.642498
							],
							[
								114.373597,
								22.642567
							],
							[
								114.37379,
								22.642864
							],
							[
								114.374133,
								22.642983
							],
							[
								114.37452,
								22.643329
							],
							[
								114.374595,
								22.643448
							],
							[
								114.374895,
								22.643537
							],
							[
								114.3757,
								22.644488
							],
							[
								114.376118,
								22.644557
							],
							[
								114.376644,
								22.644131
							],
							[
								114.376923,
								22.643973
							],
							[
								114.377717,
								22.642942
							],
							[
								114.378125,
								22.64221
							],
							[
								114.378275,
								22.641309
							],
							[
								114.379036,
								22.640695
							],
							[
								114.379519,
								22.640567
							],
							[
								114.379722,
								22.640438
							],
							[
								114.379895,
								22.64019
							],
							[
								114.380893,
								22.63921
							],
							[
								114.380957,
								22.639042
							],
							[
								114.380881,
								22.638566
							],
							[
								114.38101,
								22.63809
							],
							[
								114.381471,
								22.637883
							],
							[
								114.381933,
								22.637902
							],
							[
								114.382093,
								22.638031
							],
							[
								114.382587,
								22.638219
							],
							[
								114.382898,
								22.63815
							],
							[
								114.383284,
								22.637982
							],
							[
								114.383789,
								22.637566
							],
							[
								114.384497,
								22.637585
							],
							[
								114.384883,
								22.637447
							],
							[
								114.385173,
								22.637229
							],
							[
								114.385387,
								22.637189
							],
							[
								114.386052,
								22.637724
							],
							[
								114.386718,
								22.637685
							],
							[
								114.386986,
								22.637496
							],
							[
								114.387597,
								22.636932
							],
							[
								114.388702,
								22.636447
							],
							[
								114.388906,
								22.636476
							],
							[
								114.389271,
								22.636704
							],
							[
								114.389668,
								22.636615
							],
							[
								114.389861,
								22.636813
							],
							[
								114.389968,
								22.637021
							],
							[
								114.389968,
								22.637209
							],
							[
								114.389797,
								22.637496
							],
							[
								114.389818,
								22.638061
							],
							[
								114.389636,
								22.638784
							],
							[
								114.389604,
								22.639269
							],
							[
								114.389292,
								22.640077
							],
							[
								114.38969,
								22.641507
							],
							[
								114.389722,
								22.642091
							],
							[
								114.389861,
								22.64219
							],
							[
								114.390376,
								22.642299
							],
							[
								114.390988,
								22.642566
							],
							[
								114.39146,
								22.642546
							],
							[
								114.392157,
								22.642477
							],
							[
								114.392672,
								22.642725
							],
							[
								114.393563,
								22.643051
							],
							[
								114.394099,
								22.643032
							],
							[
								114.394314,
								22.643081
							],
							[
								114.395494,
								22.643704
							],
							[
								114.395785,
								22.643902
							],
							[
								114.396171,
								22.644497
							],
							[
								114.396675,
								22.644814
							],
							[
								114.396804,
								22.645181
							],
							[
								114.397265,
								22.645468
							],
							[
								114.397716,
								22.645507
							],
							[
								114.398359,
								22.645854
							],
							[
								114.398928,
								22.645913
							],
							[
								114.399851,
								22.646438
							],
							[
								114.40014,
								22.646507
							],
							[
								114.400226,
								22.646587
							],
							[
								114.400602,
								22.646755
							],
							[
								114.401181,
								22.646706
							],
							[
								114.401825,
								22.646814
							],
							[
								114.402104,
								22.646696
							],
							[
								114.402372,
								22.646805
							],
							[
								114.402662,
								22.646785
							],
							[
								114.402941,
								22.646992
							],
							[
								114.403241,
								22.647072
							],
							[
								114.403488,
								22.64727
							],
							[
								114.403509,
								22.647567
							],
							[
								114.403648,
								22.647904
							],
							[
								114.404174,
								22.647864
							],
							[
								114.40427,
								22.647943
							],
							[
								114.404206,
								22.648329
							],
							[
								114.404614,
								22.648754
							],
							[
								114.404828,
								22.648755
							],
							[
								114.404936,
								22.648716
							],
							[
								114.405492,
								22.648993
							],
							[
								114.405815,
								22.648874
							],
							[
								114.406116,
								22.648953
							],
							[
								114.406438,
								22.649201
							],
							[
								114.406706,
								22.649181
							],
							[
								114.407156,
								22.648825
							],
							[
								114.407478,
								22.648488
							],
							[
								114.407789,
								22.648389
							],
							[
								114.407865,
								22.648468
							],
							[
								114.408852,
								22.648627
							],
							[
								114.408895,
								22.648726
							],
							[
								114.408841,
								22.648785
							],
							[
								114.409066,
								22.649122
							],
							[
								114.410293,
								22.649718
							],
							[
								114.408451,
								22.651392
							],
							[
								114.407568,
								22.652174
							],
							[
								114.407635,
								22.652166
							],
							[
								114.408018,
								22.65235
							],
							[
								114.408258,
								22.652639
							],
							[
								114.409229,
								22.652387
							],
							[
								114.41074,
								22.650528
							],
							[
								114.410976,
								22.651082
							],
							[
								114.411577,
								22.651745
							],
							[
								114.412209,
								22.652052
							],
							[
								114.412274,
								22.652152
							],
							[
								114.412242,
								22.6523
							],
							[
								114.412091,
								22.652518
							],
							[
								114.412134,
								22.653488
							],
							[
								114.41295,
								22.654072
							],
							[
								114.413089,
								22.65427
							],
							[
								114.413862,
								22.65435
							],
							[
								114.414119,
								22.654102
							],
							[
								114.41487,
								22.654171
							],
							[
								114.415074,
								22.654072
							],
							[
								114.416222,
								22.653854
							],
							[
								114.416587,
								22.653973
							],
							[
								114.417724,
								22.653566
							],
							[
								114.418184,
								22.653607
							],
							[
								114.418647,
								22.652973
							],
							[
								114.418797,
								22.652954
							],
							[
								114.418894,
								22.653053
							],
							[
								114.419848,
								22.654597
							],
							[
								114.420063,
								22.654726
							],
							[
								114.420825,
								22.654498
							],
							[
								114.420975,
								22.654577
							],
							[
								114.421124,
								22.654775
							],
							[
								114.421007,
								22.655053
							],
							[
								114.420943,
								22.655341
							],
							[
								114.420857,
								22.655539
							],
							[
								114.420942,
								22.655737
							],
							[
								114.421222,
								22.655885
							],
							[
								114.421372,
								22.656063
							],
							[
								114.422059,
								22.656529
							],
							[
								114.422992,
								22.656826
							],
							[
								114.423485,
								22.656806
							],
							[
								114.423947,
								22.656875
							],
							[
								114.424247,
								22.656984
							],
							[
								114.424751,
								22.656885
							],
							[
								114.424945,
								22.656994
							],
							[
								114.425094,
								22.657252
							],
							[
								114.426822,
								22.658281
							],
							[
								114.427133,
								22.659399
							],
							[
								114.427734,
								22.659558
							],
							[
								114.428582,
								22.660311
							],
							[
								114.428936,
								22.660984
							],
							[
								114.429247,
								22.661241
							],
							[
								114.429623,
								22.661439
							],
							[
								114.430729,
								22.66242
							],
							[
								114.43077,
								22.662308
							],
							[
								114.430806,
								22.662229
							],
							[
								114.430874,
								22.662122
							],
							[
								114.430934,
								22.662015
							],
							[
								114.430974,
								22.661902
							],
							[
								114.43101,
								22.661826
							],
							[
								114.431043,
								22.661777
							],
							[
								114.431136,
								22.661686
							],
							[
								114.431204,
								22.661622
							],
							[
								114.431273,
								22.661548
							],
							[
								114.431377,
								22.661448
							],
							[
								114.431446,
								22.661391
							],
							[
								114.431499,
								22.661351
							],
							[
								114.431567,
								22.661313
							],
							[
								114.431619,
								22.661274
							],
							[
								114.431716,
								22.661189
							],
							[
								114.431785,
								22.661127
							],
							[
								114.431867,
								22.661027
							],
							[
								114.431915,
								22.660964
							],
							[
								114.431946,
								22.660931
							],
							[
								114.431988,
								22.660916
							],
							[
								114.432079,
								22.660917
							],
							[
								114.43213,
								22.66092
							],
							[
								114.432209,
								22.660938
							],
							[
								114.432279,
								22.660974
							],
							[
								114.432369,
								22.661034
							],
							[
								114.432441,
								22.66111
							],
							[
								114.432513,
								22.661174
							],
							[
								114.432606,
								22.66123
							],
							[
								114.432723,
								22.661292
							],
							[
								114.432798,
								22.66133
							],
							[
								114.433874,
								22.661734
							],
							[
								114.43395,
								22.661756
							],
							[
								114.434016,
								22.661776
							],
							[
								114.434091,
								22.66178
							],
							[
								114.434162,
								22.661772
							],
							[
								114.434244,
								22.661769
							],
							[
								114.434326,
								22.661756
							],
							[
								114.434408,
								22.661737
							],
							[
								114.434479,
								22.661729
							],
							[
								114.434549,
								22.66171
							],
							[
								114.434621,
								22.661678
							],
							[
								114.434699,
								22.661665
							],
							[
								114.434789,
								22.661657
							],
							[
								114.434884,
								22.661659
							],
							[
								114.434976,
								22.661662
							],
							[
								114.435103,
								22.661662
							],
							[
								114.435231,
								22.661666
							],
							[
								114.435314,
								22.661667
							],
							[
								114.435404,
								22.661678
							],
							[
								114.435483,
								22.66169
							],
							[
								114.43557,
								22.661712
							],
							[
								114.435662,
								22.661745
							],
							[
								114.435748,
								22.661796
							],
							[
								114.435839,
								22.661853
							],
							[
								114.435939,
								22.661914
							],
							[
								114.436092,
								22.662026
							],
							[
								114.436223,
								22.662119
							],
							[
								114.43634,
								22.662222
							],
							[
								114.436486,
								22.662337
							],
							[
								114.436576,
								22.662412
							],
							[
								114.436666,
								22.662482
							],
							[
								114.436784,
								22.662544
							],
							[
								114.436862,
								22.662563
							],
							[
								114.438563,
								22.663008
							],
							[
								114.438655,
								22.663043
							],
							[
								114.438752,
								22.663054
							],
							[
								114.440092,
								22.66334
							],
							[
								114.440197,
								22.663355
							],
							[
								114.440333,
								22.663364
							],
							[
								114.440416,
								22.663371
							],
							[
								114.440509,
								22.663391
							],
							[
								114.440625,
								22.66342
							],
							[
								114.440776,
								22.663438
							],
							[
								114.440879,
								22.663451
							],
							[
								114.440976,
								22.663468
							],
							[
								114.441101,
								22.663485
							],
							[
								114.441212,
								22.663498
							],
							[
								114.441342,
								22.663505
							],
							[
								114.441477,
								22.663511
							],
							[
								114.441621,
								22.663508
							],
							[
								114.441742,
								22.663513
							],
							[
								114.441884,
								22.66351
							],
							[
								114.442084,
								22.663524
							],
							[
								114.44226,
								22.663536
							],
							[
								114.442376,
								22.663542
							],
							[
								114.442465,
								22.663552
							],
							[
								114.442544,
								22.663562
							],
							[
								114.442648,
								22.663589
							],
							[
								114.442732,
								22.663608
							],
							[
								114.442801,
								22.663634
							],
							[
								114.442868,
								22.663678
							],
							[
								114.442923,
								22.663739
							],
							[
								114.442983,
								22.663819
							],
							[
								114.443008,
								22.663854
							],
							[
								114.443061,
								22.66392
							],
							[
								114.443104,
								22.66399
							],
							[
								114.443124,
								22.664028
							],
							[
								114.443136,
								22.664049
							],
							[
								114.446432,
								22.664871
							],
							[
								114.44749,
								22.665218
							],
							[
								114.448609,
								22.665326
							],
							[
								114.44973,
								22.665311
							],
							[
								114.450446,
								22.666196
							],
							[
								114.450443,
								22.667572
							],
							[
								114.451246,
								22.668362
							],
							[
								114.451957,
								22.669218
							],
							[
								114.453043,
								22.669861
							],
							[
								114.453415,
								22.669963
							],
							[
								114.45633,
								22.669726
							],
							[
								114.458202,
								22.669113
							],
							[
								114.459445,
								22.668199
							],
							[
								114.460182,
								22.667789
							],
							[
								114.465322,
								22.667559
							],
							[
								114.466778,
								22.667642
							],
							[
								114.469139,
								22.667132
							],
							[
								114.469745,
								22.666788
							],
							[
								114.471514,
								22.666236
							],
							[
								114.471796,
								22.665949
							],
							[
								114.471954,
								22.665339
							],
							[
								114.472363,
								22.664601
							],
							[
								114.47328,
								22.664294
							],
							[
								114.473698,
								22.664023
							],
							[
								114.473789,
								22.663958
							],
							[
								114.473918,
								22.663833
							],
							[
								114.473954,
								22.663791
							],
							[
								114.473987,
								22.663767
							],
							[
								114.474014,
								22.663756
							],
							[
								114.47405,
								22.663731
							],
							[
								114.474102,
								22.663705
							],
							[
								114.475584,
								22.662969
							],
							[
								114.475715,
								22.662901
							],
							[
								114.475766,
								22.662879
							],
							[
								114.475814,
								22.662863
							],
							[
								114.475879,
								22.662848
							],
							[
								114.475952,
								22.662836
							],
							[
								114.476046,
								22.662828
							],
							[
								114.476224,
								22.662814
							],
							[
								114.476337,
								22.662809
							],
							[
								114.476402,
								22.662801
							],
							[
								114.476468,
								22.662793
							],
							[
								114.476547,
								22.662785
							],
							[
								114.476618,
								22.662774
							],
							[
								114.476679,
								22.66276
							],
							[
								114.476758,
								22.662736
							],
							[
								114.476811,
								22.662714
							],
							[
								114.476893,
								22.662686
							],
							[
								114.476972,
								22.662651
							],
							[
								114.477038,
								22.662624
							],
							[
								114.477095,
								22.662596
							],
							[
								114.477161,
								22.662552
							],
							[
								114.477251,
								22.662489
							],
							[
								114.477314,
								22.66245
							],
							[
								114.477361,
								22.662408
							],
							[
								114.477434,
								22.662334
							],
							[
								114.477497,
								22.662281
							],
							[
								114.477561,
								22.662221
							],
							[
								114.477621,
								22.662165
							],
							[
								114.477636,
								22.662138
							],
							[
								114.477665,
								22.662093
							],
							[
								114.477695,
								22.662055
							],
							[
								114.477742,
								22.662013
							],
							[
								114.4778,
								22.661958
							],
							[
								114.477853,
								22.661915
							],
							[
								114.477901,
								22.661878
							],
							[
								114.477948,
								22.661846
							],
							[
								114.47802,
								22.661818
							],
							[
								114.478074,
								22.661808
							],
							[
								114.478108,
								22.661801
							],
							[
								114.478132,
								22.661806
							],
							[
								114.478177,
								22.661825
							],
							[
								114.478251,
								22.661875
							],
							[
								114.479939,
								22.662778
							],
							[
								114.479981,
								22.662801
							],
							[
								114.480034,
								22.66284
							],
							[
								114.480097,
								22.662888
							],
							[
								114.480148,
								22.662936
							],
							[
								114.480169,
								22.662981
							],
							[
								114.480192,
								22.663061
							],
							[
								114.480202,
								22.663126
							],
							[
								114.480211,
								22.663271
							],
							[
								114.480229,
								22.663361
							],
							[
								114.480254,
								22.663443
							],
							[
								114.480279,
								22.663567
							],
							[
								114.480301,
								22.663662
							],
							[
								114.480315,
								22.66375
							],
							[
								114.480322,
								22.663773
							],
							[
								114.480333,
								22.663816
							],
							[
								114.480376,
								22.663966
							],
							[
								114.48039,
								22.664004
							],
							[
								114.480392,
								22.664011
							],
							[
								114.48054,
								22.664297
							],
							[
								114.48077,
								22.664481
							],
							[
								114.481065,
								22.664938
							],
							[
								114.481984,
								22.66815
							],
							[
								114.482078,
								22.668257
							],
							[
								114.483949,
								22.668229
							],
							[
								114.485491,
								22.668525
							],
							[
								114.487488,
								22.669153
							],
							[
								114.488141,
								22.669191
							],
							[
								114.489179,
								22.669076
							],
							[
								114.490384,
								22.669456
							],
							[
								114.49205,
								22.669812
							],
							[
								114.493368,
								22.669926
							],
							[
								114.493856,
								22.669878
							],
							[
								114.494294,
								22.669689
							],
							[
								114.495283,
								22.668836
							],
							[
								114.498404,
								22.669144
							],
							[
								114.500292,
								22.668926
							],
							[
								114.503954,
								22.668914
							],
							[
								114.504639,
								22.668781
							],
							[
								114.504648,
								22.668778
							],
							[
								114.504708,
								22.668759
							],
							[
								114.504773,
								22.668741
							],
							[
								114.504813,
								22.668729
							],
							[
								114.504884,
								22.668714
							],
							[
								114.504929,
								22.66871
							],
							[
								114.504964,
								22.668708
							],
							[
								114.505023,
								22.668691
							],
							[
								114.505836,
								22.668473
							],
							[
								114.505896,
								22.668447
							],
							[
								114.50596,
								22.668409
							],
							[
								114.506021,
								22.668367
							],
							[
								114.506075,
								22.66832
							],
							[
								114.506128,
								22.668267
							],
							[
								114.506161,
								22.668224
							],
							[
								114.506192,
								22.668189
							],
							[
								114.506235,
								22.668153
							],
							[
								114.506291,
								22.668109
							],
							[
								114.506329,
								22.668078
							],
							[
								114.506374,
								22.66804
							],
							[
								114.506432,
								22.667986
							],
							[
								114.506482,
								22.667946
							],
							[
								114.506516,
								22.667911
							],
							[
								114.506555,
								22.667875
							],
							[
								114.506599,
								22.667839
							],
							[
								114.506628,
								22.667815
							],
							[
								114.506653,
								22.667789
							],
							[
								114.506689,
								22.667759
							],
							[
								114.506721,
								22.667733
							],
							[
								114.506774,
								22.667702
							],
							[
								114.506814,
								22.667662
							],
							[
								114.506852,
								22.667626
							],
							[
								114.5069,
								22.667591
							],
							[
								114.50695,
								22.667553
							],
							[
								114.506993,
								22.667517
							],
							[
								114.507026,
								22.667488
							],
							[
								114.507088,
								22.667432
							],
							[
								114.507148,
								22.667379
							],
							[
								114.507204,
								22.667328
							],
							[
								114.507266,
								22.667272
							],
							[
								114.507312,
								22.667233
							],
							[
								114.507369,
								22.667188
							],
							[
								114.507409,
								22.667148
							],
							[
								114.507446,
								22.667101
							],
							[
								114.507481,
								22.667056
							],
							[
								114.507525,
								22.667001
							],
							[
								114.50757,
								22.666954
							],
							[
								114.507606,
								22.666927
							],
							[
								114.507675,
								22.666889
							],
							[
								114.507742,
								22.666848
							],
							[
								114.507814,
								22.666799
							],
							[
								114.507882,
								22.666759
							],
							[
								114.507946,
								22.666712
							],
							[
								114.50804,
								22.666646
							],
							[
								114.508106,
								22.666601
							],
							[
								114.508171,
								22.666555
							],
							[
								114.508245,
								22.666502
							],
							[
								114.508301,
								22.666455
							],
							[
								114.508386,
								22.6664
							],
							[
								114.508444,
								22.666351
							],
							[
								114.508523,
								22.666304
							],
							[
								114.50861,
								22.666254
							],
							[
								114.508679,
								22.666212
							],
							[
								114.508747,
								22.666172
							],
							[
								114.508807,
								22.666139
							],
							[
								114.508858,
								22.666101
							],
							[
								114.508935,
								22.666048
							],
							[
								114.508998,
								22.66601
							],
							[
								114.509059,
								22.665979
							],
							[
								114.509118,
								22.665947
							],
							[
								114.509205,
								22.6659
							],
							[
								114.509274,
								22.665876
							],
							[
								114.509328,
								22.665863
							],
							[
								114.509414,
								22.665856
							],
							[
								114.509469,
								22.665861
							],
							[
								114.509529,
								22.66587
							],
							[
								114.509584,
								22.665887
							],
							[
								114.509641,
								22.665903
							],
							[
								114.5097,
								22.665918
							],
							[
								114.509742,
								22.66593
							],
							[
								114.509826,
								22.665938
							],
							[
								114.50993,
								22.665932
							],
							[
								114.510023,
								22.665915
							],
							[
								114.510111,
								22.6659
							],
							[
								114.510185,
								22.665886
							],
							[
								114.510269,
								22.665864
							],
							[
								114.51034,
								22.665849
							],
							[
								114.510401,
								22.665836
							],
							[
								114.510508,
								22.665818
							],
							[
								114.510594,
								22.665791
							],
							[
								114.510657,
								22.665763
							],
							[
								114.510733,
								22.66573
							],
							[
								114.510792,
								22.665701
							],
							[
								114.510849,
								22.665668
							],
							[
								114.510901,
								22.665617
							],
							[
								114.510956,
								22.665568
							],
							[
								114.51101,
								22.665524
							],
							[
								114.511057,
								22.665481
							],
							[
								114.511108,
								22.665435
							],
							[
								114.511139,
								22.665392
							],
							[
								114.511175,
								22.665368
							],
							[
								114.511211,
								22.66535
							],
							[
								114.511268,
								22.665297
							],
							[
								114.511322,
								22.66525
							],
							[
								114.511368,
								22.665201
							],
							[
								114.511415,
								22.665127
							],
							[
								114.511463,
								22.665053
							],
							[
								114.511513,
								22.664995
							],
							[
								114.511539,
								22.664948
							],
							[
								114.511554,
								22.664871
							],
							[
								114.511622,
								22.664819
							],
							[
								114.511673,
								22.664787
							],
							[
								114.511703,
								22.664747
							],
							[
								114.511731,
								22.664709
							],
							[
								114.511763,
								22.664673
							],
							[
								114.511796,
								22.664622
							],
							[
								114.511834,
								22.664582
							],
							[
								114.511884,
								22.664517
							],
							[
								114.511915,
								22.664472
							],
							[
								114.511961,
								22.664401
							],
							[
								114.511989,
								22.66434
							],
							[
								114.51202,
								22.664275
							],
							[
								114.512043,
								22.664212
							],
							[
								114.512065,
								22.664147
							],
							[
								114.512091,
								22.664079
							],
							[
								114.512105,
								22.664028
							],
							[
								114.512115,
								22.663996
							],
							[
								114.512144,
								22.663936
							],
							[
								114.512178,
								22.663873
							],
							[
								114.514487,
								22.660748
							],
							[
								114.513527,
								22.659996
							],
							[
								114.512272,
								22.658573
							],
							[
								114.512186,
								22.658313
							],
							[
								114.511978,
								22.657693
							],
							[
								114.512229,
								22.656433
							],
							[
								114.513068,
								22.655719
							],
							[
								114.513985,
								22.655423
							],
							[
								114.515239,
								22.655502
							],
							[
								114.529791,
								22.657192
							],
							[
								114.545844,
								22.656228
							],
							[
								114.553211,
								22.656212
							],
							[
								114.565848,
								22.65774
							],
							[
								114.576819,
								22.660829
							],
							[
								114.580252,
								22.661496
							],
							[
								114.587458,
								22.660819
							],
							[
								114.593581,
								22.660145
							],
							[
								114.599108,
								22.658129
							],
							[
								114.602883,
								22.655277
							],
							[
								114.604644,
								22.651585
							],
							[
								114.605234,
								22.647138
							],
							[
								114.604644,
								22.643026
							],
							[
								114.603134,
								22.638748
							],
							[
								114.600538,
								22.634804
							],
							[
								114.595757,
								22.626375
							],
							[
								114.592989,
								22.621173
							],
							[
								114.589805,
								22.617064
							],
							[
								114.5867,
								22.612872
							],
							[
								114.583353,
								22.610357
							],
							[
								114.578072,
								22.60684
							],
							[
								114.572291,
								22.602692
							],
							[
								114.565255,
								22.59381
							],
							[
								114.561409,
								22.588113
							],
							[
								114.559061,
								22.583251
							],
							[
								114.558896,
								22.576372
							],
							[
								114.559736,
								22.573182
							],
							[
								114.562412,
								22.568311
							],
							[
								114.565089,
								22.56428
							],
							[
								114.568103,
								22.560753
							],
							[
								114.57254,
								22.55781
							],
							[
								114.574888,
								22.555711
							],
							[
								114.578572,
								22.553608
							],
							[
								114.583514,
								22.551674
							],
							[
								114.589628,
								22.54974
							],
							[
								114.595162,
								22.548479
							],
							[
								114.599353,
								22.547974
							],
							[
								114.605142,
								22.547514
							],
							[
								114.609421,
								22.547431
							],
							[
								114.612017,
								22.546424
							],
							[
								114.614536,
								22.545169
							],
							[
								114.616298,
								22.542819
							],
							[
								114.618061,
								22.538962
							],
							[
								114.619572,
								22.534266
							],
							[
								114.620918,
								22.530828
							],
							[
								114.62461,
								22.524958
							],
							[
								114.627042,
								22.519928
							],
							[
								114.628389,
								22.513637
							],
							[
								114.628466,
								22.508772
							],
							[
								114.627797,
								22.502983
							],
							[
								114.625781,
								22.498368
							],
							[
								114.619317,
								22.488926
							],
							[
								114.616547,
								22.485736
							],
							[
								114.611432,
								22.482042
							],
							[
								114.597171,
								22.477009
							],
							[
								114.585434,
								22.473408
							],
							[
								114.566426,
								22.468439
							],
							[
								114.562865,
								22.467941
							],
							[
								114.559097,
								22.467907
							],
							[
								114.555079,
								22.467579
							],
							[
								114.551312,
								22.466579
							],
							[
								114.549226,
								22.465747
							],
							[
								114.546421,
								22.462461
							],
							[
								114.544914,
								22.460073
							],
							[
								114.543079,
								22.456009
							],
							[
								114.53927,
								22.449246
							],
							[
								114.535341,
								22.445146
							],
							[
								114.531326,
								22.442724
							],
							[
								114.525434,
								22.440581
							],
							[
								114.517656,
								22.43943
							],
							[
								114.506956,
								22.438581
							],
							[
								114.500772,
								22.439941
							],
							[
								114.494172,
								22.441974
							],
							[
								114.489821,
								22.443665
							],
							[
								114.485228,
								22.446699
							],
							[
								114.480289,
								22.452919
							],
							[
								114.476699,
								22.459135
							],
							[
								114.474441,
								22.46451
							],
							[
								114.469674,
								22.485366
							],
							[
								114.468169,
								22.491409
							],
							[
								114.468091,
								22.495101
							],
							[
								114.469095,
								22.501978
							],
							[
								114.469926,
								22.507638
							],
							[
								114.471519,
								22.513506
							],
							[
								114.472099,
								22.518453
							],
							[
								114.471935,
								22.522227
							],
							[
								114.470265,
								22.526846
							],
							[
								114.467591,
								22.533354
							],
							[
								114.464493,
								22.537809
							],
							[
								114.458054,
								22.545037
							],
							[
								114.454296,
								22.548657
							],
							[
								114.449196,
								22.553532
							],
							[
								114.444511,
								22.556896
							],
							[
								114.439738,
								22.560007
							],
							[
								114.437139,
								22.562613
							],
							[
								114.43597,
								22.564544
							],
							[
								114.434713,
								22.566601
							],
							[
								114.433457,
								22.57088
							],
							[
								114.432036,
								22.576837
							],
							[
								114.430693,
								22.583382
							],
							[
								114.427183,
								22.588796
							],
							[
								114.422571,
								22.592744
							],
							[
								114.41612,
								22.596858
							],
							[
								114.410508,
								22.599545
							],
							[
								114.404634,
								22.601474
							],
							[
								114.401198,
								22.602396
							],
							[
								114.398342,
								22.602858
							],
							[
								114.388861,
								22.602935
							],
							[
								114.381896,
								22.601502
							],
							[
								114.378447,
								22.600102
							],
							[
								114.374851,
								22.598643
							],
							[
								114.370402,
								22.596456
							],
							[
								114.364102,
								22.593384
							],
							[
								114.359522,
								22.591573
							],
							[
								114.353515,
								22.590011
							],
							[
								114.350535,
								22.597011
							],
							[
								114.350299,
								22.598311
							],
							[
								114.350277,
								22.598398
							],
							[
								114.350265,
								22.598448
							],
							[
								114.350258,
								22.598477
							],
							[
								114.350257,
								22.5985
							],
							[
								114.350252,
								22.598653
							],
							[
								114.350244,
								22.598847
							],
							[
								114.350207,
								22.599842
							],
							[
								114.350209,
								22.599871
							],
							[
								114.350223,
								22.600035
							],
							[
								114.350273,
								22.600422
							],
							[
								114.350294,
								22.600576
							],
							[
								114.350298,
								22.600615
							],
							[
								114.350356,
								22.601419
							],
							[
								114.35046,
								22.602589
							],
							[
								114.349721,
								22.603027
							],
							[
								114.348712,
								22.603327
							],
							[
								114.348573,
								22.603349
							],
							[
								114.348551,
								22.603353
							],
							[
								114.348521,
								22.603359
							],
							[
								114.348442,
								22.603376
							],
							[
								114.348359,
								22.603386
							],
							[
								114.347179,
								22.603126
							],
							[
								114.346987,
								22.603094
							],
							[
								114.345543,
								22.602862
							],
							[
								114.345032,
								22.602596
							],
							[
								114.344939,
								22.602511
							],
							[
								114.344893,
								22.602461
							],
							[
								114.344698,
								22.602041
							],
							[
								114.344436,
								22.601887
							],
							[
								114.344202,
								22.601869
							],
							[
								114.343045,
								22.602146
							],
							[
								114.33917,
								22.602372
							],
							[
								114.339033,
								22.602318
							],
							[
								114.337939,
								22.60292
							],
							[
								114.337747,
								22.603174
							],
							[
								114.337672,
								22.603466
							],
							[
								114.337799,
								22.604064
							],
							[
								114.33795,
								22.60586
							],
							[
								114.338674,
								22.60723
							],
							[
								114.339421,
								22.60792
							],
							[
								114.33958,
								22.608374
							],
							[
								114.342631,
								22.613383
							],
							[
								114.342759,
								22.614279
							],
							[
								114.342374,
								22.615754
							],
							[
								114.341984,
								22.61646
							],
							[
								114.341965,
								22.616638
							],
							[
								114.342618,
								22.617514
							],
							[
								114.342874,
								22.61771
							],
							[
								114.343256,
								22.617826
							],
							[
								114.343266,
								22.618137
							],
							[
								114.343093,
								22.618536
							],
							[
								114.342292,
								22.619586
							],
							[
								114.341302,
								22.620276
							],
							[
								114.340936,
								22.620759
							],
							[
								114.340548,
								22.621496
							],
							[
								114.340434,
								22.622092
							],
							[
								114.339723,
								22.623063
							],
							[
								114.339292,
								22.623357
							]
						]
					]
				]
			}
		}
	]
}