{
	"type": "FeatureCollection",
	"features": [
		{
			"type": "Feature",
			"id": "440304",
			"properties": {
				"name": "福田区",
				"cp": [
					114.05096,
					22.541009
				],
				"childNum": 1
			},
			"geometry": {
				"type": "Polygon",
				"coordinates": [
					[
						[
							113.990747,
							22.510582
						],
						[
							113.990545,
							22.520481
						],
						[
							113.994391,
							22.521927
						],
						[
							113.994359,
							22.522198
						],
						[
							113.994295,
							22.522413
						],
						[
							113.994272,
							22.522924
						],
						[
							113.994208,
							22.523195
						],
						[
							113.99388,
							22.525131
						],
						[
							113.993633,
							22.526656
						],
						[
							113.993626,
							22.526806
						],
						[
							113.993598,
							22.52718
						],
						[
							113.993456,
							22.527371
						],
						[
							113.993298,
							22.527679
						],
						[
							113.993371,
							22.527994
						],
						[
							113.993439,
							22.528241
						],
						[
							113.993553,
							22.528656
						],
						[
							113.993672,
							22.529083
						],
						[
							113.993755,
							22.529384
						],
						[
							113.99383,
							22.529669
						],
						[
							113.993874,
							22.529799
						],
						[
							113.993915,
							22.529934
						],
						[
							113.993944,
							22.529983
						],
						[
							113.994032,
							22.530106
						],
						[
							113.994102,
							22.530226
						],
						[
							113.994153,
							22.530279
						],
						[
							113.994278,
							22.53042
						],
						[
							113.994301,
							22.53046
						],
						[
							113.994354,
							22.530567
						],
						[
							113.994394,
							22.530583
						],
						[
							113.994456,
							22.530598
						],
						[
							113.994526,
							22.530596
						],
						[
							113.994658,
							22.530572
						],
						[
							113.994858,
							22.530548
						],
						[
							113.995225,
							22.5305
						],
						[
							113.995348,
							22.530489
						],
						[
							113.995436,
							22.530499
						],
						[
							113.995465,
							22.530512
						],
						[
							113.995487,
							22.530534
						],
						[
							113.99551,
							22.530586
						],
						[
							113.995624,
							22.530809
						],
						[
							113.995713,
							22.530986
						],
						[
							113.995785,
							22.531138
						],
						[
							113.995885,
							22.53136
						],
						[
							113.996,
							22.531625
						],
						[
							113.996069,
							22.531811
						],
						[
							113.996153,
							22.532071
						],
						[
							113.995571,
							22.53224
						],
						[
							113.995275,
							22.532322
						],
						[
							113.995211,
							22.532345
						],
						[
							113.995205,
							22.532356
						],
						[
							113.995232,
							22.532451
						],
						[
							113.995316,
							22.532695
						],
						[
							113.995397,
							22.53287
						],
						[
							113.995436,
							22.53296
						],
						[
							113.995708,
							22.532892
						],
						[
							113.996036,
							22.532819
						],
						[
							113.996384,
							22.532735
						],
						[
							113.996604,
							22.532684
						],
						[
							113.997041,
							22.532581
						],
						[
							113.997402,
							22.532491
						],
						[
							113.997805,
							22.532404
						],
						[
							113.997872,
							22.532398
						],
						[
							113.997868,
							22.532493
						],
						[
							113.9978,
							22.532862
						],
						[
							113.997764,
							22.53307
						],
						[
							113.997732,
							22.533249
						],
						[
							113.9977,
							22.533416
						],
						[
							113.997592,
							22.534002
						],
						[
							113.997514,
							22.534418
						],
						[
							113.997467,
							22.534515
						],
						[
							113.997479,
							22.534603
						],
						[
							113.997403,
							22.535
						],
						[
							113.997334,
							22.535361
						],
						[
							113.997189,
							22.535563
						],
						[
							113.996946,
							22.537434
						],
						[
							113.996891,
							22.537728
						],
						[
							113.996807,
							22.538173
						],
						[
							113.996725,
							22.538632
						],
						[
							113.99672,
							22.538657
						],
						[
							113.996711,
							22.538763
						],
						[
							113.996709,
							22.538777
						],
						[
							113.996733,
							22.539217
						],
						[
							113.996747,
							22.539649
						],
						[
							113.996791,
							22.540129
						],
						[
							113.996804,
							22.540535
						],
						[
							113.996796,
							22.540833
						],
						[
							113.996791,
							22.541124
						],
						[
							113.996755,
							22.542076
						],
						[
							113.996738,
							22.542489
						],
						[
							113.996716,
							22.5427
						],
						[
							113.996716,
							22.543031
						],
						[
							113.996702,
							22.543302
						],
						[
							113.996738,
							22.543579
						],
						[
							113.996777,
							22.543844
						],
						[
							113.996827,
							22.543959
						],
						[
							113.996937,
							22.544173
						],
						[
							113.997045,
							22.544418
						],
						[
							113.997169,
							22.544725
						],
						[
							113.997221,
							22.544893
						],
						[
							113.997207,
							22.545009
						],
						[
							113.997119,
							22.545204
						],
						[
							113.997009,
							22.545454
						],
						[
							113.996921,
							22.545618
						],
						[
							113.996747,
							22.54585
						],
						[
							113.996689,
							22.545941
						],
						[
							113.996294,
							22.546608
						],
						[
							113.99625,
							22.546729
						],
						[
							113.996228,
							22.54679
						],
						[
							113.996272,
							22.546852
						],
						[
							113.996405,
							22.546974
						],
						[
							113.997544,
							22.548436
						],
						[
							113.997616,
							22.548528
						],
						[
							113.99766,
							22.548588
						],
						[
							113.997731,
							22.548641
						],
						[
							113.997892,
							22.54871
						],
						[
							113.998055,
							22.548778
						],
						[
							113.998264,
							22.548813
						],
						[
							113.998521,
							22.548867
						],
						[
							113.998747,
							22.548902
						],
						[
							113.999075,
							22.548931
						],
						[
							113.999559,
							22.548958
						],
						[
							113.999617,
							22.548986
						],
						[
							113.999711,
							22.549074
						],
						[
							113.999785,
							22.549229
						],
						[
							113.999892,
							22.549489
						],
						[
							113.9999,
							22.549618
						],
						[
							113.999879,
							22.549744
						],
						[
							113.999791,
							22.549847
						],
						[
							113.999697,
							22.5499
						],
						[
							113.999559,
							22.549941
						],
						[
							113.999332,
							22.549994
						],
						[
							113.999106,
							22.550047
						],
						[
							113.998973,
							22.550094
						],
						[
							113.998849,
							22.550139
						],
						[
							113.998747,
							22.550229
						],
						[
							113.998645,
							22.550329
						],
						[
							113.998543,
							22.550586
						],
						[
							113.998367,
							22.550972
						],
						[
							113.998344,
							22.551072
						],
						[
							113.998316,
							22.551223
						],
						[
							113.998286,
							22.551395
						],
						[
							113.998228,
							22.551642
						],
						[
							113.99817,
							22.552085
						],
						[
							113.998198,
							22.552209
						],
						[
							113.998237,
							22.552377
						],
						[
							113.998272,
							22.55267
						],
						[
							113.9983,
							22.552818
						],
						[
							113.998353,
							22.553237
						],
						[
							113.998389,
							22.553706
						],
						[
							113.998419,
							22.553879
						],
						[
							113.998367,
							22.553941
						],
						[
							113.99822,
							22.554083
						],
						[
							113.998033,
							22.554244
						],
						[
							113.997776,
							22.554563
						],
						[
							113.997638,
							22.554714
						],
						[
							113.997541,
							22.554838
						],
						[
							113.997542,
							22.554887
						],
						[
							113.99758,
							22.554945
						],
						[
							113.99774,
							22.554995
						],
						[
							113.998024,
							22.555056
						],
						[
							113.998529,
							22.555179
						],
						[
							113.999674,
							22.555461
						],
						[
							114.000141,
							22.555544
						],
						[
							114.000814,
							22.555707
						],
						[
							114.0012,
							22.555789
						],
						[
							114.001369,
							22.555802
						],
						[
							114.001542,
							22.555804
						],
						[
							114.001719,
							22.555833
						],
						[
							114.001937,
							22.555845
						],
						[
							114.002185,
							22.555834
						],
						[
							114.002478,
							22.555808
						],
						[
							114.002696,
							22.555766
						],
						[
							114.0029,
							22.555774
						],
						[
							114.003157,
							22.555808
						],
						[
							114.003499,
							22.555859
						],
						[
							114.004012,
							22.555946
						],
						[
							114.00439,
							22.556017
						],
						[
							114.004815,
							22.556098
						],
						[
							114.005127,
							22.556161
						],
						[
							114.005208,
							22.556189
						],
						[
							114.005499,
							22.556344
						],
						[
							114.005511,
							22.556852
						],
						[
							114.0055,
							22.557344
						],
						[
							114.005456,
							22.557419
						],
						[
							114.005433,
							22.557514
						],
						[
							114.00542,
							22.55767
						],
						[
							114.005434,
							22.557866
						],
						[
							114.005434,
							22.558062
						],
						[
							114.005406,
							22.558231
						],
						[
							114.005384,
							22.558311
						],
						[
							114.005331,
							22.5584
						],
						[
							114.005216,
							22.558528
						],
						[
							114.005158,
							22.558621
						],
						[
							114.005064,
							22.558785
						],
						[
							114.005042,
							22.558905
						],
						[
							114.005011,
							22.559054
						],
						[
							114.004959,
							22.559197
						],
						[
							114.004879,
							22.559345
						],
						[
							114.004793,
							22.559534
						],
						[
							114.004705,
							22.559684
						],
						[
							114.00463,
							22.559825
						],
						[
							114.004492,
							22.559971
						],
						[
							114.004341,
							22.560116
						],
						[
							114.004297,
							22.560155
						],
						[
							114.004107,
							22.560241
						],
						[
							114.00404,
							22.560324
						],
						[
							114.003938,
							22.560479
						],
						[
							114.003902,
							22.560628
						],
						[
							114.003866,
							22.560784
						],
						[
							114.003844,
							22.561015
						],
						[
							114.003822,
							22.561286
						],
						[
							114.0038,
							22.561534
						],
						[
							114.003792,
							22.561708
						],
						[
							114.003764,
							22.561839
						],
						[
							114.00372,
							22.562041
						],
						[
							114.003676,
							22.562183
						],
						[
							114.003601,
							22.562412
						],
						[
							114.003477,
							22.562698
						],
						[
							114.003419,
							22.562858
						],
						[
							114.00337,
							22.563061
						],
						[
							114.003339,
							22.563183
						],
						[
							114.003414,
							22.564637
						],
						[
							114.003486,
							22.564839
						],
						[
							114.003756,
							22.565552
						],
						[
							114.003836,
							22.565774
						],
						[
							114.00396,
							22.566045
						],
						[
							114.004062,
							22.566271
						],
						[
							114.004121,
							22.566349
						],
						[
							114.004364,
							22.566603
						],
						[
							114.004551,
							22.566791
						],
						[
							114.004755,
							22.567043
						],
						[
							114.005026,
							22.567368
						],
						[
							114.005252,
							22.567674
						],
						[
							114.005376,
							22.567898
						],
						[
							114.005399,
							22.568014
						],
						[
							114.00542,
							22.568235
						],
						[
							114.005399,
							22.568378
						],
						[
							114.005398,
							22.568499
						],
						[
							114.005384,
							22.568594
						],
						[
							114.005371,
							22.568926
						],
						[
							114.005354,
							22.56917
						],
						[
							114.00534,
							22.569276
						],
						[
							114.005282,
							22.569554
						],
						[
							114.005238,
							22.569871
						],
						[
							114.005194,
							22.570156
						],
						[
							114.00515,
							22.570533
						],
						[
							114.005123,
							22.5708
						],
						[
							114.005057,
							22.571202
						],
						[
							114.00502,
							22.571442
						],
						[
							114.005035,
							22.571618
						],
						[
							114.005042,
							22.571794
						],
						[
							114.005048,
							22.571902
						],
						[
							114.005079,
							22.572084
						],
						[
							114.005092,
							22.572239
						],
						[
							114.005269,
							22.575138
						],
						[
							114.005377,
							22.5754
						],
						[
							114.005553,
							22.575764
						],
						[
							114.006157,
							22.575939
						],
						[
							114.006273,
							22.576014
						],
						[
							114.00645,
							22.576146
						],
						[
							114.006635,
							22.576284
						],
						[
							114.006727,
							22.576371
						],
						[
							114.007191,
							22.576648
						],
						[
							114.007372,
							22.576835
						],
						[
							114.007592,
							22.577144
						],
						[
							114.007761,
							22.577421
						],
						[
							114.007958,
							22.57766
						],
						[
							114.008166,
							22.577839
						],
						[
							114.009461,
							22.578858
						],
						[
							114.009969,
							22.578929
						],
						[
							114.01237,
							22.579266
						],
						[
							114.013671,
							22.579451
						],
						[
							114.014676,
							22.579538
						],
						[
							114.014876,
							22.579555
						],
						[
							114.015004,
							22.579516
						],
						[
							114.01626,
							22.579432
						],
						[
							114.016311,
							22.579436
						],
						[
							114.016344,
							22.579426
						],
						[
							114.016433,
							22.57937
						],
						[
							114.016551,
							22.579272
						],
						[
							114.016607,
							22.579234
						],
						[
							114.016653,
							22.57921
						],
						[
							114.016719,
							22.579194
						],
						[
							114.01684,
							22.579158
						],
						[
							114.016923,
							22.579131
						],
						[
							114.016973,
							22.579117
						],
						[
							114.017041,
							22.579094
						],
						[
							114.017249,
							22.57909
						],
						[
							114.018869,
							22.579073
						],
						[
							114.018923,
							22.579088
						],
						[
							114.019034,
							22.579122
						],
						[
							114.019291,
							22.579212
						],
						[
							114.019506,
							22.579279
						],
						[
							114.019614,
							22.579303
						],
						[
							114.019898,
							22.579392
						],
						[
							114.020029,
							22.579426
						],
						[
							114.020077,
							22.579439
						],
						[
							114.020112,
							22.579459
						],
						[
							114.022151,
							22.580287
						],
						[
							114.022234,
							22.580326
						],
						[
							114.022446,
							22.580447
						],
						[
							114.022648,
							22.580609
						],
						[
							114.022718,
							22.580668
						],
						[
							114.022859,
							22.580798
						],
						[
							114.023311,
							22.581279
						],
						[
							114.023509,
							22.581647
						],
						[
							114.024271,
							22.581551
						],
						[
							114.025531,
							22.581602
						],
						[
							114.028061,
							22.581459
						],
						[
							114.029117,
							22.581175
						],
						[
							114.030141,
							22.580561
						],
						[
							114.030323,
							22.580562
						],
						[
							114.031997,
							22.581307
						],
						[
							114.034303,
							22.582628
						],
						[
							114.036416,
							22.582982
						],
						[
							114.038205,
							22.58297
						],
						[
							114.038943,
							22.583044
						],
						[
							114.039465,
							22.583224
						],
						[
							114.040419,
							22.58373
						],
						[
							114.041096,
							22.583906
						],
						[
							114.042057,
							22.583859
						],
						[
							114.043095,
							22.583957
						],
						[
							114.043538,
							22.584099
						],
						[
							114.045318,
							22.584165
						],
						[
							114.045654,
							22.584044
						],
						[
							114.046389,
							22.58322
						],
						[
							114.047516,
							22.582406
						],
						[
							114.052556,
							22.581748
						],
						[
							114.053343,
							22.58208
						],
						[
							114.053533,
							22.582237
						],
						[
							114.053742,
							22.584621
						],
						[
							114.053877,
							22.584813
						],
						[
							114.054641,
							22.585291
						],
						[
							114.056376,
							22.586014
						],
						[
							114.056469,
							22.58604
						],
						[
							114.056562,
							22.586066
						],
						[
							114.056656,
							22.586093
						],
						[
							114.05771,
							22.586392
						],
						[
							114.058132,
							22.586926
						],
						[
							114.058831,
							22.587359
						],
						[
							114.059393,
							22.587531
						],
						[
							114.06212,
							22.586478
						],
						[
							114.063838,
							22.586057
						],
						[
							114.065572,
							22.585862
						],
						[
							114.066307,
							22.585671
						],
						[
							114.066593,
							22.585036
						],
						[
							114.067464,
							22.583932
						],
						[
							114.068689,
							22.582049
						],
						[
							114.069009,
							22.581218
						],
						[
							114.069304,
							22.580983
						],
						[
							114.070441,
							22.580055
						],
						[
							114.070522,
							22.579985
						],
						[
							114.070644,
							22.579942
						],
						[
							114.070814,
							22.579893
						],
						[
							114.071183,
							22.579844
						],
						[
							114.071316,
							22.579822
						],
						[
							114.071414,
							22.579777
						],
						[
							114.071509,
							22.579729
						],
						[
							114.071765,
							22.579608
						],
						[
							114.071922,
							22.57948
						],
						[
							114.072132,
							22.579286
						],
						[
							114.072248,
							22.579179
						],
						[
							114.072333,
							22.579066
						],
						[
							114.072494,
							22.578864
						],
						[
							114.07255,
							22.578743
						],
						[
							114.07264,
							22.578544
						],
						[
							114.072721,
							22.578413
						],
						[
							114.07282,
							22.578252
						],
						[
							114.072941,
							22.578101
						],
						[
							114.074396,
							22.576131
						],
						[
							114.074424,
							22.576026
						],
						[
							114.074436,
							22.575915
						],
						[
							114.074425,
							22.575768
						],
						[
							114.074422,
							22.575687
						],
						[
							114.074413,
							22.57552
						],
						[
							114.07442,
							22.575387
						],
						[
							114.074429,
							22.575304
						],
						[
							114.074444,
							22.57527
						],
						[
							114.075442,
							22.573406
						],
						[
							114.075944,
							22.572466
						],
						[
							114.075995,
							22.572372
						],
						[
							114.076027,
							22.572324
						],
						[
							114.076119,
							22.57222
						],
						[
							114.076276,
							22.572064
						],
						[
							114.076423,
							22.571923
						],
						[
							114.07653,
							22.571842
						],
						[
							114.076688,
							22.571739
						],
						[
							114.076762,
							22.571693
						],
						[
							114.076867,
							22.571625
						],
						[
							114.076993,
							22.571499
						],
						[
							114.077139,
							22.571326
						],
						[
							114.077251,
							22.571219
						],
						[
							114.077286,
							22.571168
						],
						[
							114.077328,
							22.571063
						],
						[
							114.077396,
							22.570895
						],
						[
							114.077481,
							22.570689
						],
						[
							114.077564,
							22.57047
						],
						[
							114.077635,
							22.570266
						],
						[
							114.077751,
							22.569966
						],
						[
							114.077803,
							22.569836
						],
						[
							114.077919,
							22.569561
						],
						[
							114.077965,
							22.569438
						],
						[
							114.078015,
							22.56938
						],
						[
							114.078186,
							22.569219
						],
						[
							114.078397,
							22.569016
						],
						[
							114.078495,
							22.568924
						],
						[
							114.078607,
							22.56885
						],
						[
							114.078888,
							22.568673
						],
						[
							114.079028,
							22.568567
						],
						[
							114.079096,
							22.568519
						],
						[
							114.079118,
							22.568518
						],
						[
							114.079153,
							22.568538
						],
						[
							114.079393,
							22.568705
						],
						[
							114.079662,
							22.568882
						],
						[
							114.079923,
							22.569056
						],
						[
							114.080271,
							22.569293
						],
						[
							114.080433,
							22.569393
						],
						[
							114.080538,
							22.569445
						],
						[
							114.080686,
							22.569497
						],
						[
							114.08085,
							22.569578
						],
						[
							114.080908,
							22.569568
						],
						[
							114.080933,
							22.569619
						],
						[
							114.081242,
							22.569769
						],
						[
							114.081421,
							22.569841
						],
						[
							114.081591,
							22.569902
						],
						[
							114.081818,
							22.569965
						],
						[
							114.082174,
							22.570069
						],
						[
							114.08228,
							22.570096
						],
						[
							114.082508,
							22.570159
						],
						[
							114.082622,
							22.570188
						],
						[
							114.082817,
							22.57021
						],
						[
							114.083075,
							22.570242
						],
						[
							114.083275,
							22.570264
						],
						[
							114.083473,
							22.570284
						],
						[
							114.083665,
							22.570292
						],
						[
							114.083769,
							22.570298
						],
						[
							114.084081,
							22.570304
						],
						[
							114.084331,
							22.570304
						],
						[
							114.084456,
							22.570309
						],
						[
							114.084619,
							22.570303
						],
						[
							114.084791,
							22.570277
						],
						[
							114.085116,
							22.570236
						],
						[
							114.085463,
							22.570188
						],
						[
							114.085672,
							22.570161
						],
						[
							114.085801,
							22.570148
						],
						[
							114.086163,
							22.570102
						],
						[
							114.086242,
							22.570088
						],
						[
							114.08641,
							22.570031
						],
						[
							114.086649,
							22.569956
						],
						[
							114.087106,
							22.56982
						],
						[
							114.087781,
							22.569619
						],
						[
							114.087999,
							22.569556
						],
						[
							114.08804,
							22.569578
						],
						[
							114.088081,
							22.569532
						],
						[
							114.088167,
							22.569495
						],
						[
							114.088248,
							22.569416
						],
						[
							114.088535,
							22.569171
						],
						[
							114.088646,
							22.569078
						],
						[
							114.088709,
							22.569037
						],
						[
							114.088819,
							22.568935
						],
						[
							114.089068,
							22.568689
						],
						[
							114.089399,
							22.56837
						],
						[
							114.089529,
							22.568249
						],
						[
							114.08992,
							22.56787
						],
						[
							114.090162,
							22.567638
						],
						[
							114.090217,
							22.567571
						],
						[
							114.090287,
							22.567475
						],
						[
							114.090367,
							22.567349
						],
						[
							114.090558,
							22.567061
						],
						[
							114.090822,
							22.566674
						],
						[
							114.090823,
							22.566624
						],
						[
							114.090868,
							22.566609
						],
						[
							114.091064,
							22.566319
						],
						[
							114.09114,
							22.566201
						],
						[
							114.091404,
							22.565793
						],
						[
							114.091604,
							22.565503
						],
						[
							114.091793,
							22.565191
						],
						[
							114.091951,
							22.564934
						],
						[
							114.092053,
							22.564749
						],
						[
							114.092159,
							22.564576
						],
						[
							114.092198,
							22.564515
						],
						[
							114.092232,
							22.564471
						],
						[
							114.092238,
							22.564462
						],
						[
							114.092346,
							22.564394
						],
						[
							114.092448,
							22.564344
						],
						[
							114.092482,
							22.564333
						],
						[
							114.092547,
							22.564334
						],
						[
							114.092616,
							22.564338
						],
						[
							114.092628,
							22.564336
						],
						[
							114.092677,
							22.564341
						],
						[
							114.09319,
							22.564326
						],
						[
							114.093662,
							22.564387
						],
						[
							114.094653,
							22.564538
						],
						[
							114.095665,
							22.564683
						],
						[
							114.096829,
							22.56491
						],
						[
							114.098216,
							22.565256
						],
						[
							114.099474,
							22.565566
						],
						[
							114.100625,
							22.565896
						],
						[
							114.101604,
							22.566261
						],
						[
							114.103221,
							22.566996
						],
						[
							114.103984,
							22.567714
						],
						[
							114.104041,
							22.567776
						],
						[
							114.104165,
							22.567827
						],
						[
							114.104281,
							22.56785
						],
						[
							114.104473,
							22.567887
						],
						[
							114.104514,
							22.56789
						],
						[
							114.104524,
							22.567872
						],
						[
							114.104518,
							22.567455
						],
						[
							114.104523,
							22.567017
						],
						[
							114.104521,
							22.566593
						],
						[
							114.104517,
							22.56614
						],
						[
							114.104508,
							22.565722
						],
						[
							114.104509,
							22.565474
						],
						[
							114.104511,
							22.565285
						],
						[
							114.104502,
							22.564899
						],
						[
							114.104498,
							22.564475
						],
						[
							114.104508,
							22.56422
						],
						[
							114.104512,
							22.564046
						],
						[
							114.104508,
							22.563748
						],
						[
							114.104504,
							22.563618
						],
						[
							114.104506,
							22.563216
						],
						[
							114.104504,
							22.562812
						],
						[
							114.104502,
							22.562489
						],
						[
							114.104496,
							22.562368
						],
						[
							114.104496,
							22.561921
						],
						[
							114.104496,
							22.561506
						],
						[
							114.104487,
							22.561174
						],
						[
							114.104495,
							22.561075
						],
						[
							114.104502,
							22.560685
						],
						[
							114.104498,
							22.560353
						],
						[
							114.104503,
							22.560243
						],
						[
							114.104523,
							22.559815
						],
						[
							114.104521,
							22.559395
						],
						[
							114.104529,
							22.559019
						],
						[
							114.104534,
							22.558701
						],
						[
							114.104536,
							22.558579
						],
						[
							114.104542,
							22.558166
						],
						[
							114.104541,
							22.557852
						],
						[
							114.104547,
							22.557726
						],
						[
							114.104551,
							22.557399
						],
						[
							114.104552,
							22.557291
						],
						[
							114.104559,
							22.556903
						],
						[
							114.10456,
							22.556561
						],
						[
							114.10456,
							22.556475
						],
						[
							114.104574,
							22.556168
						],
						[
							114.104576,
							22.556038
						],
						[
							114.104576,
							22.556012
						],
						[
							114.104557,
							22.555933
						],
						[
							114.104508,
							22.555845
						],
						[
							114.104487,
							22.555809
						],
						[
							114.104472,
							22.555779
						],
						[
							114.104281,
							22.555434
						],
						[
							114.104341,
							22.552936
						],
						[
							114.10447,
							22.549363
						],
						[
							114.104505,
							22.549327
						],
						[
							114.104506,
							22.549251
						],
						[
							114.104477,
							22.549162
						],
						[
							114.10449,
							22.548786
						],
						[
							114.104486,
							22.548663
						],
						[
							114.104502,
							22.548445
						],
						[
							114.104464,
							22.548114
						],
						[
							114.104519,
							22.547975
						],
						[
							114.104589,
							22.546031
						],
						[
							114.104688,
							22.541316
						],
						[
							114.104699,
							22.540773
						],
						[
							114.104764,
							22.535834
						],
						[
							114.104772,
							22.5352
						],
						[
							114.104757,
							22.535105
						],
						[
							114.104774,
							22.535038
						],
						[
							114.104808,
							22.532512
						],
						[
							114.105177,
							22.531626
						],
						[
							114.10392,
							22.531335
						],
						[
							114.102922,
							22.531218
						],
						[
							114.101949,
							22.531242
						],
						[
							114.101292,
							22.531436
						],
						[
							114.10066,
							22.531777
						],
						[
							114.10015,
							22.532191
						],
						[
							114.099228,
							22.533142
						],
						[
							114.098803,
							22.533502
						],
						[
							114.098408,
							22.533812
						],
						[
							114.097759,
							22.534173
						],
						[
							114.097247,
							22.534405
						],
						[
							114.096661,
							22.534478
						],
						[
							114.095871,
							22.53428
						],
						[
							114.095295,
							22.534087
						],
						[
							114.094631,
							22.533822
						],
						[
							114.094111,
							22.533571
						],
						[
							114.093453,
							22.533067
						],
						[
							114.092899,
							22.532545
						],
						[
							114.092335,
							22.531781
						],
						[
							114.091988,
							22.531204
						],
						[
							114.091627,
							22.530611
						],
						[
							114.09125,
							22.530067
						],
						[
							114.090864,
							22.529672
						],
						[
							114.090355,
							22.529317
						],
						[
							114.089683,
							22.529084
						],
						[
							114.088256,
							22.528711
						],
						[
							114.087096,
							22.528543
						],
						[
							114.085683,
							22.528417
						],
						[
							114.084614,
							22.527973
						],
						[
							114.084021,
							22.527553
						],
						[
							114.083571,
							22.526898
						],
						[
							114.083485,
							22.526113
						],
						[
							114.083645,
							22.525901
						],
						[
							114.084284,
							22.525052
						],
						[
							114.08514,
							22.524345
						],
						[
							114.085951,
							22.523878
						],
						[
							114.088176,
							22.522932
						],
						[
							114.089375,
							22.522123
						],
						[
							114.089922,
							22.521632
						],
						[
							114.090344,
							22.520993
						],
						[
							114.090424,
							22.52032
						],
						[
							114.090299,
							22.519429
						],
						[
							114.089922,
							22.518767
						],
						[
							114.089388,
							22.517975
						],
						[
							114.089283,
							22.51782
						],
						[
							114.088507,
							22.516826
						],
						[
							114.087639,
							22.515901
						],
						[
							114.086395,
							22.514861
						],
						[
							114.084294,
							22.513388
						],
						[
							114.083039,
							22.512701
						],
						[
							114.082262,
							22.512472
						],
						[
							114.081577,
							22.512426
						],
						[
							114.080984,
							22.512585
						],
						[
							114.080299,
							22.512996
						],
						[
							114.079201,
							22.514397
						],
						[
							114.078593,
							22.51484
						],
						[
							114.078328,
							22.515034
						],
						[
							114.077566,
							22.515411
						],
						[
							114.077002,
							22.515486
						],
						[
							114.076417,
							22.515373
						],
						[
							114.07601,
							22.515255
						],
						[
							114.075916,
							22.515228
						],
						[
							114.075754,
							22.515178
						],
						[
							114.075636,
							22.515141
						],
						[
							114.075179,
							22.515
						],
						[
							114.074366,
							22.514822
						],
						[
							114.073434,
							22.514657
						],
						[
							114.07284,
							22.514614
						],
						[
							114.072114,
							22.514473
						],
						[
							114.071502,
							22.514378
						],
						[
							114.070951,
							22.51431
						],
						[
							114.070494,
							22.514222
						],
						[
							114.069805,
							22.514051
						],
						[
							114.069123,
							22.51378
						],
						[
							114.068256,
							22.513208
						],
						[
							114.066796,
							22.51227
						],
						[
							114.065368,
							22.511184
						],
						[
							114.064603,
							22.510546
						],
						[
							114.064091,
							22.50995
						],
						[
							114.06362,
							22.509119
						],
						[
							114.062981,
							22.507825
						],
						[
							114.062635,
							22.506364
						],
						[
							114.062556,
							22.505049
						],
						[
							114.062445,
							22.503628
						],
						[
							114.062321,
							22.502825
						],
						[
							114.061899,
							22.50221
						],
						[
							114.061358,
							22.501621
						],
						[
							114.060746,
							22.501239
						],
						[
							114.059979,
							22.500728
						],
						[
							114.058302,
							22.500008
						],
						[
							114.057076,
							22.499622
						],
						[
							114.05595,
							22.499501
						],
						[
							114.054713,
							22.49961
						],
						[
							114.054538,
							22.49967
						],
						[
							114.053793,
							22.499889
						],
						[
							114.051584,
							22.500891
						],
						[
							114.050585,
							22.501195
						],
						[
							114.049238,
							22.501393
						],
						[
							114.048428,
							22.501512
						],
						[
							114.047079,
							22.501844
						],
						[
							114.046012,
							22.502183
						],
						[
							114.044378,
							22.502453
						],
						[
							114.044379,
							22.502417
						],
						[
							114.042107,
							22.502793
						],
						[
							114.037662,
							22.503288
						],
						[
							114.03697,
							22.503365
						],
						[
							114.031872,
							22.504141
						],
						[
							114.030897,
							22.504277
						],
						[
							114.030079,
							22.504611
						],
						[
							114.029105,
							22.505264
						],
						[
							114.026634,
							22.507951
						],
						[
							114.025164,
							22.509331
						],
						[
							114.02405,
							22.509805
						],
						[
							114.010554,
							22.510247
						],
						[
							113.990747,
							22.510582
						]
					]
				]
			}
		}
	]
}