{
	"type": "FeatureCollection",
	"features": [
		{
			"type": "Feature",
			"id": "440311",
			"properties": {
				"name": "光明新区",
				"cp": [
					113.933662,
					22.769082
				],
				"childNum": 1
			},
			"geometry": {
				"type": "MultiPolygon",
				"coordinates": [
					[
						[
							[
								113.910958,
								22.829994
							],
							[
								113.912524,
								22.830178
							],
							[
								113.913694,
								22.830132
							],
							[
								113.914279,
								22.830108
							],
							[
								113.914432,
								22.830047
							],
							[
								113.914676,
								22.829684
							],
							[
								113.915536,
								22.829034
							],
							[
								113.915832,
								22.829241
							],
							[
								113.916448,
								22.83004
							],
							[
								113.916763,
								22.830251
							],
							[
								113.918098,
								22.830728
							],
							[
								113.920652,
								22.831312
							],
							[
								113.921893,
								22.831248
							],
							[
								113.92281,
								22.830956
							],
							[
								113.924522,
								22.830579
							],
							[
								113.925299,
								22.830869
							],
							[
								113.927379,
								22.831368
							],
							[
								113.928114,
								22.831739
							],
							[
								113.929489,
								22.832011
							],
							[
								113.931288,
								22.831921
							],
							[
								113.935135,
								22.83245
							],
							[
								113.936692,
								22.832534
							],
							[
								113.937684,
								22.832806
							],
							[
								113.937823,
								22.832713
							],
							[
								113.937671,
								22.831748
							],
							[
								113.93761,
								22.831487
							],
							[
								113.937367,
								22.831232
							],
							[
								113.937368,
								22.831112
							],
							[
								113.938015,
								22.830876
							],
							[
								113.939168,
								22.830678
							],
							[
								113.939286,
								22.830518
							],
							[
								113.939574,
								22.829568
							],
							[
								113.939763,
								22.829301
							],
							[
								113.94128,
								22.828808
							],
							[
								113.941989,
								22.828931
							],
							[
								113.942769,
								22.828817
							],
							[
								113.943513,
								22.828267
							],
							[
								113.943749,
								22.827875
							],
							[
								113.944096,
								22.827695
							],
							[
								113.946899,
								22.827488
							],
							[
								113.947595,
								22.827183
							],
							[
								113.947881,
								22.826863
							],
							[
								113.948029,
								22.825157
							],
							[
								113.949247,
								22.823663
							],
							[
								113.950219,
								22.823069
							],
							[
								113.950504,
								22.822704
							],
							[
								113.952589,
								22.822191
							],
							[
								113.954651,
								22.821031
							],
							[
								113.955259,
								22.820331
							],
							[
								113.95558,
								22.819641
							],
							[
								113.95492,
								22.818701
							],
							[
								113.955812,
								22.81743
							],
							[
								113.954979,
								22.815053
							],
							[
								113.956518,
								22.814313
							],
							[
								113.956971,
								22.814005
							],
							[
								113.957135,
								22.81444
							],
							[
								113.957351,
								22.814676
							],
							[
								113.958212,
								22.814614
							],
							[
								113.958638,
								22.814454
							],
							[
								113.958891,
								22.814254
							],
							[
								113.958898,
								22.813633
							],
							[
								113.959066,
								22.813409
							],
							[
								113.96055,
								22.81313
							],
							[
								113.961394,
								22.813367
							],
							[
								113.963094,
								22.814609
							],
							[
								113.964318,
								22.815641
							],
							[
								113.964762,
								22.815844
							],
							[
								113.965173,
								22.814912
							],
							[
								113.965146,
								22.814725
							],
							[
								113.964772,
								22.814203
							],
							[
								113.964868,
								22.813414
							],
							[
								113.966102,
								22.812431
							],
							[
								113.967258,
								22.812096
							],
							[
								113.968169,
								22.812057
							],
							[
								113.968569,
								22.812179
							],
							[
								113.969117,
								22.812888
							],
							[
								113.969466,
								22.812986
							],
							[
								113.970057,
								22.812906
							],
							[
								113.97122,
								22.812437
							],
							[
								113.972348,
								22.812498
							],
							[
								113.972429,
								22.812453
							],
							[
								113.972511,
								22.812393
							],
							[
								113.972585,
								22.812338
							],
							[
								113.972871,
								22.812078
							],
							[
								113.973444,
								22.811068
							],
							[
								113.973739,
								22.810722
							],
							[
								113.974202,
								22.81057
							],
							[
								113.975723,
								22.810416
							],
							[
								113.976374,
								22.81008
							],
							[
								113.9766,
								22.809846
							],
							[
								113.976975,
								22.809098
							],
							[
								113.977034,
								22.807892
							],
							[
								113.977175,
								22.807371
							],
							[
								113.978401,
								22.806512
							],
							[
								113.976174,
								22.805661
							],
							[
								113.975826,
								22.805581
							],
							[
								113.974843,
								22.80561
							],
							[
								113.974203,
								22.80544
							],
							[
								113.973533,
								22.804936
							],
							[
								113.972725,
								22.803826
							],
							[
								113.972266,
								22.802256
							],
							[
								113.972387,
								22.801775
							],
							[
								113.973126,
								22.800281
							],
							[
								113.974996,
								22.798438
							],
							[
								113.974788,
								22.797806
							],
							[
								113.975169,
								22.797659
							],
							[
								113.975497,
								22.797953
							],
							[
								113.975766,
								22.798342
							],
							[
								113.975757,
								22.799216
							],
							[
								113.974922,
								22.801376
							],
							[
								113.974894,
								22.801521
							],
							[
								113.975104,
								22.801662
							],
							[
								113.975826,
								22.801655
							],
							[
								113.975976,
								22.801556
							],
							[
								113.97627,
								22.800258
							],
							[
								113.976418,
								22.800159
							],
							[
								113.976666,
								22.800193
							],
							[
								113.976817,
								22.800311
							],
							[
								113.976875,
								22.800612
							],
							[
								113.977766,
								22.800792
							],
							[
								113.977752,
								22.800641
							],
							[
								113.977328,
								22.800061
							],
							[
								113.977198,
								22.799375
							],
							[
								113.97725,
								22.799085
							],
							[
								113.977522,
								22.798957
							],
							[
								113.977843,
								22.799121
							],
							[
								113.978661,
								22.800026
							],
							[
								113.978679,
								22.80022
							],
							[
								113.978401,
								22.800919
							],
							[
								113.978529,
								22.801335
							],
							[
								113.978854,
								22.801284
							],
							[
								113.97922,
								22.800687
							],
							[
								113.979943,
								22.800821
							],
							[
								113.982021,
								22.802005
							],
							[
								113.982525,
								22.802742
							],
							[
								113.983484,
								22.802878
							],
							[
								113.984145,
								22.803633
							],
							[
								113.984359,
								22.803753
							],
							[
								113.984586,
								22.803641
							],
							[
								113.984596,
								22.803555
							],
							[
								113.984467,
								22.802184
							],
							[
								113.984096,
								22.800752
							],
							[
								113.983807,
								22.800705
							],
							[
								113.983323,
								22.800995
							],
							[
								113.982237,
								22.800818
							],
							[
								113.981128,
								22.800883
							],
							[
								113.980791,
								22.800559
							],
							[
								113.980581,
								22.80005
							],
							[
								113.98059,
								22.799786
							],
							[
								113.980706,
								22.79963
							],
							[
								113.980923,
								22.799733
							],
							[
								113.982492,
								22.799893
							],
							[
								113.984466,
								22.800293
							],
							[
								113.99086,
								22.800206
							],
							[
								113.991041,
								22.800115
							],
							[
								113.990878,
								22.79891
							],
							[
								113.991168,
								22.795598
							],
							[
								113.990961,
								22.794045
							],
							[
								113.991451,
								22.792451
							],
							[
								113.991743,
								22.791889
							],
							[
								113.991958,
								22.791033
							],
							[
								113.992176,
								22.79054
							],
							[
								113.992683,
								22.789941
							],
							[
								113.99287,
								22.788965
							],
							[
								113.992578,
								22.788372
							],
							[
								113.992509,
								22.787829
							],
							[
								113.993939,
								22.784456
							],
							[
								113.993976,
								22.783087
							],
							[
								113.994154,
								22.782439
							],
							[
								113.995423,
								22.780388
							],
							[
								113.995832,
								22.779201
							],
							[
								113.996161,
								22.778722
							],
							[
								113.996691,
								22.778184
							],
							[
								113.996874,
								22.777166
							],
							[
								113.997634,
								22.776685
							],
							[
								113.998433,
								22.776552
							],
							[
								113.998878,
								22.774824
							],
							[
								113.998895,
								22.774472
							],
							[
								113.998739,
								22.774168
							],
							[
								113.997154,
								22.772701
							],
							[
								113.996344,
								22.772118
							],
							[
								113.995853,
								22.771544
							],
							[
								113.995324,
								22.771284
							],
							[
								113.995361,
								22.770649
							],
							[
								113.995927,
								22.769891
							],
							[
								113.996182,
								22.768705
							],
							[
								113.9963,
								22.768525
							],
							[
								113.996976,
								22.768429
							],
							[
								113.997226,
								22.768289
							],
							[
								113.998338,
								22.76801
							],
							[
								113.999871,
								22.767302
							],
							[
								114.000292,
								22.767287
							],
							[
								114.000503,
								22.767128
							],
							[
								114.001028,
								22.766095
							],
							[
								114.001869,
								22.765132
							],
							[
								114.001882,
								22.764502
							],
							[
								114.002059,
								22.764098
							],
							[
								114.002695,
								22.763616
							],
							[
								114.002617,
								22.763472
							],
							[
								114.002483,
								22.762973
							],
							[
								114.001474,
								22.762558
							],
							[
								114.000638,
								22.762344
							],
							[
								114.000112,
								22.762062
							],
							[
								113.999887,
								22.761701
							],
							[
								113.99971,
								22.761479
							],
							[
								113.999324,
								22.761237
							],
							[
								113.998632,
								22.760984
							],
							[
								113.998508,
								22.76092
							],
							[
								113.99832,
								22.760711
							],
							[
								113.998159,
								22.760439
							],
							[
								113.99731,
								22.759089
							],
							[
								113.996736,
								22.758664
							],
							[
								113.996559,
								22.758565
							],
							[
								113.99628,
								22.758649
							],
							[
								113.995696,
								22.758762
							],
							[
								113.995427,
								22.758679
							],
							[
								113.994961,
								22.758658
							],
							[
								113.994312,
								22.758773
							],
							[
								113.993624,
								22.759064
							],
							[
								113.993249,
								22.758521
							],
							[
								113.992976,
								22.758229
							],
							[
								113.992788,
								22.757714
							],
							[
								113.992953,
								22.75721
							],
							[
								113.992985,
								22.756894
							],
							[
								113.993055,
								22.756627
							],
							[
								113.993167,
								22.756309
							],
							[
								113.993226,
								22.755824
							],
							[
								113.993194,
								22.755618
							],
							[
								113.993087,
								22.755271
							],
							[
								113.992867,
								22.754726
							],
							[
								113.992326,
								22.75398
							],
							[
								113.992932,
								22.753623
							],
							[
								113.993581,
								22.753469
							],
							[
								113.994069,
								22.753622
							],
							[
								113.994718,
								22.753741
							],
							[
								113.995099,
								22.753646
							],
							[
								113.995394,
								22.753459
							],
							[
								113.995931,
								22.753306
							],
							[
								113.996457,
								22.753286
							],
							[
								113.996628,
								22.753341
							],
							[
								113.996858,
								22.753667
							],
							[
								113.997039,
								22.753849
							],
							[
								113.997571,
								22.754116
							],
							[
								113.997673,
								22.754132
							],
							[
								113.998285,
								22.753884
							],
							[
								113.998709,
								22.753764
							],
							[
								113.999621,
								22.753739
							],
							[
								113.999696,
								22.75371
							],
							[
								113.999798,
								22.753491
							],
							[
								113.999888,
								22.75303
							],
							[
								114.000012,
								22.752684
							],
							[
								114.000162,
								22.752426
							],
							[
								114.000715,
								22.751981
							],
							[
								114.000881,
								22.751758
							],
							[
								114.001209,
								22.751649
							],
							[
								114.001455,
								22.75162
							],
							[
								114.001627,
								22.75157
							],
							[
								114.001879,
								22.751451
							],
							[
								114.002153,
								22.751368
							],
							[
								114.002577,
								22.751105
							],
							[
								114.004202,
								22.750324
							],
							[
								114.004337,
								22.750612
							],
							[
								114.004809,
								22.750844
							],
							[
								114.004831,
								22.750868
							],
							[
								114.004814,
								22.750968
							],
							[
								114.004734,
								22.751156
							],
							[
								114.004641,
								22.751259
							],
							[
								114.004465,
								22.751378
							],
							[
								114.004309,
								22.751471
							],
							[
								114.004159,
								22.751536
							],
							[
								114.004105,
								22.751574
							],
							[
								114.004089,
								22.75162
							],
							[
								114.004099,
								22.751678
							],
							[
								114.004143,
								22.751729
							],
							[
								114.004223,
								22.751758
							],
							[
								114.004315,
								22.751744
							],
							[
								114.004421,
								22.751713
							],
							[
								114.004486,
								22.751709
							],
							[
								114.004556,
								22.751713
							],
							[
								114.004594,
								22.751744
							],
							[
								114.004626,
								22.751828
							],
							[
								114.004711,
								22.751976
							],
							[
								114.004803,
								22.751866
							],
							[
								114.0049,
								22.751906
							],
							[
								114.004991,
								22.751788
							],
							[
								114.005071,
								22.751703
							],
							[
								114.005179,
								22.75162
							],
							[
								114.005324,
								22.751589
							],
							[
								114.005465,
								22.751594
							],
							[
								114.005569,
								22.75156
							],
							[
								114.005702,
								22.751558
							],
							[
								114.005772,
								22.751464
							],
							[
								114.005783,
								22.751365
							],
							[
								114.006142,
								22.750938
							],
							[
								114.006169,
								22.750806
							],
							[
								114.005164,
								22.749908
							],
							[
								114.003742,
								22.748681
							],
							[
								114.003812,
								22.748529
							],
							[
								114.003962,
								22.748341
							],
							[
								114.004156,
								22.748172
							],
							[
								114.004767,
								22.747787
							],
							[
								114.005345,
								22.747271
							],
							[
								114.006052,
								22.746629
							],
							[
								114.006177,
								22.746514
							],
							[
								114.006348,
								22.746406
							],
							[
								114.006536,
								22.74639
							],
							[
								114.006589,
								22.746346
							],
							[
								114.00666,
								22.746212
							],
							[
								114.006751,
								22.746088
							],
							[
								114.006896,
								22.745738
							],
							[
								114.007141,
								22.745282
							],
							[
								114.007378,
								22.745272
							],
							[
								114.007523,
								22.745232
							],
							[
								114.007673,
								22.745232
							],
							[
								114.007893,
								22.745134
							],
							[
								114.007985,
								22.745144
							],
							[
								114.008097,
								22.745238
							],
							[
								114.008104,
								22.745108
							],
							[
								114.007807,
								22.744861
							],
							[
								114.008241,
								22.744519
							],
							[
								114.008355,
								22.744431
							],
							[
								114.008542,
								22.744296
							],
							[
								114.008666,
								22.744198
							],
							[
								114.008869,
								22.744019
							],
							[
								114.008809,
								22.743941
							],
							[
								114.008762,
								22.743861
							],
							[
								114.008655,
								22.743719
							],
							[
								114.008558,
								22.74361
							],
							[
								114.008462,
								22.743367
							],
							[
								114.008467,
								22.743229
							],
							[
								114.008617,
								22.743036
							],
							[
								114.00875,
								22.742902
							],
							[
								114.008831,
								22.742784
							],
							[
								114.008862,
								22.742577
							],
							[
								114.008866,
								22.742404
							],
							[
								114.008862,
								22.742339
							],
							[
								114.008883,
								22.742281
							],
							[
								114.008989,
								22.742131
							],
							[
								114.008996,
								22.742088
							],
							[
								114.00898,
								22.741988
							],
							[
								114.009204,
								22.739939
							],
							[
								114.008507,
								22.738831
							],
							[
								114.008343,
								22.736621
							],
							[
								114.008346,
								22.736224
							],
							[
								114.008754,
								22.735812
							],
							[
								114.007399,
								22.735896
							],
							[
								114.006179,
								22.735971
							],
							[
								114.006175,
								22.736559
							],
							[
								114.006189,
								22.736653
							],
							[
								114.00598,
								22.736726
							],
							[
								114.005648,
								22.736884
							],
							[
								114.005369,
								22.737032
							],
							[
								114.005229,
								22.737122
							],
							[
								114.005063,
								22.737118
							],
							[
								114.004666,
								22.737028
							],
							[
								114.004182,
								22.736899
							],
							[
								114.003973,
								22.736781
							],
							[
								114.003781,
								22.736656
							],
							[
								114.003534,
								22.736578
							],
							[
								114.003463,
								22.736534
							],
							[
								114.003351,
								22.736366
							],
							[
								114.003099,
								22.735949
							],
							[
								114.002762,
								22.735429
							],
							[
								114.002564,
								22.735182
							],
							[
								114.002408,
								22.734964
							],
							[
								114.002327,
								22.734791
							],
							[
								114.002306,
								22.734718
							],
							[
								114.002231,
								22.734692
							],
							[
								114.002112,
								22.734688
							],
							[
								114.001968,
								22.734629
							],
							[
								114.001796,
								22.734534
							],
							[
								114.001678,
								22.734425
							],
							[
								114.001627,
								22.734358
							],
							[
								114.001397,
								22.734124
							],
							[
								114.001042,
								22.733779
							],
							[
								114.00095,
								22.733654
							],
							[
								114.000569,
								22.733586
							],
							[
								114.000184,
								22.733368
							],
							[
								113.999861,
								22.733309
							],
							[
								113.999668,
								22.733224
							],
							[
								113.999408,
								22.732975
							],
							[
								113.999209,
								22.732786
							],
							[
								113.999109,
								22.732693
							],
							[
								113.998774,
								22.732376
							],
							[
								113.99848,
								22.731966
							],
							[
								113.998362,
								22.731783
							],
							[
								113.998206,
								22.731619
							],
							[
								113.998019,
								22.731502
							],
							[
								113.997729,
								22.731388
							],
							[
								113.997583,
								22.731293
							],
							[
								113.997529,
								22.731219
							],
							[
								113.997476,
								22.731115
							],
							[
								113.997407,
								22.731001
							],
							[
								113.997037,
								22.730462
							],
							[
								113.996908,
								22.730318
							],
							[
								113.996504,
								22.730135
							],
							[
								113.996409,
								22.730076
							],
							[
								113.995882,
								22.729957
							],
							[
								113.995764,
								22.729922
							],
							[
								113.995662,
								22.729869
							],
							[
								113.995598,
								22.729783
							],
							[
								113.995507,
								22.729601
							],
							[
								113.995393,
								22.729491
							],
							[
								113.995238,
								22.729418
							],
							[
								113.995114,
								22.729348
							],
							[
								113.995046,
								22.729283
							],
							[
								113.994987,
								22.729179
							],
							[
								113.994884,
								22.728912
							],
							[
								113.994751,
								22.728788
							],
							[
								113.994595,
								22.728684
							],
							[
								113.994456,
								22.7286
							],
							[
								113.994236,
								22.728438
							],
							[
								113.993839,
								22.728156
							],
							[
								113.993345,
								22.72765
							],
							[
								113.993159,
								22.727408
							],
							[
								113.992964,
								22.727032
							],
							[
								113.992922,
								22.726953
							],
							[
								113.992696,
								22.726944
							],
							[
								113.992531,
								22.726884
							],
							[
								113.992349,
								22.726794
							],
							[
								113.992222,
								22.726695
							],
							[
								113.992099,
								22.726541
							],
							[
								113.992029,
								22.726431
							],
							[
								113.991966,
								22.726327
							],
							[
								113.991907,
								22.726189
							],
							[
								113.991891,
								22.726119
							],
							[
								113.991841,
								22.725956
							],
							[
								113.991772,
								22.725898
							],
							[
								113.991596,
								22.725799
							],
							[
								113.991552,
								22.725788
							],
							[
								113.991321,
								22.725704
							],
							[
								113.991166,
								22.72564
							],
							[
								113.991048,
								22.72553
							],
							[
								113.990989,
								22.725436
							],
							[
								113.990822,
								22.725208
							],
							[
								113.990705,
								22.72506
							],
							[
								113.990683,
								22.724926
							],
							[
								113.990699,
								22.724743
							],
							[
								113.990678,
								22.724575
							],
							[
								113.990416,
								22.724476
							],
							[
								113.990216,
								22.724372
							],
							[
								113.989776,
								22.7241
							],
							[
								113.989595,
								22.723996
							],
							[
								113.989268,
								22.723818
							],
							[
								113.989074,
								22.723798
							],
							[
								113.988854,
								22.723754
							],
							[
								113.98865,
								22.72364
							],
							[
								113.988044,
								22.723294
							],
							[
								113.988033,
								22.72316
							],
							[
								113.98799,
								22.722952
							],
							[
								113.987948,
								22.722804
							],
							[
								113.987936,
								22.722731
							],
							[
								113.98739,
								22.721889
							],
							[
								113.987256,
								22.72131
							],
							[
								113.987241,
								22.721082
							],
							[
								113.987202,
								22.721018
							],
							[
								113.987068,
								22.720934
							],
							[
								113.986945,
								22.720771
							],
							[
								113.986853,
								22.720558
							],
							[
								113.986548,
								22.719963
							],
							[
								113.986419,
								22.719785
							],
							[
								113.986222,
								22.719572
							],
							[
								113.986146,
								22.719527
							],
							[
								113.986098,
								22.719468
							],
							[
								113.986098,
								22.71933
							],
							[
								113.986039,
								22.719181
							],
							[
								113.985953,
								22.719023
							],
							[
								113.985851,
								22.718864
							],
							[
								113.985631,
								22.718647
							],
							[
								113.985422,
								22.718464
							],
							[
								113.985278,
								22.71835
							],
							[
								113.985084,
								22.718201
							],
							[
								113.984918,
								22.718137
							],
							[
								113.984712,
								22.718096
							],
							[
								113.984643,
								22.718061
							],
							[
								113.984558,
								22.717958
							],
							[
								113.984508,
								22.717849
							],
							[
								113.984369,
								22.717616
							],
							[
								113.984278,
								22.717507
							],
							[
								113.984111,
								22.71722
							],
							[
								113.984048,
								22.717191
							],
							[
								113.983639,
								22.717052
							],
							[
								113.983452,
								22.716963
							],
							[
								113.983094,
								22.716835
							],
							[
								113.982986,
								22.716746
							],
							[
								113.982691,
								22.716449
							],
							[
								113.982595,
								22.716414
							],
							[
								113.982402,
								22.716405
							],
							[
								113.982251,
								22.716652
							],
							[
								113.982049,
								22.716805
							],
							[
								113.981914,
								22.71687
							],
							[
								113.981796,
								22.716889
							],
							[
								113.981668,
								22.716889
							],
							[
								113.981517,
								22.71685
							],
							[
								113.981393,
								22.716786
							],
							[
								113.981286,
								22.716716
							],
							[
								113.981071,
								22.716454
							],
							[
								113.980953,
								22.716123
							],
							[
								113.980884,
								22.716024
							],
							[
								113.980749,
								22.71592
							],
							[
								113.980599,
								22.715751
							],
							[
								113.980531,
								22.715598
							],
							[
								113.980433,
								22.715177
							],
							[
								113.980402,
								22.715087
							],
							[
								113.980338,
								22.715037
							],
							[
								113.980188,
								22.714963
							],
							[
								113.98,
								22.714889
							],
							[
								113.979919,
								22.714815
							],
							[
								113.979662,
								22.714523
							],
							[
								113.979517,
								22.714305
							],
							[
								113.979469,
								22.714176
							],
							[
								113.979431,
								22.714122
							],
							[
								113.979394,
								22.714092
							],
							[
								113.979115,
								22.713993
							],
							[
								113.978997,
								22.713805
							],
							[
								113.978932,
								22.71378
							],
							[
								113.978745,
								22.71377
							],
							[
								113.978669,
								22.713736
							],
							[
								113.978536,
								22.713657
							],
							[
								113.978331,
								22.713449
							],
							[
								113.978112,
								22.71333
							],
							[
								113.978004,
								22.71329
							],
							[
								113.969048,
								22.711754
							],
							[
								113.95964,
								22.714132
							],
							[
								113.95264,
								22.716132
							],
							[
								113.95048,
								22.718088
							],
							[
								113.949302,
								22.717075
							],
							[
								113.947589,
								22.719124
							],
							[
								113.94668,
								22.717351
							],
							[
								113.936029,
								22.711659
							],
							[
								113.934405,
								22.70624
							],
							[
								113.934296,
								22.706148
							],
							[
								113.93422,
								22.706108
							],
							[
								113.934027,
								22.706044
							],
							[
								113.933984,
								22.706029
							],
							[
								113.933911,
								22.705984
							],
							[
								113.932841,
								22.706621
							],
							[
								113.932729,
								22.706704
							],
							[
								113.932586,
								22.706761
							],
							[
								113.932461,
								22.706851
							],
							[
								113.932245,
								22.707142
							],
							[
								113.931953,
								22.707261
							],
							[
								113.930776,
								22.709241
							],
							[
								113.930753,
								22.709344
							],
							[
								113.930712,
								22.70943
							],
							[
								113.921435,
								22.712044
							],
							[
								113.921299,
								22.712102
							],
							[
								113.921092,
								22.712267
							],
							[
								113.920907,
								22.712455
							],
							[
								113.920741,
								22.712588
							],
							[
								113.92059,
								22.712619
							],
							[
								113.920517,
								22.7126
							],
							[
								113.918685,
								22.712363
							],
							[
								113.91853,
								22.712393
							],
							[
								113.918491,
								22.712396
							],
							[
								113.913803,
								22.712469
							],
							[
								113.913754,
								22.712436
							],
							[
								113.912745,
								22.712426
							],
							[
								113.91211,
								22.712636
							],
							[
								113.911958,
								22.712843
							],
							[
								113.911847,
								22.71331
							],
							[
								113.911447,
								22.713169
							],
							[
								113.911053,
								22.712972
							],
							[
								113.910882,
								22.712874
							],
							[
								113.910642,
								22.712731
							],
							[
								113.909845,
								22.712363
							],
							[
								113.909743,
								22.712347
							],
							[
								113.909686,
								22.712351
							],
							[
								113.909576,
								22.712369
							],
							[
								113.909417,
								22.71221
							],
							[
								113.909395,
								22.712176
							],
							[
								113.909244,
								22.711821
							],
							[
								113.899027,
								22.696519
							],
							[
								113.899179,
								22.696245
							],
							[
								113.899597,
								22.695511
							],
							[
								113.899632,
								22.695453
							],
							[
								113.900092,
								22.694676
							],
							[
								113.900171,
								22.694543
							],
							[
								113.900219,
								22.694462
							],
							[
								113.900206,
								22.694345
							],
							[
								113.900024,
								22.694339
							],
							[
								113.892464,
								22.696466
							],
							[
								113.892496,
								22.696302
							],
							[
								113.892502,
								22.696268
							],
							[
								113.892659,
								22.695232
							],
							[
								113.892731,
								22.69475
							],
							[
								113.891637,
								22.693696
							],
							[
								113.891585,
								22.693654
							],
							[
								113.891378,
								22.693485
							],
							[
								113.891254,
								22.693383
							],
							[
								113.890405,
								22.692472
							],
							[
								113.890081,
								22.692123
							],
							[
								113.889984,
								22.692019
							],
							[
								113.8875,
								22.691192
							],
							[
								113.887133,
								22.691176
							],
							[
								113.887057,
								22.691173
							],
							[
								113.886826,
								22.691162
							],
							[
								113.886734,
								22.691158
							],
							[
								113.886472,
								22.691275
							],
							[
								113.885813,
								22.691732
							],
							[
								113.885181,
								22.69217
							],
							[
								113.884375,
								22.692261
							],
							[
								113.884176,
								22.692284
							],
							[
								113.883519,
								22.692358
							],
							[
								113.883492,
								22.692361
							],
							[
								113.883442,
								22.692367
							],
							[
								113.88284,
								22.692465
							],
							[
								113.881905,
								22.692617
							],
							[
								113.881596,
								22.692668
							],
							[
								113.881097,
								22.692749
							],
							[
								113.880608,
								22.692838
							],
							[
								113.879165,
								22.6931
							],
							[
								113.878456,
								22.691665
							],
							[
								113.877039,
								22.690653
							],
							[
								113.876924,
								22.690646
							],
							[
								113.876887,
								22.690633
							],
							[
								113.876601,
								22.690373
							],
							[
								113.876306,
								22.690071
							],
							[
								113.87624,
								22.68998
							],
							[
								113.87609,
								22.689833
							],
							[
								113.875967,
								22.689751
							],
							[
								113.875809,
								22.689651
							],
							[
								113.875601,
								22.689518
							],
							[
								113.875524,
								22.689461
							],
							[
								113.875255,
								22.688985
							],
							[
								113.87505,
								22.689631
							],
							[
								113.874933,
								22.689945
							],
							[
								113.874923,
								22.690349
							],
							[
								113.874894,
								22.690416
							],
							[
								113.87483,
								22.690531
							],
							[
								113.874859,
								22.690659
							],
							[
								113.874874,
								22.690778
							],
							[
								113.8748,
								22.69085
							],
							[
								113.874774,
								22.690884
							],
							[
								113.874717,
								22.69093
							],
							[
								113.874694,
								22.690955
							],
							[
								113.874651,
								22.690985
							],
							[
								113.870975,
								22.696132
							],
							[
								113.871016,
								22.696216
							],
							[
								113.871198,
								22.696585
							],
							[
								113.871257,
								22.696674
							],
							[
								113.871283,
								22.696734
							],
							[
								113.871382,
								22.696979
							],
							[
								113.871407,
								22.697011
							],
							[
								113.871557,
								22.697111
							],
							[
								113.87164,
								22.697157
							],
							[
								113.871683,
								22.697176
							],
							[
								113.871725,
								22.697189
							],
							[
								113.871915,
								22.697237
							],
							[
								113.872072,
								22.697288
							],
							[
								113.872186,
								22.697322
							],
							[
								113.872281,
								22.69735
							],
							[
								113.87243,
								22.697383
							],
							[
								113.872598,
								22.697426
							],
							[
								113.872708,
								22.697464
							],
							[
								113.87284,
								22.697536
							],
							[
								113.872977,
								22.697706
							],
							[
								113.873195,
								22.702584
							],
							[
								113.872955,
								22.704107
							],
							[
								113.874335,
								22.703905
							],
							[
								113.874346,
								22.703907
							],
							[
								113.871303,
								22.712602
							],
							[
								113.871961,
								22.713467
							],
							[
								113.872009,
								22.713545
							],
							[
								113.872046,
								22.71361
							],
							[
								113.872067,
								22.713653
							],
							[
								113.872164,
								22.713854
							],
							[
								113.872253,
								22.714005
							],
							[
								113.872384,
								22.71413
							],
							[
								113.872435,
								22.714181
							],
							[
								113.871868,
								22.71741
							],
							[
								113.871937,
								22.717433
							],
							[
								113.872047,
								22.717465
							],
							[
								113.872126,
								22.717493
							],
							[
								113.875706,
								22.723211
							],
							[
								113.875678,
								22.723245
							],
							[
								113.877877,
								22.737837
							],
							[
								113.877678,
								22.738068
							],
							[
								113.87494,
								22.752617
							],
							[
								113.874959,
								22.752672
							],
							[
								113.874967,
								22.752692
							],
							[
								113.874979,
								22.752727
							],
							[
								113.874984,
								22.752742
							],
							[
								113.874995,
								22.752777
							],
							[
								113.875,
								22.752788
							],
							[
								113.874979,
								22.7528
							],
							[
								113.874953,
								22.752813
							],
							[
								113.874928,
								22.752826
							],
							[
								113.874855,
								22.752868
							],
							[
								113.874807,
								22.752901
							],
							[
								113.874791,
								22.752912
							],
							[
								113.874773,
								22.752924
							],
							[
								113.872584,
								22.757357
							],
							[
								113.872593,
								22.757378
							],
							[
								113.872722,
								22.757681
							],
							[
								113.872862,
								22.758005
							],
							[
								113.872937,
								22.75818
							],
							[
								113.873008,
								22.758343
							],
							[
								113.873031,
								22.758395
							],
							[
								113.87307,
								22.758489
							],
							[
								113.87325,
								22.758909
							],
							[
								113.873579,
								22.758818
							],
							[
								113.864914,
								22.76746
							],
							[
								113.86484,
								22.767907
							],
							[
								113.864835,
								22.767907
							],
							[
								113.864783,
								22.767903
							],
							[
								113.864762,
								22.767897
							],
							[
								113.864755,
								22.767895
							],
							[
								113.864731,
								22.767893
							],
							[
								113.85889,
								22.773958
							],
							[
								113.858771,
								22.774114
							],
							[
								113.858658,
								22.774244
							],
							[
								113.858574,
								22.774303
							],
							[
								113.8585,
								22.774346
							],
							[
								113.858417,
								22.774397
							],
							[
								113.858346,
								22.774446
							],
							[
								113.858297,
								22.774717
							],
							[
								113.85831,
								22.774796
							],
							[
								113.858943,
								22.775778
							],
							[
								113.858306,
								22.775798
							],
							[
								113.858002,
								22.775797
							],
							[
								113.857693,
								22.77581
							],
							[
								113.857227,
								22.775826
							],
							[
								113.856979,
								22.775827
							],
							[
								113.856438,
								22.779859
							],
							[
								113.856524,
								22.779968
							],
							[
								113.856605,
								22.780072
							],
							[
								113.856652,
								22.780132
							],
							[
								113.856676,
								22.780163
							],
							[
								113.856704,
								22.780196
							],
							[
								113.856774,
								22.780287
							],
							[
								113.856793,
								22.780311
							],
							[
								113.856813,
								22.780336
							],
							[
								113.856848,
								22.780387
							],
							[
								113.85692,
								22.780529
							],
							[
								113.856997,
								22.780657
							],
							[
								113.857434,
								22.780976
							],
							[
								113.857441,
								22.780981
							],
							[
								113.858154,
								22.781652
							],
							[
								113.857612,
								22.781557
							],
							[
								113.857407,
								22.781501
							],
							[
								113.857275,
								22.7815
							],
							[
								113.856904,
								22.781392
							],
							[
								113.856846,
								22.781375
							],
							[
								113.856806,
								22.781399
							],
							[
								113.85653,
								22.781813
							],
							[
								113.85642,
								22.781766
							],
							[
								113.856331,
								22.781729
							],
							[
								113.856302,
								22.78177
							],
							[
								113.856193,
								22.781699
							],
							[
								113.856184,
								22.781711
							],
							[
								113.856031,
								22.781924
							],
							[
								113.856085,
								22.782005
							],
							[
								113.856074,
								22.782043
							],
							[
								113.855963,
								22.782272
							],
							[
								113.855916,
								22.782358
							],
							[
								113.855873,
								22.782436
							],
							[
								113.85463,
								22.785029
							],
							[
								113.854259,
								22.787693
							],
							[
								113.854209,
								22.788565
							],
							[
								113.854197,
								22.788713
							],
							[
								113.854149,
								22.789132
							],
							[
								113.854148,
								22.789256
							],
							[
								113.854134,
								22.789323
							],
							[
								113.854141,
								22.789575
							],
							[
								113.856187,
								22.79135
							],
							[
								113.856213,
								22.791346
							],
							[
								113.856275,
								22.791331
							],
							[
								113.856346,
								22.791316
							],
							[
								113.856399,
								22.791308
							],
							[
								113.85642,
								22.791311
							],
							[
								113.856476,
								22.791309
							],
							[
								113.8565,
								22.791311
							],
							[
								113.856522,
								22.791314
							],
							[
								113.856576,
								22.791319
							],
							[
								113.856634,
								22.791318
							],
							[
								113.856689,
								22.791306
							],
							[
								113.85672,
								22.791298
							],
							[
								113.856823,
								22.79128
							],
							[
								113.856876,
								22.791274
							],
							[
								113.859779,
								22.793258
							],
							[
								113.859753,
								22.7935
							],
							[
								113.861135,
								22.793503
							],
							[
								113.861174,
								22.793512
							],
							[
								113.866367,
								22.795747
							],
							[
								113.878024,
								22.804038
							],
							[
								113.878303,
								22.80434
							],
							[
								113.878451,
								22.804635
							],
							[
								113.878502,
								22.804932
							],
							[
								113.878442,
								22.804983
							],
							[
								113.87847,
								22.805125
							],
							[
								113.878616,
								22.805395
							],
							[
								113.87858,
								22.80542
							],
							[
								113.878571,
								22.805544
							],
							[
								113.878711,
								22.806049
							],
							[
								113.878702,
								22.806216
							],
							[
								113.878699,
								22.806273
							],
							[
								113.878742,
								22.806492
							],
							[
								113.885031,
								22.824472
							],
							[
								113.885101,
								22.824599
							],
							[
								113.884902,
								22.824818
							],
							[
								113.884857,
								22.824833
							],
							[
								113.88484,
								22.824838
							],
							[
								113.88495,
								22.825451
							],
							[
								113.885174,
								22.824762
							],
							[
								113.885293,
								22.824396
							],
							[
								113.885627,
								22.823368
							],
							[
								113.885772,
								22.822923
							],
							[
								113.886159,
								22.82303
							],
							[
								113.886246,
								22.82307
							],
							[
								113.886356,
								22.823131
							],
							[
								113.886415,
								22.823183
							],
							[
								113.889483,
								22.823187
							],
							[
								113.889506,
								22.823239
							],
							[
								113.889531,
								22.823327
							],
							[
								113.889586,
								22.823453
							],
							[
								113.889605,
								22.823483
							],
							[
								113.889662,
								22.82354
							],
							[
								113.889701,
								22.823564
							],
							[
								113.889789,
								22.823563
							],
							[
								113.889833,
								22.823546
							],
							[
								113.889814,
								22.823484
							],
							[
								113.889788,
								22.823265
							],
							[
								113.889807,
								22.823249
							],
							[
								113.889845,
								22.823207
							],
							[
								113.889885,
								22.82316
							],
							[
								113.8899,
								22.823139
							],
							[
								113.889938,
								22.823087
							],
							[
								113.890198,
								22.822245
							],
							[
								113.890296,
								22.82223
							],
							[
								113.890478,
								22.822201
							],
							[
								113.890707,
								22.822277
							],
							[
								113.890966,
								22.822442
							],
							[
								113.891008,
								22.822747
							],
							[
								113.891174,
								22.823116
							],
							[
								113.890884,
								22.823497
							],
							[
								113.890893,
								22.823966
							],
							[
								113.890778,
								22.824537
							],
							[
								113.890816,
								22.824637
							],
							[
								113.891206,
								22.825003
							],
							[
								113.891502,
								22.825891
							],
							[
								113.891658,
								22.82594
							],
							[
								113.891721,
								22.826674
							],
							[
								113.89184,
								22.82703
							],
							[
								113.892193,
								22.827587
							],
							[
								113.892449,
								22.827956
							],
							[
								113.892679,
								22.828136
							],
							[
								113.892811,
								22.828303
							],
							[
								113.893021,
								22.828751
							],
							[
								113.893292,
								22.829097
							],
							[
								113.893116,
								22.829397
							],
							[
								113.892964,
								22.829946
							],
							[
								113.893877,
								22.830919
							],
							[
								113.893919,
								22.830952
							],
							[
								113.893995,
								22.830969
							],
							[
								113.894055,
								22.83099
							],
							[
								113.89421,
								22.831041
							],
							[
								113.894516,
								22.831121
							],
							[
								113.894733,
								22.831167
							],
							[
								113.894896,
								22.831218
							],
							[
								113.894983,
								22.831263
							],
							[
								113.895108,
								22.831383
							],
							[
								113.895434,
								22.831493
							],
							[
								113.895874,
								22.831686
							],
							[
								113.896401,
								22.831888
							],
							[
								113.901107,
								22.831683
							],
							[
								113.90177,
								22.832188
							],
							[
								113.901903,
								22.83229
							],
							[
								113.902042,
								22.832346
							],
							[
								113.902941,
								22.832645
							],
							[
								113.903362,
								22.83273
							],
							[
								113.908514,
								22.833246
							],
							[
								113.909533,
								22.833173
							],
							[
								113.909685,
								22.833113
							],
							[
								113.909742,
								22.833051
							],
							[
								113.909798,
								22.832956
							],
							[
								113.909838,
								22.832846
							]
						]
					]
				]
			}
		}
	]
}