{
	"type": "FeatureCollection",
	"features": [
		{
			"type": "Feature",
			"id": "440307",
			"properties": {
				"name": "龙岗区",
				"cp": [
					114.265372,
					22.711511
				],
				"childNum": 1
			},
			"geometry": {
				"type": "MultiPolygon",
				"coordinates": [
					[
						[
							[
								114.071592,
								22.592746
							],
							[
								114.071481,
								22.59281
							],
							[
								114.069936,
								22.595511
							],
							[
								114.069009,
								22.596462
							],
							[
								114.067664,
								22.597117
							],
							[
								114.067363,
								22.597109
							],
							[
								114.066202,
								22.596646
							],
							[
								114.065562,
								22.596626
							],
							[
								114.064083,
								22.59802
							],
							[
								114.063924,
								22.598431
							],
							[
								114.063854,
								22.598612
							],
							[
								114.063791,
								22.598803
							],
							[
								114.063784,
								22.598878
							],
							[
								114.063758,
								22.598993
							],
							[
								114.063457,
								22.599291
							],
							[
								114.062467,
								22.599253
							],
							[
								114.062247,
								22.599373
							],
							[
								114.061853,
								22.598742
							],
							[
								114.062586,
								22.597345
							],
							[
								114.062999,
								22.59699
							],
							[
								114.063059,
								22.596938
							],
							[
								114.063117,
								22.596888
							],
							[
								114.063147,
								22.596863
							],
							[
								114.063206,
								22.596811
							],
							[
								114.063234,
								22.596787
							],
							[
								114.063264,
								22.596762
							],
							[
								114.063444,
								22.596606
							],
							[
								114.063002,
								22.596181
							],
							[
								114.062863,
								22.596046
							],
							[
								114.062768,
								22.595954
							],
							[
								114.062628,
								22.59582
							],
							[
								114.062515,
								22.595676
							],
							[
								114.06216,
								22.595911
							],
							[
								114.061274,
								22.597528
							],
							[
								114.060797,
								22.598017
							],
							[
								114.060896,
								22.598109
							],
							[
								114.060419,
								22.601391
							],
							[
								114.059131,
								22.6021
							],
							[
								114.058156,
								22.602929
							],
							[
								114.05864,
								22.6038
							],
							[
								114.05929,
								22.605355
							],
							[
								114.059363,
								22.605517
							],
							[
								114.059369,
								22.605532
							],
							[
								114.059431,
								22.605671
							],
							[
								114.059442,
								22.605694
							],
							[
								114.059511,
								22.605848
							],
							[
								114.059674,
								22.606696
							],
							[
								114.059678,
								22.606731
							],
							[
								114.059698,
								22.606888
							],
							[
								114.059703,
								22.607008
							],
							[
								114.059708,
								22.60714
							],
							[
								114.059707,
								22.607202
							],
							[
								114.058998,
								22.610544
							],
							[
								114.058955,
								22.610733
							],
							[
								114.058508,
								22.612672
							],
							[
								114.057571,
								22.613713
							],
							[
								114.056786,
								22.614329
							],
							[
								114.056638,
								22.614542
							],
							[
								114.056503,
								22.616412
							],
							[
								114.056499,
								22.616464
							],
							[
								114.056489,
								22.616605
							],
							[
								114.056485,
								22.616658
							],
							[
								114.056399,
								22.617849
							],
							[
								114.056256,
								22.617977
							],
							[
								114.056314,
								22.618653
							],
							[
								114.056558,
								22.619366
							],
							[
								114.0565,
								22.621129
							],
							[
								114.056206,
								22.621466
							],
							[
								114.055569,
								22.621907
							],
							[
								114.05551,
								22.621949
							],
							[
								114.055412,
								22.622019
							],
							[
								114.055352,
								22.622062
							],
							[
								114.054651,
								22.622566
							],
							[
								114.054286,
								22.622151
							],
							[
								114.054699,
								22.61959
							],
							[
								114.054713,
								22.619507
							],
							[
								114.05473,
								22.619399
							],
							[
								114.054744,
								22.619315
							],
							[
								114.054961,
								22.617968
							],
							[
								114.054852,
								22.617801
							],
							[
								114.054646,
								22.61782
							],
							[
								114.05353,
								22.618426
							],
							[
								114.053512,
								22.618919
							],
							[
								114.053508,
								22.619008
							],
							[
								114.053505,
								22.619112
							],
							[
								114.053501,
								22.619201
							],
							[
								114.053388,
								22.621898
							],
							[
								114.053632,
								22.622388
							],
							[
								114.053516,
								22.622681
							],
							[
								114.053544,
								22.623343
							],
							[
								114.053552,
								22.623537
							],
							[
								114.053613,
								22.624212
							],
							[
								114.053613,
								22.6243
							],
							[
								114.053617,
								22.624406
							],
							[
								114.053526,
								22.624831
							],
							[
								114.052938,
								22.625125
							],
							[
								114.052808,
								22.625188
							],
							[
								114.052764,
								22.625212
							],
							[
								114.052149,
								22.625696
							],
							[
								114.051207,
								22.626231
							],
							[
								114.051001,
								22.626673
							],
							[
								114.050992,
								22.626738
							],
							[
								114.050988,
								22.626773
							],
							[
								114.050987,
								22.626778
							],
							[
								114.050961,
								22.626848
							],
							[
								114.050968,
								22.626921
							],
							[
								114.050967,
								22.62693
							],
							[
								114.050962,
								22.62697
							],
							[
								114.050902,
								22.627651
							],
							[
								114.051033,
								22.628291
							],
							[
								114.051072,
								22.628481
							],
							[
								114.051183,
								22.629026
							],
							[
								114.051199,
								22.629106
							],
							[
								114.051221,
								22.629216
							],
							[
								114.051238,
								22.629296
							],
							[
								114.051321,
								22.629704
							],
							[
								114.05136,
								22.629894
							],
							[
								114.052022,
								22.633147
							],
							[
								114.052025,
								22.63374
							],
							[
								114.052027,
								22.633769
							],
							[
								114.052034,
								22.633823
							],
							[
								114.05204,
								22.633933
							],
							[
								114.05201,
								22.634203
							],
							[
								114.051985,
								22.634308
							],
							[
								114.051967,
								22.634392
							],
							[
								114.051947,
								22.634577
							],
							[
								114.051963,
								22.634618
							],
							[
								114.051994,
								22.634718
							],
							[
								114.052009,
								22.634761
							],
							[
								114.052211,
								22.635359
							],
							[
								114.052226,
								22.635416
							],
							[
								114.052274,
								22.635543
							],
							[
								114.052279,
								22.635557
							],
							[
								114.052301,
								22.635594
							],
							[
								114.053326,
								22.635513
							],
							[
								114.054861,
								22.635216
							],
							[
								114.054893,
								22.635209
							],
							[
								114.054918,
								22.635203
							],
							[
								114.05505,
								22.635171
							],
							[
								114.055068,
								22.635167
							],
							[
								114.055107,
								22.635157
							],
							[
								114.055848,
								22.634971
							],
							[
								114.056022,
								22.635741
							],
							[
								114.056031,
								22.635778
							],
							[
								114.056021,
								22.635839
							],
							[
								114.056084,
								22.636149
							],
							[
								114.056132,
								22.636238
							],
							[
								114.056178,
								22.636525
							],
							[
								114.055173,
								22.638259
							],
							[
								114.055134,
								22.638318
							],
							[
								114.055067,
								22.638421
							],
							[
								114.055027,
								22.638479
							],
							[
								114.054946,
								22.638594
							],
							[
								114.054919,
								22.638639
							],
							[
								114.054188,
								22.640229
							],
							[
								114.054601,
								22.641386
							],
							[
								114.054853,
								22.641784
							],
							[
								114.055216,
								22.642062
							],
							[
								114.055648,
								22.642136
							],
							[
								114.055936,
								22.642338
							],
							[
								114.055175,
								22.646325
							],
							[
								114.05509,
								22.646407
							],
							[
								114.055,
								22.64644
							],
							[
								114.054988,
								22.646445
							],
							[
								114.054912,
								22.646479
							],
							[
								114.054823,
								22.646518
							],
							[
								114.053395,
								22.647382
							],
							[
								114.050995,
								22.647235
							],
							[
								114.050926,
								22.647231
							],
							[
								114.050801,
								22.647223
							],
							[
								114.050732,
								22.647219
							],
							[
								114.050231,
								22.647168
							],
							[
								114.050093,
								22.647427
							],
							[
								114.05113,
								22.650226
							],
							[
								114.051279,
								22.650283
							],
							[
								114.052191,
								22.649878
							],
							[
								114.052245,
								22.649855
							],
							[
								114.052369,
								22.649799
							],
							[
								114.052422,
								22.649776
							],
							[
								114.054703,
								22.649052
							],
							[
								114.054792,
								22.649026
							],
							[
								114.054889,
								22.648998
							],
							[
								114.054973,
								22.648974
							],
							[
								114.054972,
								22.648998
							],
							[
								114.054968,
								22.64905
							],
							[
								114.054674,
								22.65594
							],
							[
								114.054668,
								22.656067
							],
							[
								114.054665,
								22.656134
							],
							[
								114.054541,
								22.658865
							],
							[
								114.054538,
								22.658921
							],
							[
								114.054534,
								22.658983
							],
							[
								114.054532,
								22.659059
							],
							[
								114.054532,
								22.659084
							],
							[
								114.05453,
								22.659115
							],
							[
								114.054518,
								22.659526
							],
							[
								114.055476,
								22.659986
							],
							[
								114.056012,
								22.66041
							],
							[
								114.056179,
								22.660836
							],
							[
								114.056206,
								22.660903
							],
							[
								114.056221,
								22.660942
							],
							[
								114.056241,
								22.660999
							],
							[
								114.056247,
								22.661018
							],
							[
								114.056279,
								22.661117
							],
							[
								114.056282,
								22.661127
							],
							[
								114.05648,
								22.661822
							],
							[
								114.056509,
								22.662651
							],
							[
								114.056108,
								22.66325
							],
							[
								114.055788,
								22.663537
							],
							[
								114.054826,
								22.663812
							],
							[
								114.054297,
								22.664535
							],
							[
								114.05418,
								22.664877
							],
							[
								114.05417,
								22.665906
							],
							[
								114.054287,
								22.666102
							],
							[
								114.057502,
								22.665613
							],
							[
								114.057609,
								22.665597
							],
							[
								114.05768,
								22.665651
							],
							[
								114.057763,
								22.665715
							],
							[
								114.058056,
								22.665581
							],
							[
								114.058127,
								22.665512
							],
							[
								114.058342,
								22.66538
							],
							[
								114.058457,
								22.665324
							],
							[
								114.058697,
								22.665222
							],
							[
								114.059344,
								22.664862
							],
							[
								114.059376,
								22.664848
							],
							[
								114.059422,
								22.664842
							],
							[
								114.059445,
								22.664863
							],
							[
								114.059487,
								22.664911
							],
							[
								114.059506,
								22.664931
							],
							[
								114.061344,
								22.667141
							],
							[
								114.061784,
								22.667831
							],
							[
								114.061801,
								22.667854
							],
							[
								114.061815,
								22.667879
							],
							[
								114.062364,
								22.668739
							],
							[
								114.062908,
								22.669373
							],
							[
								114.062889,
								22.669779
							],
							[
								114.062032,
								22.671031
							],
							[
								114.061965,
								22.671808
							],
							[
								114.062087,
								22.672131
							],
							[
								114.062822,
								22.672595
							],
							[
								114.063267,
								22.673626
							],
							[
								114.063285,
								22.673662
							],
							[
								114.063305,
								22.673702
							],
							[
								114.063328,
								22.673749
							],
							[
								114.063362,
								22.673795
							],
							[
								114.063386,
								22.673828
							],
							[
								114.063412,
								22.673863
							],
							[
								114.063884,
								22.674477
							],
							[
								114.064062,
								22.674497
							],
							[
								114.064353,
								22.674318
							],
							[
								114.064244,
								22.673993
							],
							[
								114.064956,
								22.672757
							],
							[
								114.065053,
								22.672589
							],
							[
								114.065624,
								22.671598
							],
							[
								114.065796,
								22.671549
							],
							[
								114.067445,
								22.67271
							],
							[
								114.067941,
								22.673284
							],
							[
								114.068335,
								22.67408
							],
							[
								114.068425,
								22.674252
							],
							[
								114.068811,
								22.674739
							],
							[
								114.068861,
								22.674776
							],
							[
								114.068877,
								22.674787
							],
							[
								114.068916,
								22.674782
							],
							[
								114.068954,
								22.674781
							],
							[
								114.068983,
								22.674789
							],
							[
								114.069016,
								22.674807
							],
							[
								114.069043,
								22.674831
							],
							[
								114.069055,
								22.674855
							],
							[
								114.06909,
								22.674934
							],
							[
								114.06931,
								22.674967
							],
							[
								114.069845,
								22.674714
							],
							[
								114.071332,
								22.673732
							],
							[
								114.072573,
								22.673128
							],
							[
								114.074028,
								22.673442
							],
							[
								114.074259,
								22.673578
							],
							[
								114.074952,
								22.674514
							],
							[
								114.075259,
								22.674791
							],
							[
								114.075982,
								22.675238
							],
							[
								114.076531,
								22.675208
							],
							[
								114.078723,
								22.674374
							],
							[
								114.079317,
								22.67281
							],
							[
								114.080369,
								22.671554
							],
							[
								114.080377,
								22.671439
							],
							[
								114.080376,
								22.671357
							],
							[
								114.080374,
								22.671283
							],
							[
								114.080361,
								22.671246
							],
							[
								114.080356,
								22.671231
							],
							[
								114.080333,
								22.671169
							],
							[
								114.080227,
								22.670664
							],
							[
								114.080407,
								22.670262
							],
							[
								114.081396,
								22.669651
							],
							[
								114.081301,
								22.668325
							],
							[
								114.082558,
								22.665455
							],
							[
								114.083299,
								22.664465
							],
							[
								114.084305,
								22.664299
							],
							[
								114.085356,
								22.663403
							],
							[
								114.08518,
								22.662807
							],
							[
								114.085232,
								22.662034
							],
							[
								114.085686,
								22.660524
							],
							[
								114.085907,
								22.66031
							],
							[
								114.088963,
								22.658829
							],
							[
								114.089207,
								22.658874
							],
							[
								114.091623,
								22.661387
							],
							[
								114.0918,
								22.661458
							],
							[
								114.092616,
								22.663402
							],
							[
								114.093156,
								22.664131
							],
							[
								114.093371,
								22.664149
							],
							[
								114.093491,
								22.66431
							],
							[
								114.093581,
								22.6644
							],
							[
								114.093609,
								22.664427
							],
							[
								114.093648,
								22.66445
							],
							[
								114.093715,
								22.66449
							],
							[
								114.093738,
								22.664514
							],
							[
								114.094686,
								22.665401
							],
							[
								114.095056,
								22.665503
							],
							[
								114.098206,
								22.667684
							],
							[
								114.098393,
								22.667899
							],
							[
								114.100106,
								22.668366
							],
							[
								114.100601,
								22.668648
							],
							[
								114.100033,
								22.672236
							],
							[
								114.100285,
								22.673588
							],
							[
								114.100116,
								22.675353
							],
							[
								114.100056,
								22.675492
							],
							[
								114.099615,
								22.675802
							],
							[
								114.096868,
								22.68055
							],
							[
								114.096725,
								22.681242
							],
							[
								114.095934,
								22.682647
							],
							[
								114.095292,
								22.683517
							],
							[
								114.095095,
								22.684332
							],
							[
								114.095142,
								22.684789
							],
							[
								114.096653,
								22.687477
							],
							[
								114.097189,
								22.687782
							],
							[
								114.099782,
								22.688076
							],
							[
								114.099816,
								22.688079
							],
							[
								114.099975,
								22.688094
							],
							[
								114.100009,
								22.688098
							],
							[
								114.101119,
								22.688194
							],
							[
								114.101168,
								22.688201
							],
							[
								114.101226,
								22.688218
							],
							[
								114.101299,
								22.688246
							],
							[
								114.101305,
								22.688248
							],
							[
								114.101507,
								22.688319
							],
							[
								114.101592,
								22.688366
							],
							[
								114.101673,
								22.688418
							],
							[
								114.101904,
								22.688573
							],
							[
								114.101933,
								22.688685
							],
							[
								114.101933,
								22.688783
							],
							[
								114.101912,
								22.688839
							],
							[
								114.101878,
								22.688862
							],
							[
								114.101874,
								22.688865
							],
							[
								114.101856,
								22.688876
							],
							[
								114.101712,
								22.688972
							],
							[
								114.100222,
								22.689959
							],
							[
								114.099826,
								22.689839
							],
							[
								114.098641,
								22.690086
							],
							[
								114.098575,
								22.6901
							],
							[
								114.098539,
								22.690114
							],
							[
								114.09853,
								22.690117
							],
							[
								114.098478,
								22.690152
							],
							[
								114.098464,
								22.690161
							],
							[
								114.098404,
								22.690196
							],
							[
								114.098372,
								22.690213
							],
							[
								114.097719,
								22.690611
							],
							[
								114.097594,
								22.690698
							],
							[
								114.097572,
								22.690736
							],
							[
								114.097453,
								22.690941
							],
							[
								114.097356,
								22.69111
							],
							[
								114.097286,
								22.691233
							],
							[
								114.09728,
								22.691269
							],
							[
								114.097257,
								22.691398
							],
							[
								114.09725,
								22.691424
							],
							[
								114.097241,
								22.691459
							],
							[
								114.096276,
								22.692095
							],
							[
								114.095901,
								22.69256
							],
							[
								114.095654,
								22.692976
							],
							[
								114.095439,
								22.693313
							],
							[
								114.095214,
								22.693511
							],
							[
								114.094935,
								22.693611
							],
							[
								114.094796,
								22.693759
							],
							[
								114.094549,
								22.693947
							],
							[
								114.094216,
								22.694126
							],
							[
								114.093895,
								22.694205
							],
							[
								114.094023,
								22.694541
							],
							[
								114.094048,
								22.694907
							],
							[
								114.093969,
								22.695899
							],
							[
								114.093591,
								22.697649
							],
							[
								114.093575,
								22.699018
							],
							[
								114.093571,
								22.699078
							],
							[
								114.093566,
								22.699142
							],
							[
								114.093557,
								22.699211
							],
							[
								114.093549,
								22.699271
							],
							[
								114.093367,
								22.699799
							],
							[
								114.093441,
								22.700177
							],
							[
								114.094134,
								22.700632
							],
							[
								114.095061,
								22.701651
							],
							[
								114.095964,
								22.702884
							],
							[
								114.097269,
								22.704052
							],
							[
								114.097685,
								22.704279
							],
							[
								114.098844,
								22.704654
							],
							[
								114.099643,
								22.704489
							],
							[
								114.100629,
								22.704484
							],
							[
								114.100804,
								22.704652
							],
							[
								114.104043,
								22.70553
							],
							[
								114.104164,
								22.707141
							],
							[
								114.104601,
								22.708195
							],
							[
								114.106494,
								22.7098
							],
							[
								114.106458,
								22.71076
							],
							[
								114.106906,
								22.711829
							],
							[
								114.109278,
								22.714109
							],
							[
								114.109182,
								22.715416
							],
							[
								114.109226,
								22.716563
							],
							[
								114.109422,
								22.717408
							],
							[
								114.109586,
								22.71747
							],
							[
								114.110381,
								22.718443
							],
							[
								114.112437,
								22.720018
							],
							[
								114.112969,
								22.720772
							],
							[
								114.113366,
								22.72103
							],
							[
								114.113924,
								22.721152
							],
							[
								114.114177,
								22.721454
							],
							[
								114.11459,
								22.722321
							],
							[
								114.115443,
								22.722982
							],
							[
								114.117636,
								22.723252
							],
							[
								114.117602,
								22.72315
							],
							[
								114.119696,
								22.7196
							],
							[
								114.121241,
								22.718681
							],
							[
								114.121552,
								22.718003
							],
							[
								114.121889,
								22.717515
							],
							[
								114.12203,
								22.7165
							],
							[
								114.121978,
								22.716257
							],
							[
								114.123011,
								22.71568
							],
							[
								114.123559,
								22.715202
							],
							[
								114.123856,
								22.715117
							],
							[
								114.124559,
								22.715217
							],
							[
								114.125068,
								22.715924
							],
							[
								114.125081,
								22.715949
							],
							[
								114.125085,
								22.715949
							],
							[
								114.125689,
								22.716788
							],
							[
								114.127541,
								22.716924
							],
							[
								114.129516,
								22.716763
							],
							[
								114.12981,
								22.716658
							],
							[
								114.129998,
								22.71646
							],
							[
								114.130194,
								22.716042
							],
							[
								114.130641,
								22.714844
							],
							[
								114.131077,
								22.714112
							],
							[
								114.131449,
								22.713685
							],
							[
								114.131754,
								22.713484
							],
							[
								114.135335,
								22.712101
							],
							[
								114.136174,
								22.712677
							],
							[
								114.137297,
								22.714499
							],
							[
								114.13717,
								22.715703
							],
							[
								114.137308,
								22.716326
							],
							[
								114.138019,
								22.71634
							],
							[
								114.139418,
								22.716152
							],
							[
								114.144664,
								22.714183
							],
							[
								114.144529,
								22.710493
							],
							[
								114.143147,
								22.709684
							],
							[
								114.1431,
								22.709372
							],
							[
								114.143182,
								22.708897
							],
							[
								114.143837,
								22.707638
							],
							[
								114.144572,
								22.706727
							],
							[
								114.144788,
								22.706575
							],
							[
								114.145736,
								22.706417
							],
							[
								114.145977,
								22.706166
							],
							[
								114.146016,
								22.705977
							],
							[
								114.145939,
								22.705493
							],
							[
								114.145449,
								22.704262
							],
							[
								114.144628,
								22.70275
							],
							[
								114.144565,
								22.702251
							],
							[
								114.144658,
								22.701695
							],
							[
								114.145058,
								22.701176
							],
							[
								114.146706,
								22.700361
							],
							[
								114.147643,
								22.700151
							],
							[
								114.148346,
								22.700095
							],
							[
								114.149416,
								22.699733
							],
							[
								114.149881,
								22.699452
							],
							[
								114.150604,
								22.697374
							],
							[
								114.151939,
								22.695352
							],
							[
								114.15206,
								22.694601
							],
							[
								114.152656,
								22.693153
							],
							[
								114.152914,
								22.692108
							],
							[
								114.15287,
								22.691841
							],
							[
								114.151782,
								22.690136
							],
							[
								114.158826,
								22.685945
							],
							[
								114.159504,
								22.685514
							],
							[
								114.160101,
								22.685006
							],
							[
								114.161121,
								22.685228
							],
							[
								114.161626,
								22.685275
							],
							[
								114.163618,
								22.682723
							],
							[
								114.164345,
								22.682341
							],
							[
								114.164397,
								22.682314
							],
							[
								114.164516,
								22.682251
							],
							[
								114.164568,
								22.682223
							],
							[
								114.167437,
								22.680697
							],
							[
								114.168139,
								22.679841
							],
							[
								114.168155,
								22.679804
							],
							[
								114.168169,
								22.679694
							],
							[
								114.168176,
								22.679651
							],
							[
								114.168231,
								22.678779
							],
							[
								114.166518,
								22.678713
							],
							[
								114.166338,
								22.678352
							],
							[
								114.166861,
								22.676661
							],
							[
								114.167137,
								22.675043
							],
							[
								114.167535,
								22.674458
							],
							[
								114.167595,
								22.673681
							],
							[
								114.167435,
								22.672918
							],
							[
								114.167419,
								22.672873
							],
							[
								114.167396,
								22.672744
							],
							[
								114.167391,
								22.672729
							],
							[
								114.16639,
								22.670761
							],
							[
								114.166207,
								22.670672
							],
							[
								114.164741,
								22.667501
							],
							[
								114.164463,
								22.666418
							],
							[
								114.163901,
								22.665376
							],
							[
								114.163768,
								22.665286
							],
							[
								114.163489,
								22.665302
							],
							[
								114.163094,
								22.665767
							],
							[
								114.162621,
								22.667102
							],
							[
								114.162151,
								22.667311
							],
							[
								114.161211,
								22.668081
							],
							[
								114.160496,
								22.668848
							],
							[
								114.157725,
								22.668181
							],
							[
								114.155467,
								22.668934
							],
							[
								114.155333,
								22.668839
							],
							[
								114.155308,
								22.668561
							],
							[
								114.155456,
								22.668209
							],
							[
								114.15394,
								22.663956
							],
							[
								114.153983,
								22.663856
							],
							[
								114.154538,
								22.663574
							],
							[
								114.154696,
								22.663324
							],
							[
								114.154707,
								22.663069
							],
							[
								114.154585,
								22.662639
							],
							[
								114.153877,
								22.661592
							],
							[
								114.153621,
								22.661344
							],
							[
								114.153563,
								22.660691
							],
							[
								114.155026,
								22.660259
							],
							[
								114.155639,
								22.661701
							],
							[
								114.156153,
								22.663953
							],
							[
								114.156532,
								22.664114
							],
							[
								114.157018,
								22.664172
							],
							[
								114.15703,
								22.663952
							],
							[
								114.157153,
								22.66162
							],
							[
								114.157386,
								22.661499
							],
							[
								114.15796,
								22.661687
							],
							[
								114.159028,
								22.66288
							],
							[
								114.159506,
								22.663949
							],
							[
								114.159911,
								22.665109
							],
							[
								114.160192,
								22.665319
							],
							[
								114.160829,
								22.664996
							],
							[
								114.161311,
								22.663942
							],
							[
								114.162696,
								22.661043
							],
							[
								114.162065,
								22.659776
							],
							[
								114.161079,
								22.659039
							],
							[
								114.160849,
								22.6574
							],
							[
								114.162519,
								22.656814
							],
							[
								114.164252,
								22.657161
							],
							[
								114.164531,
								22.657467
							],
							[
								114.16459,
								22.658312
							],
							[
								114.164204,
								22.659129
							],
							[
								114.164576,
								22.660369
							],
							[
								114.164448,
								22.661333
							],
							[
								114.164502,
								22.661609
							],
							[
								114.164724,
								22.661696
							],
							[
								114.165153,
								22.661685
							],
							[
								114.16562,
								22.661997
							],
							[
								114.167052,
								22.662559
							],
							[
								114.167755,
								22.662591
							],
							[
								114.168066,
								22.662451
							],
							[
								114.168266,
								22.662192
							],
							[
								114.168619,
								22.660499
							],
							[
								114.170123,
								22.659246
							],
							[
								114.17032,
								22.658599
							],
							[
								114.170544,
								22.658249
							],
							[
								114.170083,
								22.657957
							],
							[
								114.16932,
								22.656774
							],
							[
								114.169383,
								22.656448
							],
							[
								114.169988,
								22.655716
							],
							[
								114.172525,
								22.654395
							],
							[
								114.176169,
								22.65421
							],
							[
								114.179126,
								22.656136
							],
							[
								114.180171,
								22.658011
							],
							[
								114.181173,
								22.659663
							],
							[
								114.181272,
								22.660422
							],
							[
								114.181956,
								22.662294
							],
							[
								114.182089,
								22.662996
							],
							[
								114.182795,
								22.663902
							],
							[
								114.183192,
								22.664439
							],
							[
								114.184654,
								22.664516
							],
							[
								114.185831,
								22.664724
							],
							[
								114.187214,
								22.665888
							],
							[
								114.187518,
								22.66629
							],
							[
								114.187511,
								22.666377
							],
							[
								114.186705,
								22.667102
							],
							[
								114.186447,
								22.66755
							],
							[
								114.18625,
								22.668149
							],
							[
								114.186338,
								22.668324
							],
							[
								114.18653,
								22.66967
							],
							[
								114.185804,
								22.669994
							],
							[
								114.186556,
								22.672212
							],
							[
								114.18719,
								22.673238
							],
							[
								114.187496,
								22.673556
							],
							[
								114.189243,
								22.674841
							],
							[
								114.18973,
								22.675115
							],
							[
								114.190299,
								22.67527
							],
							[
								114.190655,
								22.67556
							],
							[
								114.19085,
								22.675897
							],
							[
								114.190842,
								22.676648
							],
							[
								114.190988,
								22.677005
							],
							[
								114.195357,
								22.680077
							],
							[
								114.195892,
								22.680986
							],
							[
								114.196545,
								22.681804
							],
							[
								114.197154,
								22.682361
							],
							[
								114.197147,
								22.682854
							],
							[
								114.196847,
								22.683234
							],
							[
								114.195786,
								22.683707
							],
							[
								114.19349,
								22.68444
							],
							[
								114.192619,
								22.683729
							],
							[
								114.191051,
								22.687939
							],
							[
								114.191484,
								22.688715
							],
							[
								114.191919,
								22.688959
							],
							[
								114.193566,
								22.688735
							],
							[
								114.194237,
								22.688358
							],
							[
								114.195101,
								22.688044
							],
							[
								114.197115,
								22.68815
							],
							[
								114.197192,
								22.689611
							],
							[
								114.198956,
								22.694086
							],
							[
								114.198971,
								22.695011
							],
							[
								114.198791,
								22.695485
							],
							[
								114.198709,
								22.696192
							],
							[
								114.197955,
								22.696101
							],
							[
								114.197501,
								22.696191
							],
							[
								114.197299,
								22.696436
							],
							[
								114.197233,
								22.696843
							],
							[
								114.198435,
								22.699272
							],
							[
								114.198773,
								22.700326
							],
							[
								114.199291,
								22.700874
							],
							[
								114.199489,
								22.702032
							],
							[
								114.199048,
								22.704365
							],
							[
								114.199089,
								22.705528
							],
							[
								114.198924,
								22.706362
							],
							[
								114.198686,
								22.706742
							],
							[
								114.198374,
								22.706926
							],
							[
								114.197144,
								22.707299
							],
							[
								114.196843,
								22.707604
							],
							[
								114.196552,
								22.708384
							],
							[
								114.196802,
								22.709424
							],
							[
								114.196718,
								22.710232
							],
							[
								114.199984,
								22.713006
							],
							[
								114.200553,
								22.713039
							],
							[
								114.201431,
								22.713529
							],
							[
								114.201651,
								22.713713
							],
							[
								114.202665,
								22.715164
							],
							[
								114.203308,
								22.715608
							],
							[
								114.203974,
								22.715709
							],
							[
								114.205028,
								22.715604
							],
							[
								114.205865,
								22.715328
							],
							[
								114.206294,
								22.714338
							],
							[
								114.206418,
								22.714189
							],
							[
								114.206638,
								22.714125
							],
							[
								114.207385,
								22.714283
							],
							[
								114.208066,
								22.714666
							],
							[
								114.209268,
								22.719031
							],
							[
								114.208904,
								22.719362
							],
							[
								114.208664,
								22.719816
							],
							[
								114.208487,
								22.72058
							],
							[
								114.208524,
								22.721305
							],
							[
								114.208419,
								22.72254
							],
							[
								114.208417,
								22.722622
							],
							[
								114.208415,
								22.722731
							],
							[
								114.208409,
								22.722815
							],
							[
								114.208249,
								22.724265
							],
							[
								114.208651,
								22.726544
							],
							[
								114.208505,
								22.727979
							],
							[
								114.208574,
								22.728564
							],
							[
								114.208524,
								22.729242
							],
							[
								114.208599,
								22.729431
							],
							[
								114.209476,
								22.730652
							],
							[
								114.209675,
								22.731138
							],
							[
								114.210144,
								22.731532
							],
							[
								114.210352,
								22.731828
							],
							[
								114.210606,
								22.731977
							],
							[
								114.211423,
								22.732058
							],
							[
								114.211514,
								22.732134
							],
							[
								114.21174,
								22.732561
							],
							[
								114.211922,
								22.73344
							],
							[
								114.212125,
								22.733727
							],
							[
								114.213692,
								22.734362
							],
							[
								114.213932,
								22.734607
							],
							[
								114.215673,
								22.735569
							],
							[
								114.215361,
								22.737329
							],
							[
								114.215196,
								22.737831
							],
							[
								114.215581,
								22.738727
							],
							[
								114.215561,
								22.739414
							],
							[
								114.213284,
								22.741607
							],
							[
								114.212504,
								22.742948
							],
							[
								114.211856,
								22.743583
							],
							[
								114.211385,
								22.743751
							],
							[
								114.209993,
								22.743941
							],
							[
								114.209129,
								22.744223
							],
							[
								114.208744,
								22.744488
							],
							[
								114.208337,
								22.745776
							],
							[
								114.209205,
								22.74676
							],
							[
								114.20923,
								22.747212
							],
							[
								114.209349,
								22.748448
							],
							[
								114.209972,
								22.749209
							],
							[
								114.210497,
								22.750159
							],
							[
								114.210044,
								22.750864
							],
							[
								114.209738,
								22.751153
							],
							[
								114.206483,
								22.752432
							],
							[
								114.205503,
								22.75259
							],
							[
								114.205079,
								22.751222
							],
							[
								114.204213,
								22.750954
							],
							[
								114.204125,
								22.751052
							],
							[
								114.203114,
								22.755138
							],
							[
								114.203289,
								22.755273
							],
							[
								114.203645,
								22.755191
							],
							[
								114.203818,
								22.755241
							],
							[
								114.205702,
								22.756442
							],
							[
								114.206077,
								22.756471
							],
							[
								114.20657,
								22.757246
							],
							[
								114.206528,
								22.757676
							],
							[
								114.206308,
								22.758054
							],
							[
								114.205649,
								22.758644
							],
							[
								114.204373,
								22.759126
							],
							[
								114.204002,
								22.759122
							],
							[
								114.203637,
								22.758979
							],
							[
								114.203182,
								22.758591
							],
							[
								114.202514,
								22.758605
							],
							[
								114.201884,
								22.759161
							],
							[
								114.200411,
								22.759981
							],
							[
								114.199785,
								22.760472
							],
							[
								114.199743,
								22.760567
							],
							[
								114.200427,
								22.763267
							],
							[
								114.201064,
								22.764771
							],
							[
								114.200402,
								22.765649
							],
							[
								114.199002,
								22.765893
							],
							[
								114.198644,
								22.76586
							],
							[
								114.198035,
								22.765686
							],
							[
								114.197572,
								22.765336
							],
							[
								114.197414,
								22.765051
							],
							[
								114.197095,
								22.764936
							],
							[
								114.196709,
								22.765049
							],
							[
								114.196424,
								22.765367
							],
							[
								114.196073,
								22.765535
							],
							[
								114.195592,
								22.765665
							],
							[
								114.195069,
								22.765639
							],
							[
								114.193571,
								22.765218
							],
							[
								114.192399,
								22.764612
							],
							[
								114.190419,
								22.764178
							],
							[
								114.188948,
								22.763693
							],
							[
								114.188804,
								22.763662
							],
							[
								114.188759,
								22.763653
							],
							[
								114.188106,
								22.76357
							],
							[
								114.186944,
								22.76375
							],
							[
								114.186402,
								22.764195
							],
							[
								114.185677,
								22.764547
							],
							[
								114.185023,
								22.76517
							],
							[
								114.18354,
								22.764617
							],
							[
								114.182574,
								22.764813
							],
							[
								114.182051,
								22.765277
							],
							[
								114.182341,
								22.766757
							],
							[
								114.182225,
								22.767893
							],
							[
								114.182219,
								22.767928
							],
							[
								114.182239,
								22.767996
							],
							[
								114.182291,
								22.76807
							],
							[
								114.18264,
								22.768418
							],
							[
								114.183226,
								22.768659
							],
							[
								114.184708,
								22.768646
							],
							[
								114.185063,
								22.768474
							],
							[
								114.185262,
								22.768229
							],
							[
								114.186155,
								22.768128
							],
							[
								114.187035,
								22.768525
							],
							[
								114.187144,
								22.768568
							],
							[
								114.187216,
								22.768595
							],
							[
								114.187603,
								22.768871
							],
							[
								114.187804,
								22.769858
							],
							[
								114.188004,
								22.770389
							],
							[
								114.187111,
								22.771704
							],
							[
								114.185983,
								22.772022
							],
							[
								114.185754,
								22.772804
							],
							[
								114.184239,
								22.772915
							],
							[
								114.182948,
								22.773716
							],
							[
								114.182704,
								22.77463
							],
							[
								114.182654,
								22.775487
							],
							[
								114.181694,
								22.776316
							],
							[
								114.181446,
								22.776411
							],
							[
								114.181077,
								22.77624
							],
							[
								114.180856,
								22.775955
							],
							[
								114.180833,
								22.775713
							],
							[
								114.181079,
								22.774684
							],
							[
								114.181108,
								22.774057
							],
							[
								114.181844,
								22.773062
							],
							[
								114.182121,
								22.772297
							],
							[
								114.182213,
								22.772253
							],
							[
								114.182096,
								22.771994
							],
							[
								114.181583,
								22.771576
							],
							[
								114.181261,
								22.771584
							],
							[
								114.180655,
								22.771974
							],
							[
								114.179626,
								22.772984
							],
							[
								114.17951,
								22.7733
							],
							[
								114.179489,
								22.773846
							],
							[
								114.17987,
								22.775384
							],
							[
								114.180027,
								22.77714
							],
							[
								114.179477,
								22.778284
							],
							[
								114.179344,
								22.779162
							],
							[
								114.179917,
								22.779257
							],
							[
								114.180694,
								22.779167
							],
							[
								114.183259,
								22.779696
							],
							[
								114.183457,
								22.779868
							],
							[
								114.183546,
								22.780314
							],
							[
								114.185334,
								22.781811
							],
							[
								114.185788,
								22.783283
							],
							[
								114.186706,
								22.78401
							],
							[
								114.188868,
								22.784922
							],
							[
								114.18943,
								22.785466
							],
							[
								114.189992,
								22.785734
							],
							[
								114.192375,
								22.785745
							],
							[
								114.193274,
								22.785556
							],
							[
								114.19559,
								22.785765
							],
							[
								114.196659,
								22.78568
							],
							[
								114.196963,
								22.785983
							],
							[
								114.197646,
								22.787161
							],
							[
								114.198151,
								22.787487
							],
							[
								114.202444,
								22.788342
							],
							[
								114.202651,
								22.788601
							],
							[
								114.203198,
								22.788944
							],
							[
								114.204632,
								22.789039
							],
							[
								114.205419,
								22.789196
							],
							[
								114.207241,
								22.789782
							],
							[
								114.210163,
								22.792634
							],
							[
								114.21134,
								22.795992
							],
							[
								114.212665,
								22.798202
							],
							[
								114.213021,
								22.798959
							],
							[
								114.213011,
								22.799152
							],
							[
								114.211851,
								22.80027
							],
							[
								114.212934,
								22.802489
							],
							[
								114.213611,
								22.803548
							],
							[
								114.214144,
								22.805063
							],
							[
								114.215069,
								22.80636
							],
							[
								114.215644,
								22.807741
							],
							[
								114.216091,
								22.808173
							],
							[
								114.218057,
								22.809351
							],
							[
								114.219442,
								22.808875
							],
							[
								114.220551,
								22.808241
							],
							[
								114.220808,
								22.808622
							],
							[
								114.221171,
								22.808926
							],
							[
								114.222782,
								22.809886
							],
							[
								114.223659,
								22.810616
							],
							[
								114.224021,
								22.811373
							],
							[
								114.224255,
								22.812783
							],
							[
								114.22563,
								22.813647
							],
							[
								114.225816,
								22.813691
							],
							[
								114.227821,
								22.813473
							],
							[
								114.229201,
								22.812513
							],
							[
								114.228938,
								22.810479
							],
							[
								114.229266,
								22.809016
							],
							[
								114.230915,
								22.807552
							],
							[
								114.231769,
								22.807101
							],
							[
								114.231872,
								22.806421
							],
							[
								114.232559,
								22.804898
							],
							[
								114.233243,
								22.800722
							],
							[
								114.233862,
								22.799471
							],
							[
								114.234169,
								22.798129
							],
							[
								114.234149,
								22.797508
							],
							[
								114.233852,
								22.796341
							],
							[
								114.23381,
								22.794675
							],
							[
								114.233809,
								22.793951
							],
							[
								114.234111,
								22.793387
							],
							[
								114.234918,
								22.792992
							],
							[
								114.239933,
								22.792083
							],
							[
								114.240752,
								22.791476
							],
							[
								114.242437,
								22.791239
							],
							[
								114.243597,
								22.791788
							],
							[
								114.244474,
								22.791535
							],
							[
								114.245501,
								22.790654
							],
							[
								114.246572,
								22.787516
							],
							[
								114.250427,
								22.783308
							],
							[
								114.250322,
								22.782541
							],
							[
								114.250586,
								22.781891
							],
							[
								114.250812,
								22.78166
							],
							[
								114.252221,
								22.781231
							],
							[
								114.252829,
								22.781285
							],
							[
								114.25334,
								22.781607
							],
							[
								114.254133,
								22.782807
							],
							[
								114.254463,
								22.782921
							],
							[
								114.255534,
								22.782889
							],
							[
								114.258339,
								22.782774
							],
							[
								114.26,
								22.781998
							],
							[
								114.261434,
								22.781774
							],
							[
								114.264113,
								22.784457
							],
							[
								114.264813,
								22.784598
							],
							[
								114.267798,
								22.787309
							],
							[
								114.268134,
								22.787754
							],
							[
								114.268184,
								22.787945
							],
							[
								114.269311,
								22.788931
							],
							[
								114.26875,
								22.790144
							],
							[
								114.268149,
								22.791081
							],
							[
								114.268186,
								22.791429
							],
							[
								114.26847,
								22.792097
							],
							[
								114.269375,
								22.792545
							],
							[
								114.269559,
								22.792525
							],
							[
								114.272312,
								22.793201
							],
							[
								114.273034,
								22.793738
							],
							[
								114.273333,
								22.793856
							],
							[
								114.27451,
								22.794021
							],
							[
								114.275102,
								22.794343
							],
							[
								114.275975,
								22.795273
							],
							[
								114.276061,
								22.795459
							],
							[
								114.276039,
								22.795951
							],
							[
								114.275626,
								22.796736
							],
							[
								114.275767,
								22.797321
							],
							[
								114.275779,
								22.797343
							],
							[
								114.275808,
								22.797376
							],
							[
								114.27587,
								22.797451
							],
							[
								114.275909,
								22.797448
							],
							[
								114.275946,
								22.797445
							],
							[
								114.275968,
								22.797451
							],
							[
								114.278228,
								22.798312
							],
							[
								114.278841,
								22.798432
							],
							[
								114.279601,
								22.798917
							],
							[
								114.280069,
								22.799618
							],
							[
								114.28287,
								22.802379
							],
							[
								114.282928,
								22.803605
							],
							[
								114.282765,
								22.804252
							],
							[
								114.282749,
								22.804744
							],
							[
								114.282974,
								22.805287
							],
							[
								114.283531,
								22.806037
							],
							[
								114.283981,
								22.806892
							],
							[
								114.284716,
								22.807968
							],
							[
								114.284813,
								22.808258
							],
							[
								114.286905,
								22.807198
							],
							[
								114.288575,
								22.807386
							],
							[
								114.289132,
								22.807895
							],
							[
								114.290332,
								22.808063
							],
							[
								114.291627,
								22.808597
							],
							[
								114.291893,
								22.808234
							],
							[
								114.292779,
								22.807528
							],
							[
								114.29328,
								22.807287
							],
							[
								114.294006,
								22.806743
							],
							[
								114.294851,
								22.806381
							],
							[
								114.294507,
								22.805691
							],
							[
								114.294636,
								22.805039
							],
							[
								114.294319,
								22.80342
							],
							[
								114.295479,
								22.802789
							],
							[
								114.298379,
								22.802204
							],
							[
								114.298517,
								22.802322
							],
							[
								114.305353,
								22.801708
							],
							[
								114.305759,
								22.801544
							],
							[
								114.306119,
								22.8026
							],
							[
								114.307991,
								22.803456
							],
							[
								114.308345,
								22.803564
							],
							[
								114.309594,
								22.803497
							],
							[
								114.311147,
								22.803571
							],
							[
								114.312575,
								22.802887
							],
							[
								114.313002,
								22.802266
							],
							[
								114.313064,
								22.801725
							],
							[
								114.312978,
								22.800879
							],
							[
								114.313078,
								22.800563
							],
							[
								114.314468,
								22.800142
							],
							[
								114.315858,
								22.800906
							],
							[
								114.316454,
								22.801409
							],
							[
								114.316957,
								22.802398
							],
							[
								114.31705,
								22.802808
							],
							[
								114.318241,
								22.804665
							],
							[
								114.318554,
								22.805768
							],
							[
								114.318549,
								22.806559
							],
							[
								114.318676,
								22.806788
							],
							[
								114.318947,
								22.806851
							],
							[
								114.320654,
								22.806509
							],
							[
								114.324065,
								22.804828
							],
							[
								114.327505,
								22.805271
							],
							[
								114.328204,
								22.805621
							],
							[
								114.329309,
								22.806348
							],
							[
								114.329946,
								22.807393
							],
							[
								114.330114,
								22.808594
							],
							[
								114.330515,
								22.809268
							],
							[
								114.332687,
								22.809183
							],
							[
								114.332731,
								22.809181
							],
							[
								114.332881,
								22.809175
							],
							[
								114.332925,
								22.809173
							],
							[
								114.333015,
								22.80917
							],
							[
								114.333075,
								22.809167
							],
							[
								114.333209,
								22.809162
							],
							[
								114.333269,
								22.80916
							],
							[
								114.335301,
								22.808987
							],
							[
								114.337324,
								22.809485
							],
							[
								114.339674,
								22.809608
							],
							[
								114.340041,
								22.809748
							],
							[
								114.340395,
								22.810018
							],
							[
								114.341594,
								22.809898
							],
							[
								114.342076,
								22.809573
							],
							[
								114.342774,
								22.808844
							],
							[
								114.343148,
								22.808668
							],
							[
								114.345332,
								22.808506
							],
							[
								114.346376,
								22.808992
							],
							[
								114.347873,
								22.809191
							],
							[
								114.348067,
								22.809052
							],
							[
								114.34859,
								22.808225
							],
							[
								114.349321,
								22.807412
							],
							[
								114.34959,
								22.806772
							],
							[
								114.349788,
								22.806552
							],
							[
								114.350237,
								22.80643
							],
							[
								114.350822,
								22.806592
							],
							[
								114.352342,
								22.806703
							],
							[
								114.353164,
								22.806624
							],
							[
								114.353296,
								22.806495
							],
							[
								114.353505,
								22.80582
							],
							[
								114.353514,
								22.805312
							],
							[
								114.353367,
								22.804583
							],
							[
								114.353137,
								22.80401
							],
							[
								114.352827,
								22.803745
							],
							[
								114.351616,
								22.803384
							],
							[
								114.351196,
								22.802929
							],
							[
								114.350159,
								22.799478
							],
							[
								114.35,
								22.799331
							],
							[
								114.350013,
								22.799137
							],
							[
								114.350726,
								22.797559
							],
							[
								114.35171,
								22.797232
							],
							[
								114.351839,
								22.796458
							],
							[
								114.351959,
								22.795332
							],
							[
								114.351846,
								22.792257
							],
							[
								114.351121,
								22.789689
							],
							[
								114.349697,
								22.789193
							],
							[
								114.348201,
								22.78838
							],
							[
								114.347484,
								22.788209
							],
							[
								114.346499,
								22.78813
							],
							[
								114.34565,
								22.787514
							],
							[
								114.345607,
								22.787459
							],
							[
								114.345504,
								22.787388
							],
							[
								114.345294,
								22.78723
							],
							[
								114.344259,
								22.785606
							],
							[
								114.342751,
								22.784436
							],
							[
								114.342622,
								22.783969
							],
							[
								114.342607,
								22.783698
							],
							[
								114.342733,
								22.783653
							],
							[
								114.343671,
								22.782562
							],
							[
								114.344062,
								22.781829
							],
							[
								114.34418,
								22.781511
							],
							[
								114.344389,
								22.779814
							],
							[
								114.345104,
								22.778971
							],
							[
								114.346292,
								22.777904
							],
							[
								114.347839,
								22.77742
							],
							[
								114.348184,
								22.777481
							],
							[
								114.34951,
								22.778385
							],
							[
								114.350001,
								22.778522
							],
							[
								114.350441,
								22.778522
							],
							[
								114.354111,
								22.778147
							],
							[
								114.35428,
								22.778053
							],
							[
								114.355212,
								22.776987
							],
							[
								114.356504,
								22.774301
							],
							[
								114.356472,
								22.773488
							],
							[
								114.356222,
								22.772795
							],
							[
								114.356196,
								22.772481
							],
							[
								114.356228,
								22.772059
							],
							[
								114.356363,
								22.771748
							],
							[
								114.356577,
								22.768719
							],
							[
								114.356215,
								22.767092
							],
							[
								114.355826,
								22.76637
							],
							[
								114.355784,
								22.765796
							],
							[
								114.35541,
								22.765501
							],
							[
								114.354039,
								22.765839
							],
							[
								114.353457,
								22.765995
							],
							[
								114.353259,
								22.766326
							],
							[
								114.352846,
								22.767275
							],
							[
								114.352181,
								22.768259
							],
							[
								114.351891,
								22.768239
							],
							[
								114.350979,
								22.768734
							],
							[
								114.350657,
								22.768922
							],
							[
								114.349091,
								22.767903
							],
							[
								114.349016,
								22.767418
							],
							[
								114.348715,
								22.766665
							],
							[
								114.347926,
								22.765537
							],
							[
								114.347824,
								22.765289
							],
							[
								114.347867,
								22.765106
							],
							[
								114.348028,
								22.764398
							],
							[
								114.347953,
								22.763997
							],
							[
								114.347856,
								22.763661
							],
							[
								114.347706,
								22.762933
							],
							[
								114.347733,
								22.762893
							],
							[
								114.347835,
								22.762215
							],
							[
								114.347717,
								22.761938
							],
							[
								114.347481,
								22.761587
							],
							[
								114.347476,
								22.761126
							],
							[
								114.346553,
								22.76077
							],
							[
								114.345654,
								22.760488
							],
							[
								114.346099,
								22.75978
							],
							[
								114.345981,
								22.759547
							],
							[
								114.345439,
								22.758835
							],
							[
								114.344436,
								22.758543
							],
							[
								114.344522,
								22.757853
							],
							[
								114.344441,
								22.757255
							],
							[
								114.344559,
								22.756706
							],
							[
								114.344812,
								22.756018
							],
							[
								114.344715,
								22.755192
							],
							[
								114.343194,
								22.755235
							],
							[
								114.342985,
								22.754963
							],
							[
								114.342362,
								22.754498
							],
							[
								114.341842,
								22.754503
							],
							[
								114.341343,
								22.754918
							],
							[
								114.340675,
								22.754196
							],
							[
								114.340514,
								22.753572
							],
							[
								114.340176,
								22.753058
							],
							[
								114.339891,
								22.75234
							],
							[
								114.339768,
								22.751687
							],
							[
								114.339576,
								22.751067
							],
							[
								114.339319,
								22.750716
							],
							[
								114.339077,
								22.749821
							],
							[
								114.338868,
								22.749662
							],
							[
								114.338257,
								22.749074
							],
							[
								114.337502,
								22.747968
							],
							[
								114.337367,
								22.747414
							],
							[
								114.337705,
								22.746538
							],
							[
								114.337995,
								22.746395
							],
							[
								114.340075,
								22.746462
							],
							[
								114.340525,
								22.743939
							],
							[
								114.339925,
								22.742922
							],
							[
								114.339903,
								22.741448
							],
							[
								114.339045,
								22.740993
							],
							[
								114.33897,
								22.740023
							],
							[
								114.338626,
								22.736004
							],
							[
								114.339099,
								22.734817
							],
							[
								114.34088,
								22.733906
							],
							[
								114.340915,
								22.732479
							],
							[
								114.340923,
								22.732164
							],
							[
								114.341019,
								22.729262
							],
							[
								114.340708,
								22.726996
							],
							[
								114.340601,
								22.726465
							],
							[
								114.346013,
								22.72621
							],
							[
								114.34936,
								22.717541
							],
							[
								114.347837,
								22.713958
							],
							[
								114.346717,
								22.713617
							],
							[
								114.34543,
								22.712964
							],
							[
								114.344443,
								22.713459
							],
							[
								114.342511,
								22.712568
							],
							[
								114.341203,
								22.712548
							],
							[
								114.340344,
								22.711737
							],
							[
								114.339765,
								22.711321
							],
							[
								114.338971,
								22.711202
							],
							[
								114.338027,
								22.710985
							],
							[
								114.336094,
								22.711235
							],
							[
								114.333303,
								22.711176
							],
							[
								114.330643,
								22.710681
							],
							[
								114.328754,
								22.710562
							],
							[
								114.328754,
								22.709978
							],
							[
								114.328859,
								22.708663
							],
							[
								114.328829,
								22.708354
							],
							[
								114.328915,
								22.707998
							],
							[
								114.328946,
								22.707414
							],
							[
								114.328701,
								22.706726
							],
							[
								114.328593,
								22.706194
							],
							[
								114.328433,
								22.705404
							],
							[
								114.328358,
								22.705087
							],
							[
								114.328261,
								22.704637
							],
							[
								114.328084,
								22.704439
							],
							[
								114.327467,
								22.704775
							],
							[
								114.326426,
								22.705335
							],
							[
								114.325843,
								22.704755
							],
							[
								114.325505,
								22.704681
							],
							[
								114.325076,
								22.704612
							],
							[
								114.324294,
								22.704577
							],
							[
								114.323916,
								22.704563
							],
							[
								114.324101,
								22.703473
							],
							[
								114.323913,
								22.70325
							],
							[
								114.323805,
								22.703112
							],
							[
								114.323693,
								22.702998
							],
							[
								114.323602,
								22.702894
							],
							[
								114.32351,
								22.702751
							],
							[
								114.323371,
								22.702562
							],
							[
								114.323269,
								22.702473
							],
							[
								114.322534,
								22.702939
							],
							[
								114.321358,
								22.703577
							],
							[
								114.321232,
								22.703431
							],
							[
								114.320604,
								22.702328
							],
							[
								114.322685,
								22.700894
							],
							[
								114.323487,
								22.700408
							],
							[
								114.323331,
								22.700116
							],
							[
								114.323388,
								22.699088
							],
							[
								114.323243,
								22.698766
							],
							[
								114.323194,
								22.697846
							],
							[
								114.323173,
								22.697711
							],
							[
								114.32305,
								22.696627
							],
							[
								114.32298,
								22.695915
							],
							[
								114.322814,
								22.694514
							],
							[
								114.322787,
								22.69421
							],
							[
								114.322733,
								22.693593
							],
							[
								114.322632,
								22.692702
							],
							[
								114.32264,
								22.69259
							],
							[
								114.322628,
								22.692344
							],
							[
								114.322562,
								22.691786
							],
							[
								114.322589,
								22.690529
							],
							[
								114.322668,
								22.690101
							],
							[
								114.322757,
								22.689156
							],
							[
								114.322873,
								22.68835
							],
							[
								114.32077,
								22.689835
							],
							[
								114.318569,
								22.691192
							],
							[
								114.317959,
								22.690053
							],
							[
								114.317122,
								22.688469
							],
							[
								114.316919,
								22.688128
							],
							[
								114.316099,
								22.686662
							],
							[
								114.31253,
								22.686059
							],
							[
								114.310287,
								22.685796
							],
							[
								114.308299,
								22.685837
							],
							[
								114.306354,
								22.685859
							],
							[
								114.303999,
								22.685875
							],
							[
								114.302412,
								22.685838
							],
							[
								114.302221,
								22.685299
							],
							[
								114.302079,
								22.684381
							],
							[
								114.301167,
								22.683579
							],
							[
								114.301087,
								22.683487
							],
							[
								114.299557,
								22.681707
							],
							[
								114.298999,
								22.681222
							],
							[
								114.297208,
								22.680678
							],
							[
								114.296553,
								22.680727
							],
							[
								114.295458,
								22.681212
							],
							[
								114.294482,
								22.68143
							],
							[
								114.293913,
								22.681608
							],
							[
								114.293366,
								22.68143
							],
							[
								114.293227,
								22.680826
							],
							[
								114.292336,
								22.680183
							],
							[
								114.29136,
								22.679628
							],
							[
								114.290952,
								22.678589
							],
							[
								114.290545,
								22.677609
							],
							[
								114.289751,
								22.677104
							],
							[
								114.288452,
								22.67751
							],
							[
								114.287626,
								22.67747
							],
							[
								114.285973,
								22.678242
							],
							[
								114.285082,
								22.678084
							],
							[
								114.284267,
								22.677381
							],
							[
								114.283816,
								22.676797
							],
							[
								114.283913,
								22.675965
							],
							[
								114.283162,
								22.675391
							],
							[
								114.282217,
								22.675649
							],
							[
								114.281273,
								22.675629
							],
							[
								114.27793,
								22.675029
							],
							[
								114.276746,
								22.674817
							],
							[
								114.276166,
								22.674045
							],
							[
								114.275308,
								22.673847
							],
							[
								114.274793,
								22.673827
							],
							[
								114.273355,
								22.673491
							],
							[
								114.273162,
								22.672936
							],
							[
								114.272755,
								22.672075
							],
							[
								114.271939,
								22.670619
							],
							[
								114.272422,
								22.669837
							],
							[
								114.272251,
								22.66955
							],
							[
								114.271671,
								22.668926
							],
							[
								114.270773,
								22.668202
							],
							[
								114.270854,
								22.667489
							],
							[
								114.271234,
								22.66693
							],
							[
								114.269953,
								22.666593
							],
							[
								114.269562,
								22.666192
							],
							[
								114.269132,
								22.665717
							],
							[
								114.26924,
								22.665261
							],
							[
								114.268011,
								22.664653
							],
							[
								114.268022,
								22.664192
							],
							[
								114.267276,
								22.663059
							],
							[
								114.267002,
								22.662029
							],
							[
								114.267194,
								22.661565
							],
							[
								114.267625,
								22.660524
							],
							[
								114.267281,
								22.659712
							],
							[
								114.267389,
								22.657534
							],
							[
								114.268118,
								22.656187
							],
							[
								114.269789,
								22.653829
							],
							[
								114.269225,
								22.653397
							],
							[
								114.267542,
								22.652623
							],
							[
								114.266212,
								22.651683
							],
							[
								114.264323,
								22.650538
							],
							[
								114.263474,
								22.649634
							],
							[
								114.262618,
								22.648949
							],
							[
								114.262244,
								22.648789
							],
							[
								114.2614,
								22.64865
							],
							[
								114.260339,
								22.647179
							],
							[
								114.260286,
								22.646415
							],
							[
								114.259533,
								22.644137
							],
							[
								114.259534,
								22.643075
							],
							[
								114.259332,
								22.642496
							],
							[
								114.258586,
								22.64147
							],
							[
								114.257972,
								22.640807
							],
							[
								114.258381,
								22.639178
							],
							[
								114.259059,
								22.637586
							],
							[
								114.258926,
								22.636551
							],
							[
								114.258966,
								22.635561
							],
							[
								114.258779,
								22.634914
							],
							[
								114.258704,
								22.634184
							],
							[
								114.259034,
								22.633895
							],
							[
								114.259874,
								22.633456
							],
							[
								114.261192,
								22.632463
							],
							[
								114.263099,
								22.631229
							],
							[
								114.263838,
								22.630181
							],
							[
								114.265214,
								22.629217
							],
							[
								114.266111,
								22.628416
							],
							[
								114.266186,
								22.628304
							],
							[
								114.26633,
								22.626272
							],
							[
								114.265836,
								22.625268
							],
							[
								114.265313,
								22.622558
							],
							[
								114.262981,
								22.62044
							],
							[
								114.259886,
								22.61887
							],
							[
								114.257604,
								22.619494
							],
							[
								114.25583,
								22.619738
							],
							[
								114.254828,
								22.620104
							],
							[
								114.253901,
								22.620145
							],
							[
								114.252971,
								22.62031
							],
							[
								114.251749,
								22.62028
							],
							[
								114.250923,
								22.620356
							],
							[
								114.249385,
								22.620321
							],
							[
								114.249024,
								22.620229
							],
							[
								114.247923,
								22.619456
							],
							[
								114.247395,
								22.619163
							],
							[
								114.246916,
								22.619022
							],
							[
								114.245188,
								22.618002
							],
							[
								114.244774,
								22.617588
							],
							[
								114.244227,
								22.616791
							],
							[
								114.243485,
								22.61607
							],
							[
								114.240838,
								22.615646
							],
							[
								114.238144,
								22.612844
							],
							[
								114.237106,
								22.611877
							],
							[
								114.237059,
								22.611833
							],
							[
								114.237005,
								22.611783
							],
							[
								114.236966,
								22.611743
							],
							[
								114.236921,
								22.611698
							],
							[
								114.236354,
								22.610845
							],
							[
								114.236242,
								22.610732
							],
							[
								114.236218,
								22.610707
							],
							[
								114.23475,
								22.609375
							],
							[
								114.234422,
								22.608837
							],
							[
								114.234108,
								22.607879
							],
							[
								114.234683,
								22.60739
							],
							[
								114.234844,
								22.607082
							],
							[
								114.235398,
								22.605182
							],
							[
								114.235492,
								22.603747
							],
							[
								114.234721,
								22.602414
							],
							[
								114.233167,
								22.601657
							],
							[
								114.232992,
								22.600732
							],
							[
								114.231546,
								22.599246
							],
							[
								114.230905,
								22.598836
							],
							[
								114.230714,
								22.59849
							],
							[
								114.230543,
								22.596066
							],
							[
								114.230533,
								22.595981
							],
							[
								114.230524,
								22.595874
							],
							[
								114.230512,
								22.595447
							],
							[
								114.230527,
								22.595295
							],
							[
								114.23053,
								22.595254
							],
							[
								114.23036,
								22.594836
							],
							[
								114.229555,
								22.593733
							],
							[
								114.229379,
								22.593304
							],
							[
								114.229064,
								22.592108
							],
							[
								114.229104,
								22.591294
							],
							[
								114.228935,
								22.590752
							],
							[
								114.227488,
								22.589779
							],
							[
								114.227003,
								22.589155
							],
							[
								114.224916,
								22.585863
							],
							[
								114.224769,
								22.585529
							],
							[
								114.224642,
								22.584645
							],
							[
								114.224496,
								22.584438
							],
							[
								114.222286,
								22.583734
							],
							[
								114.221412,
								22.583187
							],
							[
								114.220844,
								22.582522
							],
							[
								114.219509,
								22.581654
							],
							[
								114.219184,
								22.581691
							],
							[
								114.218763,
								22.581919
							],
							[
								114.218891,
								22.583076
							],
							[
								114.219527,
								22.58458
							],
							[
								114.219593,
								22.585003
							],
							[
								114.219352,
								22.585877
							],
							[
								114.219038,
								22.587972
							],
							[
								114.219105,
								22.588596
							],
							[
								114.219021,
								22.588915
							],
							[
								114.218556,
								22.589512
							],
							[
								114.217754,
								22.590079
							],
							[
								114.217635,
								22.590298
							],
							[
								114.217485,
								22.591033
							],
							[
								114.216721,
								22.59246
							],
							[
								114.216158,
								22.593137
							],
							[
								114.215775,
								22.593767
							],
							[
								114.213677,
								22.59607
							],
							[
								114.213704,
								22.596583
							],
							[
								114.214085,
								22.59829
							],
							[
								114.214031,
								22.598876
							],
							[
								114.213842,
								22.599288
							],
							[
								114.213228,
								22.599614
							],
							[
								114.212641,
								22.599632
							],
							[
								114.211342,
								22.599338
							],
							[
								114.210086,
								22.598889
							],
							[
								114.209512,
								22.598772
							],
							[
								114.208871,
								22.599357
							],
							[
								114.207583,
								22.601157
							],
							[
								114.206973,
								22.601653
							],
							[
								114.205452,
								22.601953
							],
							[
								114.204079,
								22.601417
							],
							[
								114.203151,
								22.601184
							],
							[
								114.202342,
								22.601505
							],
							[
								114.201067,
								22.602186
							],
							[
								114.200081,
								22.602382
							],
							[
								114.198867,
								22.60304
							],
							[
								114.198742,
								22.60325
							],
							[
								114.198788,
								22.603977
							],
							[
								114.198702,
								22.604842
							],
							[
								114.198901,
								22.605669
							],
							[
								114.199242,
								22.606371
							],
							[
								114.200202,
								22.607034
							],
							[
								114.200348,
								22.607492
							],
							[
								114.200355,
								22.60774
							],
							[
								114.199882,
								22.609093
							],
							[
								114.199861,
								22.609124
							],
							[
								114.199765,
								22.609248
							],
							[
								114.199502,
								22.6096
							],
							[
								114.199387,
								22.609757
							],
							[
								114.196861,
								22.613296
							],
							[
								114.192406,
								22.61619
							],
							[
								114.192145,
								22.616449
							],
							[
								114.19169,
								22.616084
							],
							[
								114.188777,
								22.615241
							],
							[
								114.187194,
								22.61518
							],
							[
								114.187185,
								22.61518
							],
							[
								114.187096,
								22.615183
							],
							[
								114.187,
								22.615187
							],
							[
								114.186902,
								22.61519
							],
							[
								114.184766,
								22.615289
							],
							[
								114.183195,
								22.614909
							],
							[
								114.182252,
								22.615341
							],
							[
								114.181786,
								22.615914
							],
							[
								114.181628,
								22.61599
							],
							[
								114.17745,
								22.615527
							],
							[
								114.177174,
								22.615588
							],
							[
								114.176014,
								22.614284
							],
							[
								114.175914,
								22.613807
							],
							[
								114.175158,
								22.61219
							],
							[
								114.173934,
								22.610991
							],
							[
								114.172673,
								22.610358
							],
							[
								114.17063,
								22.610244
							],
							[
								114.167471,
								22.609519
							],
							[
								114.16693,
								22.609288
							],
							[
								114.166184,
								22.608646
							],
							[
								114.166038,
								22.608519
							],
							[
								114.165449,
								22.608012
							],
							[
								114.165302,
								22.607886
							],
							[
								114.164561,
								22.607248
							],
							[
								114.164414,
								22.607122
							],
							[
								114.163972,
								22.606755
							],
							[
								114.163908,
								22.606709
							],
							[
								114.163815,
								22.606642
							],
							[
								114.163782,
								22.606619
							],
							[
								114.163752,
								22.606596
							],
							[
								114.163696,
								22.606555
							],
							[
								114.16362,
								22.606499
							],
							[
								114.163541,
								22.60644
							],
							[
								114.163465,
								22.606384
							],
							[
								114.161638,
								22.605271
							],
							[
								114.161572,
								22.604487
							],
							[
								114.160886,
								22.603346
							],
							[
								114.160279,
								22.601884
							],
							[
								114.159944,
								22.601389
							],
							[
								114.159579,
								22.601232
							],
							[
								114.159134,
								22.601195
							],
							[
								114.157929,
								22.601334
							],
							[
								114.154824,
								22.601445
							],
							[
								114.154748,
								22.60145
							],
							[
								114.154631,
								22.601454
							],
							[
								114.15425,
								22.601428
							],
							[
								114.153528,
								22.600911
							],
							[
								114.152438,
								22.600394
							],
							[
								114.152247,
								22.600358
							],
							[
								114.151339,
								22.600002
							],
							[
								114.150262,
								22.599342
							],
							[
								114.146624,
								22.596017
							],
							[
								114.146598,
								22.595994
							],
							[
								114.146478,
								22.59589
							],
							[
								114.146399,
								22.595822
							],
							[
								114.146363,
								22.595791
							],
							[
								114.146251,
								22.595698
							],
							[
								114.146147,
								22.595612
							],
							[
								114.146049,
								22.595533
							],
							[
								114.14601,
								22.595499
							],
							[
								114.146004,
								22.595483
							],
							[
								114.145768,
								22.594911
							],
							[
								114.145823,
								22.594669
							],
							[
								114.145873,
								22.594481
							],
							[
								114.145945,
								22.594116
							],
							[
								114.145958,
								22.593844
							],
							[
								114.145959,
								22.593802
							],
							[
								114.145957,
								22.592811
							],
							[
								114.145693,
								22.592358
							],
							[
								114.145053,
								22.591772
							],
							[
								114.144299,
								22.591268
							],
							[
								114.143284,
								22.591405
							],
							[
								114.141934,
								22.591243
							],
							[
								114.141456,
								22.591084
							],
							[
								114.139994,
								22.590331
							],
							[
								114.13979,
								22.590095
							],
							[
								114.139319,
								22.589018
							],
							[
								114.139069,
								22.588748
							],
							[
								114.138444,
								22.58874
							],
							[
								114.136787,
								22.588331
							],
							[
								114.135606,
								22.588144
							],
							[
								114.13528,
								22.588108
							],
							[
								114.134236,
								22.588814
							],
							[
								114.13388,
								22.589161
							],
							[
								114.133204,
								22.588735
							],
							[
								114.133097,
								22.588299
							],
							[
								114.131852,
								22.587407
							],
							[
								114.130822,
								22.586694
							],
							[
								114.13049,
								22.587318
							],
							[
								114.130275,
								22.587676
							],
							[
								114.129869,
								22.588308
							],
							[
								114.129348,
								22.588701
							],
							[
								114.128704,
								22.588944
							],
							[
								114.12602,
								22.588761
							],
							[
								114.12493,
								22.588682
							],
							[
								114.124796,
								22.588661
							],
							[
								114.124542,
								22.588289
							],
							[
								114.123719,
								22.58773
							],
							[
								114.123564,
								22.587968
							],
							[
								114.123462,
								22.587963
							],
							[
								114.12343,
								22.588161
							],
							[
								114.123467,
								22.588929
							],
							[
								114.123263,
								22.588939
							],
							[
								114.122856,
								22.588973
							],
							[
								114.122662,
								22.588988
							],
							[
								114.122209,
								22.589007
							],
							[
								114.122192,
								22.589041
							],
							[
								114.122051,
								22.589317
							],
							[
								114.121915,
								22.589584
							],
							[
								114.121722,
								22.590666
							],
							[
								114.121215,
								22.590506
							],
							[
								114.119978,
								22.590116
							],
							[
								114.119948,
								22.590107
							],
							[
								114.119849,
								22.590075
							],
							[
								114.119557,
								22.589983
							],
							[
								114.117447,
								22.591251
							],
							[
								114.115691,
								22.590902
							],
							[
								114.115508,
								22.590837
							],
							[
								114.115069,
								22.590714
							],
							[
								114.114983,
								22.590702
							],
							[
								114.11497,
								22.5907
							],
							[
								114.114877,
								22.590688
							],
							[
								114.114778,
								22.590676
							],
							[
								114.114131,
								22.590493
							],
							[
								114.112937,
								22.589878
							],
							[
								114.112879,
								22.589847
							],
							[
								114.112811,
								22.589811
							],
							[
								114.112766,
								22.589787
							],
							[
								114.112738,
								22.589772
							],
							[
								114.112708,
								22.589755
							],
							[
								114.112689,
								22.589744
							],
							[
								114.112562,
								22.589674
							],
							[
								114.112519,
								22.589649
							],
							[
								114.112218,
								22.589464
							],
							[
								114.111573,
								22.589357
							],
							[
								114.111561,
								22.589353
							],
							[
								114.111392,
								22.589314
							],
							[
								114.111385,
								22.589313
							],
							[
								114.110447,
								22.589194
							],
							[
								114.108022,
								22.589015
							],
							[
								114.107486,
								22.588193
							],
							[
								114.106724,
								22.588183
							],
							[
								114.105994,
								22.588302
							],
							[
								114.105881,
								22.588793
							],
							[
								114.105741,
								22.589396
							],
							[
								114.105077,
								22.590145
							],
							[
								114.103704,
								22.591266
							],
							[
								114.103553,
								22.591365
							],
							[
								114.103542,
								22.591372
							],
							[
								114.103222,
								22.591579
							],
							[
								114.10306,
								22.591685
							],
							[
								114.102247,
								22.592214
							],
							[
								114.100931,
								22.5927
							],
							[
								114.100366,
								22.592807
							],
							[
								114.099939,
								22.593058
							],
							[
								114.099735,
								22.593308
							],
							[
								114.099539,
								22.594177
							],
							[
								114.097775,
								22.596069
							],
							[
								114.096739,
								22.597389
							],
							[
								114.095172,
								22.598901
							],
							[
								114.093411,
								22.600148
							],
							[
								114.09222,
								22.600078
							],
							[
								114.09147,
								22.599906
							],
							[
								114.090674,
								22.599398
							],
							[
								114.089842,
								22.598586
							],
							[
								114.089668,
								22.598512
							],
							[
								114.089056,
								22.599067
							],
							[
								114.086078,
								22.600389
							],
							[
								114.085266,
								22.600967
							],
							[
								114.083804,
								22.601219
							],
							[
								114.082876,
								22.601197
							],
							[
								114.081164,
								22.600857
							],
							[
								114.079411,
								22.599596
							],
							[
								114.078856,
								22.599039
							],
							[
								114.077292,
								22.598071
							],
							[
								114.076329,
								22.597851
							],
							[
								114.075523,
								22.598098
							],
							[
								114.075471,
								22.598105
							],
							[
								114.075417,
								22.598111
							],
							[
								114.075369,
								22.59811
							],
							[
								114.075334,
								22.598101
							],
							[
								114.075331,
								22.598095
							],
							[
								114.075242,
								22.597386
							],
							[
								114.075216,
								22.597212
							],
							[
								114.075214,
								22.597194
							],
							[
								114.07531,
								22.596547
							],
							[
								114.075364,
								22.596361
							],
							[
								114.075951,
								22.595047
							],
							[
								114.076325,
								22.594627
							],
							[
								114.076341,
								22.594601
							],
							[
								114.076365,
								22.59456
							],
							[
								114.076384,
								22.594524
							],
							[
								114.076405,
								22.594494
							],
							[
								114.076425,
								22.59446
							],
							[
								114.07644,
								22.594435
							],
							[
								114.076481,
								22.594279
							],
							[
								114.076291,
								22.594081
							],
							[
								114.073605,
								22.592416
							],
							[
								114.071592,
								22.592746
							]
						]
					]
				]
			}
		}
	]
}