{
	"type": "FeatureCollection",
	"features": [
		{
			"type": "Feature",
			"id": "440309",
			"properties": {
				"name": "龙华区",
				"cp": [
					114.044346,
					22.691963
				],
				"childNum": 1
			},
			"geometry": {
				"type": "Polygon",
				"coordinates": [
					[
						[
							114.113366,
							22.72103
						],
						[
							114.112969,
							22.720772
						],
						[
							114.112437,
							22.720018
						],
						[
							114.110381,
							22.718443
						],
						[
							114.109586,
							22.71747
						],
						[
							114.109422,
							22.717408
						],
						[
							114.109226,
							22.716563
						],
						[
							114.109182,
							22.715416
						],
						[
							114.109278,
							22.714109
						],
						[
							114.106906,
							22.711829
						],
						[
							114.106458,
							22.71076
						],
						[
							114.106494,
							22.7098
						],
						[
							114.104601,
							22.708195
						],
						[
							114.104164,
							22.707141
						],
						[
							114.104043,
							22.70553
						],
						[
							114.100804,
							22.704652
						],
						[
							114.100629,
							22.704484
						],
						[
							114.099643,
							22.704489
						],
						[
							114.098844,
							22.704654
						],
						[
							114.097685,
							22.704279
						],
						[
							114.097269,
							22.704052
						],
						[
							114.095964,
							22.702884
						],
						[
							114.095061,
							22.701651
						],
						[
							114.094134,
							22.700632
						],
						[
							114.093441,
							22.700177
						],
						[
							114.093367,
							22.699799
						],
						[
							114.093549,
							22.699271
						],
						[
							114.093557,
							22.699211
						],
						[
							114.093566,
							22.699142
						],
						[
							114.093571,
							22.699078
						],
						[
							114.093575,
							22.699018
						],
						[
							114.093591,
							22.697649
						],
						[
							114.093969,
							22.695899
						],
						[
							114.094048,
							22.694907
						],
						[
							114.094023,
							22.694541
						],
						[
							114.093895,
							22.694205
						],
						[
							114.094216,
							22.694126
						],
						[
							114.094549,
							22.693947
						],
						[
							114.094796,
							22.693759
						],
						[
							114.094935,
							22.693611
						],
						[
							114.095214,
							22.693511
						],
						[
							114.095439,
							22.693313
						],
						[
							114.095654,
							22.692976
						],
						[
							114.095901,
							22.69256
						],
						[
							114.096276,
							22.692095
						],
						[
							114.097241,
							22.691459
						],
						[
							114.09725,
							22.691424
						],
						[
							114.097257,
							22.691398
						],
						[
							114.09728,
							22.691269
						],
						[
							114.097286,
							22.691233
						],
						[
							114.097356,
							22.69111
						],
						[
							114.097453,
							22.690941
						],
						[
							114.097572,
							22.690736
						],
						[
							114.097594,
							22.690698
						],
						[
							114.097719,
							22.690611
						],
						[
							114.098372,
							22.690213
						],
						[
							114.098404,
							22.690196
						],
						[
							114.098464,
							22.690161
						],
						[
							114.098478,
							22.690152
						],
						[
							114.09853,
							22.690117
						],
						[
							114.098539,
							22.690114
						],
						[
							114.098575,
							22.6901
						],
						[
							114.098641,
							22.690086
						],
						[
							114.099826,
							22.689839
						],
						[
							114.100222,
							22.689959
						],
						[
							114.101712,
							22.688972
						],
						[
							114.101856,
							22.688876
						],
						[
							114.101874,
							22.688865
						],
						[
							114.101878,
							22.688862
						],
						[
							114.101912,
							22.688839
						],
						[
							114.101933,
							22.688783
						],
						[
							114.101933,
							22.688685
						],
						[
							114.101904,
							22.688573
						],
						[
							114.101673,
							22.688418
						],
						[
							114.101592,
							22.688366
						],
						[
							114.101507,
							22.688319
						],
						[
							114.101305,
							22.688248
						],
						[
							114.101299,
							22.688246
						],
						[
							114.101226,
							22.688218
						],
						[
							114.101168,
							22.688201
						],
						[
							114.101119,
							22.688194
						],
						[
							114.100009,
							22.688098
						],
						[
							114.099975,
							22.688094
						],
						[
							114.099816,
							22.688079
						],
						[
							114.099782,
							22.688076
						],
						[
							114.097189,
							22.687782
						],
						[
							114.096653,
							22.687477
						],
						[
							114.095142,
							22.684789
						],
						[
							114.095095,
							22.684332
						],
						[
							114.095292,
							22.683517
						],
						[
							114.095934,
							22.682647
						],
						[
							114.096725,
							22.681242
						],
						[
							114.096868,
							22.68055
						],
						[
							114.099615,
							22.675802
						],
						[
							114.100056,
							22.675492
						],
						[
							114.100116,
							22.675353
						],
						[
							114.100285,
							22.673588
						],
						[
							114.100033,
							22.672236
						],
						[
							114.100601,
							22.668648
						],
						[
							114.100106,
							22.668366
						],
						[
							114.098393,
							22.667899
						],
						[
							114.098206,
							22.667684
						],
						[
							114.095056,
							22.665503
						],
						[
							114.094686,
							22.665401
						],
						[
							114.093738,
							22.664514
						],
						[
							114.093715,
							22.66449
						],
						[
							114.093648,
							22.66445
						],
						[
							114.093609,
							22.664427
						],
						[
							114.093581,
							22.6644
						],
						[
							114.093491,
							22.66431
						],
						[
							114.093371,
							22.664149
						],
						[
							114.093156,
							22.664131
						],
						[
							114.092616,
							22.663402
						],
						[
							114.0918,
							22.661458
						],
						[
							114.091623,
							22.661387
						],
						[
							114.089207,
							22.658874
						],
						[
							114.088963,
							22.658829
						],
						[
							114.085907,
							22.66031
						],
						[
							114.085686,
							22.660524
						],
						[
							114.085232,
							22.662034
						],
						[
							114.08518,
							22.662807
						],
						[
							114.085356,
							22.663403
						],
						[
							114.084305,
							22.664299
						],
						[
							114.083299,
							22.664465
						],
						[
							114.082558,
							22.665455
						],
						[
							114.081301,
							22.668325
						],
						[
							114.081396,
							22.669651
						],
						[
							114.080407,
							22.670262
						],
						[
							114.080227,
							22.670664
						],
						[
							114.080333,
							22.671169
						],
						[
							114.080356,
							22.671231
						],
						[
							114.080361,
							22.671246
						],
						[
							114.080374,
							22.671283
						],
						[
							114.080376,
							22.671357
						],
						[
							114.080377,
							22.671439
						],
						[
							114.080369,
							22.671554
						],
						[
							114.079317,
							22.67281
						],
						[
							114.078723,
							22.674374
						],
						[
							114.076531,
							22.675208
						],
						[
							114.075982,
							22.675238
						],
						[
							114.075259,
							22.674791
						],
						[
							114.074952,
							22.674514
						],
						[
							114.074259,
							22.673578
						],
						[
							114.074028,
							22.673442
						],
						[
							114.072573,
							22.673128
						],
						[
							114.071332,
							22.673732
						],
						[
							114.069845,
							22.674714
						],
						[
							114.06931,
							22.674967
						],
						[
							114.06909,
							22.674934
						],
						[
							114.069055,
							22.674855
						],
						[
							114.069043,
							22.674831
						],
						[
							114.069016,
							22.674807
						],
						[
							114.068983,
							22.674789
						],
						[
							114.068954,
							22.674781
						],
						[
							114.068916,
							22.674782
						],
						[
							114.068877,
							22.674787
						],
						[
							114.068861,
							22.674776
						],
						[
							114.068811,
							22.674739
						],
						[
							114.068425,
							22.674252
						],
						[
							114.068335,
							22.67408
						],
						[
							114.067941,
							22.673284
						],
						[
							114.067445,
							22.67271
						],
						[
							114.065796,
							22.671549
						],
						[
							114.065624,
							22.671598
						],
						[
							114.065053,
							22.672589
						],
						[
							114.064956,
							22.672757
						],
						[
							114.064244,
							22.673993
						],
						[
							114.064353,
							22.674318
						],
						[
							114.064062,
							22.674497
						],
						[
							114.063884,
							22.674477
						],
						[
							114.063412,
							22.673863
						],
						[
							114.063386,
							22.673828
						],
						[
							114.063362,
							22.673795
						],
						[
							114.063328,
							22.673749
						],
						[
							114.063305,
							22.673702
						],
						[
							114.063285,
							22.673662
						],
						[
							114.063267,
							22.673626
						],
						[
							114.062822,
							22.672595
						],
						[
							114.062087,
							22.672131
						],
						[
							114.061965,
							22.671808
						],
						[
							114.062032,
							22.671031
						],
						[
							114.062889,
							22.669779
						],
						[
							114.062908,
							22.669373
						],
						[
							114.062364,
							22.668739
						],
						[
							114.061815,
							22.667879
						],
						[
							114.061801,
							22.667854
						],
						[
							114.061784,
							22.667831
						],
						[
							114.061344,
							22.667141
						],
						[
							114.059506,
							22.664931
						],
						[
							114.059487,
							22.664911
						],
						[
							114.059445,
							22.664863
						],
						[
							114.059422,
							22.664842
						],
						[
							114.059376,
							22.664848
						],
						[
							114.059344,
							22.664862
						],
						[
							114.058697,
							22.665222
						],
						[
							114.058457,
							22.665324
						],
						[
							114.058342,
							22.66538
						],
						[
							114.058127,
							22.665512
						],
						[
							114.058056,
							22.665581
						],
						[
							114.057763,
							22.665715
						],
						[
							114.05768,
							22.665651
						],
						[
							114.057609,
							22.665597
						],
						[
							114.057502,
							22.665613
						],
						[
							114.054287,
							22.666102
						],
						[
							114.05417,
							22.665906
						],
						[
							114.05418,
							22.664877
						],
						[
							114.054297,
							22.664535
						],
						[
							114.054826,
							22.663812
						],
						[
							114.055788,
							22.663537
						],
						[
							114.056108,
							22.66325
						],
						[
							114.056509,
							22.662651
						],
						[
							114.05648,
							22.661822
						],
						[
							114.056282,
							22.661127
						],
						[
							114.056279,
							22.661117
						],
						[
							114.056247,
							22.661018
						],
						[
							114.056241,
							22.660999
						],
						[
							114.056221,
							22.660942
						],
						[
							114.056206,
							22.660903
						],
						[
							114.056179,
							22.660836
						],
						[
							114.056012,
							22.66041
						],
						[
							114.055476,
							22.659986
						],
						[
							114.054518,
							22.659526
						],
						[
							114.05453,
							22.659115
						],
						[
							114.054532,
							22.659084
						],
						[
							114.054532,
							22.659059
						],
						[
							114.054534,
							22.658983
						],
						[
							114.054538,
							22.658921
						],
						[
							114.054541,
							22.658865
						],
						[
							114.054665,
							22.656134
						],
						[
							114.054668,
							22.656067
						],
						[
							114.054674,
							22.65594
						],
						[
							114.054968,
							22.64905
						],
						[
							114.054972,
							22.648998
						],
						[
							114.054973,
							22.648974
						],
						[
							114.054889,
							22.648998
						],
						[
							114.054792,
							22.649026
						],
						[
							114.054703,
							22.649052
						],
						[
							114.052422,
							22.649776
						],
						[
							114.052369,
							22.649799
						],
						[
							114.052245,
							22.649855
						],
						[
							114.052191,
							22.649878
						],
						[
							114.051279,
							22.650283
						],
						[
							114.05113,
							22.650226
						],
						[
							114.050093,
							22.647427
						],
						[
							114.050231,
							22.647168
						],
						[
							114.050732,
							22.647219
						],
						[
							114.050801,
							22.647223
						],
						[
							114.050926,
							22.647231
						],
						[
							114.050995,
							22.647235
						],
						[
							114.053395,
							22.647382
						],
						[
							114.054823,
							22.646518
						],
						[
							114.054912,
							22.646479
						],
						[
							114.054988,
							22.646445
						],
						[
							114.055,
							22.64644
						],
						[
							114.05509,
							22.646407
						],
						[
							114.055175,
							22.646325
						],
						[
							114.055936,
							22.642338
						],
						[
							114.055648,
							22.642136
						],
						[
							114.055216,
							22.642062
						],
						[
							114.054853,
							22.641784
						],
						[
							114.054601,
							22.641386
						],
						[
							114.054188,
							22.640229
						],
						[
							114.054919,
							22.638639
						],
						[
							114.054946,
							22.638594
						],
						[
							114.055027,
							22.638479
						],
						[
							114.055067,
							22.638421
						],
						[
							114.055134,
							22.638318
						],
						[
							114.055173,
							22.638259
						],
						[
							114.056178,
							22.636525
						],
						[
							114.056132,
							22.636238
						],
						[
							114.056084,
							22.636149
						],
						[
							114.056021,
							22.635839
						],
						[
							114.056031,
							22.635778
						],
						[
							114.056022,
							22.635741
						],
						[
							114.055848,
							22.634971
						],
						[
							114.055107,
							22.635157
						],
						[
							114.055068,
							22.635167
						],
						[
							114.05505,
							22.635171
						],
						[
							114.054918,
							22.635203
						],
						[
							114.054893,
							22.635209
						],
						[
							114.054861,
							22.635216
						],
						[
							114.053326,
							22.635513
						],
						[
							114.052301,
							22.635594
						],
						[
							114.052279,
							22.635557
						],
						[
							114.052274,
							22.635543
						],
						[
							114.052226,
							22.635416
						],
						[
							114.052211,
							22.635359
						],
						[
							114.052009,
							22.634761
						],
						[
							114.051994,
							22.634718
						],
						[
							114.051963,
							22.634618
						],
						[
							114.051947,
							22.634577
						],
						[
							114.051967,
							22.634392
						],
						[
							114.051985,
							22.634308
						],
						[
							114.05201,
							22.634203
						],
						[
							114.05204,
							22.633933
						],
						[
							114.052034,
							22.633823
						],
						[
							114.052027,
							22.633769
						],
						[
							114.052025,
							22.63374
						],
						[
							114.052022,
							22.633147
						],
						[
							114.05136,
							22.629894
						],
						[
							114.051321,
							22.629704
						],
						[
							114.051238,
							22.629296
						],
						[
							114.051221,
							22.629216
						],
						[
							114.051199,
							22.629106
						],
						[
							114.051183,
							22.629026
						],
						[
							114.051072,
							22.628481
						],
						[
							114.051033,
							22.628291
						],
						[
							114.050902,
							22.627651
						],
						[
							114.050962,
							22.62697
						],
						[
							114.050967,
							22.62693
						],
						[
							114.050968,
							22.626921
						],
						[
							114.050961,
							22.626848
						],
						[
							114.050987,
							22.626778
						],
						[
							114.050988,
							22.626773
						],
						[
							114.050992,
							22.626738
						],
						[
							114.051001,
							22.626673
						],
						[
							114.051207,
							22.626231
						],
						[
							114.052149,
							22.625696
						],
						[
							114.052764,
							22.625212
						],
						[
							114.052808,
							22.625188
						],
						[
							114.052938,
							22.625125
						],
						[
							114.053526,
							22.624831
						],
						[
							114.053617,
							22.624406
						],
						[
							114.053613,
							22.6243
						],
						[
							114.053613,
							22.624212
						],
						[
							114.053552,
							22.623537
						],
						[
							114.053544,
							22.623343
						],
						[
							114.053516,
							22.622681
						],
						[
							114.053632,
							22.622388
						],
						[
							114.053388,
							22.621898
						],
						[
							114.053501,
							22.619201
						],
						[
							114.053505,
							22.619112
						],
						[
							114.053508,
							22.619008
						],
						[
							114.053512,
							22.618919
						],
						[
							114.05353,
							22.618426
						],
						[
							114.054646,
							22.61782
						],
						[
							114.054852,
							22.617801
						],
						[
							114.054961,
							22.617968
						],
						[
							114.054744,
							22.619315
						],
						[
							114.05473,
							22.619399
						],
						[
							114.054713,
							22.619507
						],
						[
							114.054699,
							22.61959
						],
						[
							114.054286,
							22.622151
						],
						[
							114.054651,
							22.622566
						],
						[
							114.055352,
							22.622062
						],
						[
							114.055412,
							22.622019
						],
						[
							114.05551,
							22.621949
						],
						[
							114.055569,
							22.621907
						],
						[
							114.056206,
							22.621466
						],
						[
							114.0565,
							22.621129
						],
						[
							114.056558,
							22.619366
						],
						[
							114.056314,
							22.618653
						],
						[
							114.056256,
							22.617977
						],
						[
							114.056399,
							22.617849
						],
						[
							114.056485,
							22.616658
						],
						[
							114.056489,
							22.616605
						],
						[
							114.056499,
							22.616464
						],
						[
							114.056503,
							22.616412
						],
						[
							114.056638,
							22.614542
						],
						[
							114.056786,
							22.614329
						],
						[
							114.057571,
							22.613713
						],
						[
							114.058508,
							22.612672
						],
						[
							114.058955,
							22.610733
						],
						[
							114.058998,
							22.610544
						],
						[
							114.059707,
							22.607202
						],
						[
							114.059708,
							22.60714
						],
						[
							114.059703,
							22.607008
						],
						[
							114.059698,
							22.606888
						],
						[
							114.059678,
							22.606731
						],
						[
							114.059674,
							22.606696
						],
						[
							114.059511,
							22.605848
						],
						[
							114.059442,
							22.605694
						],
						[
							114.059431,
							22.605671
						],
						[
							114.059369,
							22.605532
						],
						[
							114.059363,
							22.605517
						],
						[
							114.05929,
							22.605355
						],
						[
							114.05864,
							22.6038
						],
						[
							114.058156,
							22.602929
						],
						[
							114.059131,
							22.6021
						],
						[
							114.060419,
							22.601391
						],
						[
							114.060896,
							22.598109
						],
						[
							114.060797,
							22.598017
						],
						[
							114.061274,
							22.597528
						],
						[
							114.06216,
							22.595911
						],
						[
							114.062515,
							22.595676
						],
						[
							114.062628,
							22.59582
						],
						[
							114.062768,
							22.595954
						],
						[
							114.062863,
							22.596046
						],
						[
							114.063002,
							22.596181
						],
						[
							114.063444,
							22.596606
						],
						[
							114.063264,
							22.596762
						],
						[
							114.063234,
							22.596787
						],
						[
							114.063206,
							22.596811
						],
						[
							114.063147,
							22.596863
						],
						[
							114.063117,
							22.596888
						],
						[
							114.063059,
							22.596938
						],
						[
							114.062999,
							22.59699
						],
						[
							114.062586,
							22.597345
						],
						[
							114.061853,
							22.598742
						],
						[
							114.062247,
							22.599373
						],
						[
							114.062467,
							22.599253
						],
						[
							114.063457,
							22.599291
						],
						[
							114.063758,
							22.598993
						],
						[
							114.063784,
							22.598878
						],
						[
							114.063791,
							22.598803
						],
						[
							114.063854,
							22.598612
						],
						[
							114.063924,
							22.598431
						],
						[
							114.064083,
							22.59802
						],
						[
							114.065562,
							22.596626
						],
						[
							114.066202,
							22.596646
						],
						[
							114.067363,
							22.597109
						],
						[
							114.067664,
							22.597117
						],
						[
							114.069009,
							22.596462
						],
						[
							114.069936,
							22.595511
						],
						[
							114.071481,
							22.59281
						],
						[
							114.071592,
							22.592746
						],
						[
							114.070783,
							22.591517
						],
						[
							114.070446,
							22.591161
						],
						[
							114.069678,
							22.590484
						],
						[
							114.068388,
							22.589548
						],
						[
							114.067792,
							22.58822
						],
						[
							114.06676,
							22.587997
						],
						[
							114.066427,
							22.587767
						],
						[
							114.066242,
							22.586446
						],
						[
							114.066307,
							22.585671
						],
						[
							114.065572,
							22.585862
						],
						[
							114.063838,
							22.586057
						],
						[
							114.06212,
							22.586478
						],
						[
							114.059393,
							22.587531
						],
						[
							114.058831,
							22.587359
						],
						[
							114.058132,
							22.586926
						],
						[
							114.05771,
							22.586392
						],
						[
							114.056656,
							22.586093
						],
						[
							114.056562,
							22.586066
						],
						[
							114.056469,
							22.58604
						],
						[
							114.056376,
							22.586014
						],
						[
							114.054641,
							22.585291
						],
						[
							114.053877,
							22.584813
						],
						[
							114.053742,
							22.584621
						],
						[
							114.053533,
							22.582237
						],
						[
							114.053343,
							22.58208
						],
						[
							114.052556,
							22.581748
						],
						[
							114.047516,
							22.582406
						],
						[
							114.046389,
							22.58322
						],
						[
							114.045654,
							22.584044
						],
						[
							114.045318,
							22.584165
						],
						[
							114.043538,
							22.584099
						],
						[
							114.043095,
							22.583957
						],
						[
							114.042057,
							22.583859
						],
						[
							114.041096,
							22.583906
						],
						[
							114.040419,
							22.58373
						],
						[
							114.039465,
							22.583224
						],
						[
							114.038943,
							22.583044
						],
						[
							114.038205,
							22.58297
						],
						[
							114.036416,
							22.582982
						],
						[
							114.034303,
							22.582628
						],
						[
							114.031997,
							22.581307
						],
						[
							114.030323,
							22.580562
						],
						[
							114.030141,
							22.580561
						],
						[
							114.029117,
							22.581175
						],
						[
							114.028061,
							22.581459
						],
						[
							114.025531,
							22.581602
						],
						[
							114.024271,
							22.581551
						],
						[
							114.023509,
							22.581647
						],
						[
							114.023942,
							22.582409
						],
						[
							114.025217,
							22.587389
						],
						[
							114.025873,
							22.589005
						],
						[
							114.026285,
							22.589584
						],
						[
							114.026292,
							22.589599
						],
						[
							114.026376,
							22.589756
						],
						[
							114.026421,
							22.590284
						],
						[
							114.026399,
							22.590391
						],
						[
							114.026382,
							22.590474
						],
						[
							114.026377,
							22.590494
						],
						[
							114.026359,
							22.590581
						],
						[
							114.026338,
							22.590684
						],
						[
							114.026043,
							22.591936
						],
						[
							114.025394,
							22.592158
						],
						[
							114.024737,
							22.592527
						],
						[
							114.023901,
							22.593347
						],
						[
							114.023741,
							22.593626
						],
						[
							114.023208,
							22.595146
						],
						[
							114.023648,
							22.597158
						],
						[
							114.023488,
							22.598572
						],
						[
							114.02318,
							22.599946
						],
						[
							114.0219,
							22.602357
						],
						[
							114.020835,
							22.601864
						],
						[
							114.018987,
							22.602043
						],
						[
							114.016785,
							22.602591
						],
						[
							114.016652,
							22.602624
						],
						[
							114.016612,
							22.602649
						],
						[
							114.016603,
							22.602655
						],
						[
							114.016244,
							22.603213
						],
						[
							114.016152,
							22.603383
						],
						[
							114.016128,
							22.603427
						],
						[
							114.016122,
							22.603438
						],
						[
							114.016068,
							22.603538
						],
						[
							114.016049,
							22.603604
						],
						[
							114.015751,
							22.604353
						],
						[
							114.014363,
							22.605729
						],
						[
							114.013299,
							22.605877
						],
						[
							114.012861,
							22.60622
						],
						[
							114.009301,
							22.611084
						],
						[
							114.009109,
							22.611618
						],
						[
							114.009081,
							22.613109
						],
						[
							114.008801,
							22.615906
						],
						[
							114.00682,
							22.619112
						],
						[
							114.006139,
							22.618996
						],
						[
							114.00555,
							22.619095
						],
						[
							114.005187,
							22.619412
						],
						[
							114.004881,
							22.619692
						],
						[
							114.004319,
							22.620244
						],
						[
							114.003937,
							22.621497
						],
						[
							114.003532,
							22.621876
						],
						[
							114.002811,
							22.622221
						],
						[
							114.002651,
							22.622427
						],
						[
							114.002546,
							22.622906
						],
						[
							114.002572,
							22.623404
						],
						[
							114.001924,
							22.625431
						],
						[
							114.001737,
							22.625719
						],
						[
							114.001034,
							22.625759
						],
						[
							114.000318,
							22.625416
						],
						[
							113.999205,
							22.625095
						],
						[
							113.998849,
							22.62513
						],
						[
							113.998131,
							22.625504
						],
						[
							113.997366,
							22.626346
						],
						[
							113.996565,
							22.626636
						],
						[
							113.994856,
							22.626509
						],
						[
							113.994424,
							22.626065
						],
						[
							113.993918,
							22.62578
						],
						[
							113.993775,
							22.625834
						],
						[
							113.993612,
							22.626172
						],
						[
							113.993333,
							22.626867
						],
						[
							113.99316,
							22.628119
						],
						[
							113.992449,
							22.629798
						],
						[
							113.992622,
							22.630623
						],
						[
							113.992521,
							22.631096
						],
						[
							113.992403,
							22.631213
						],
						[
							113.991814,
							22.631423
						],
						[
							113.991225,
							22.631951
						],
						[
							113.990491,
							22.633009
						],
						[
							113.989989,
							22.634041
						],
						[
							113.988879,
							22.634984
						],
						[
							113.98684,
							22.636179
						],
						[
							113.985958,
							22.63645
						],
						[
							113.984501,
							22.63625
						],
						[
							113.983618,
							22.636411
						],
						[
							113.982771,
							22.63685
						],
						[
							113.98236,
							22.63724
						],
						[
							113.982116,
							22.637298
						],
						[
							113.981226,
							22.63703
						],
						[
							113.980253,
							22.636939
						],
						[
							113.980019,
							22.637006
						],
						[
							113.97845,
							22.636974
						],
						[
							113.978029,
							22.637098
						],
						[
							113.976192,
							22.637281
						],
						[
							113.975398,
							22.636576
						],
						[
							113.974731,
							22.636126
						],
						[
							113.973666,
							22.636373
						],
						[
							113.973279,
							22.637076
						],
						[
							113.972302,
							22.637453
						],
						[
							113.971469,
							22.63831
						],
						[
							113.970044,
							22.640537
						],
						[
							113.969882,
							22.640661
						],
						[
							113.969638,
							22.640681
						],
						[
							113.969014,
							22.640517
						],
						[
							113.967455,
							22.64042
						],
						[
							113.966626,
							22.640839
						],
						[
							113.966593,
							22.641749
						],
						[
							113.966726,
							22.642334
						],
						[
							113.967523,
							22.643478
						],
						[
							113.968736,
							22.644282
						],
						[
							113.968547,
							22.645765
						],
						[
							113.967964,
							22.647886
						],
						[
							113.967852,
							22.648885
						],
						[
							113.967084,
							22.650781
						],
						[
							113.967535,
							22.651476
						],
						[
							113.967492,
							22.65207
						],
						[
							113.967321,
							22.652624
						],
						[
							113.967492,
							22.652822
						],
						[
							113.96908,
							22.652743
						],
						[
							113.969767,
							22.653258
						],
						[
							113.970411,
							22.653733
						],
						[
							113.970282,
							22.655159
						],
						[
							113.970454,
							22.655555
						],
						[
							113.970454,
							22.655991
						],
						[
							113.972385,
							22.657179
						],
						[
							113.972642,
							22.657456
						],
						[
							113.972084,
							22.658446
						],
						[
							113.972428,
							22.659199
						],
						[
							113.972642,
							22.659397
						],
						[
							113.972556,
							22.659991
						],
						[
							113.972943,
							22.660545
						],
						[
							113.973329,
							22.661099
						],
						[
							113.973028,
							22.661495
						],
						[
							113.972814,
							22.662129
						],
						[
							113.972814,
							22.662723
						],
						[
							113.973286,
							22.662961
						],
						[
							113.973458,
							22.663317
						],
						[
							113.973114,
							22.663713
						],
						[
							113.973415,
							22.664228
						],
						[
							113.972857,
							22.664822
						],
						[
							113.971355,
							22.666604
						],
						[
							113.97057,
							22.668277
						],
						[
							113.969981,
							22.669534
						],
						[
							113.968308,
							22.670524
						],
						[
							113.96805,
							22.670802
						],
						[
							113.967793,
							22.672346
						],
						[
							113.96702,
							22.67298
						],
						[
							113.967492,
							22.67393
						],
						[
							113.968479,
							22.675039
						],
						[
							113.968866,
							22.676662
						],
						[
							113.969752,
							22.677137
						],
						[
							113.970712,
							22.677652
						],
						[
							113.970347,
							22.678325
						],
						[
							113.969789,
							22.678721
						],
						[
							113.97039,
							22.679256
						],
						[
							113.971034,
							22.679691
						],
						[
							113.972471,
							22.680345
						],
						[
							113.97275,
							22.680167
						],
						[
							113.974576,
							22.680425
						],
						[
							113.974232,
							22.682563
						],
						[
							113.974608,
							22.683288
						],
						[
							113.974919,
							22.683889
						],
						[
							113.975627,
							22.68486
						],
						[
							113.975477,
							22.686325
						],
						[
							113.973889,
							22.686127
						],
						[
							113.97449,
							22.688007
						],
						[
							113.97537,
							22.689215
						],
						[
							113.97434,
							22.69064
						],
						[
							113.975756,
							22.691907
						],
						[
							113.975455,
							22.692224
						],
						[
							113.974919,
							22.692541
						],
						[
							113.974533,
							22.693234
						],
						[
							113.975436,
							22.693736
						],
						[
							113.975911,
							22.693715
						],
						[
							113.976829,
							22.693412
						],
						[
							113.978288,
							22.693709
						],
						[
							113.978545,
							22.695057
						],
						[
							113.97597,
							22.695215
						],
						[
							113.975627,
							22.696126
						],
						[
							113.977858,
							22.697472
						],
						[
							113.978288,
							22.696245
						],
						[
							113.98009,
							22.696482
						],
						[
							113.979918,
							22.697353
						],
						[
							113.980047,
							22.698422
						],
						[
							113.97979,
							22.698937
						],
						[
							113.978803,
							22.698779
						],
						[
							113.978588,
							22.699175
						],
						[
							113.978373,
							22.699333
						],
						[
							113.97803,
							22.69957
						],
						[
							113.97803,
							22.699966
						],
						[
							113.977215,
							22.699808
						],
						[
							113.976743,
							22.700046
						],
						[
							113.976142,
							22.699768
						],
						[
							113.975026,
							22.699531
						],
						[
							113.974769,
							22.699887
						],
						[
							113.974769,
							22.700402
						],
						[
							113.976786,
							22.700441
						],
						[
							113.976957,
							22.701154
						],
						[
							113.975883,
							22.701351
						],
						[
							113.976441,
							22.702024
						],
						[
							113.975799,
							22.702816
						],
						[
							113.973652,
							22.701945
						],
						[
							113.973781,
							22.70337
						],
						[
							113.975454,
							22.703647
						],
						[
							113.975454,
							22.703964
						],
						[
							113.97627,
							22.706419
						],
						[
							113.976742,
							22.707171
						],
						[
							113.976742,
							22.707685
						],
						[
							113.976399,
							22.707804
						],
						[
							113.976956,
							22.708636
						],
						[
							113.976871,
							22.709111
						],
						[
							113.977428,
							22.709111
						],
						[
							113.977729,
							22.709823
						],
						[
							113.978072,
							22.710219
						],
						[
							113.978201,
							22.710417
						],
						[
							113.977986,
							22.710971
						],
						[
							113.977986,
							22.711723
						],
						[
							113.977859,
							22.712198
						],
						[
							113.977257,
							22.712753
						],
						[
							113.977323,
							22.71284
						],
						[
							113.977371,
							22.712924
						],
						[
							113.977452,
							22.713028
						],
						[
							113.977586,
							22.713142
						],
						[
							113.977698,
							22.713216
						],
						[
							113.97779,
							22.713256
						],
						[
							113.978004,
							22.71329
						],
						[
							113.978112,
							22.71333
						],
						[
							113.978331,
							22.713449
						],
						[
							113.978536,
							22.713657
						],
						[
							113.978669,
							22.713736
						],
						[
							113.978745,
							22.71377
						],
						[
							113.978932,
							22.71378
						],
						[
							113.978997,
							22.713805
						],
						[
							113.979115,
							22.713993
						],
						[
							113.979394,
							22.714092
						],
						[
							113.979431,
							22.714122
						],
						[
							113.979469,
							22.714176
						],
						[
							113.979517,
							22.714305
						],
						[
							113.979662,
							22.714523
						],
						[
							113.979919,
							22.714815
						],
						[
							113.98,
							22.714889
						],
						[
							113.980188,
							22.714963
						],
						[
							113.980338,
							22.715037
						],
						[
							113.980402,
							22.715087
						],
						[
							113.980433,
							22.715177
						],
						[
							113.980531,
							22.715598
						],
						[
							113.980599,
							22.715751
						],
						[
							113.980749,
							22.71592
						],
						[
							113.980884,
							22.716024
						],
						[
							113.980953,
							22.716123
						],
						[
							113.981071,
							22.716454
						],
						[
							113.981286,
							22.716716
						],
						[
							113.981393,
							22.716786
						],
						[
							113.981517,
							22.71685
						],
						[
							113.981668,
							22.716889
						],
						[
							113.981796,
							22.716889
						],
						[
							113.981914,
							22.71687
						],
						[
							113.982049,
							22.716805
						],
						[
							113.982251,
							22.716652
						],
						[
							113.982402,
							22.716405
						],
						[
							113.982595,
							22.716414
						],
						[
							113.982691,
							22.716449
						],
						[
							113.982986,
							22.716746
						],
						[
							113.983094,
							22.716835
						],
						[
							113.983452,
							22.716963
						],
						[
							113.983639,
							22.717052
						],
						[
							113.984048,
							22.717191
						],
						[
							113.984111,
							22.71722
						],
						[
							113.984278,
							22.717507
						],
						[
							113.984369,
							22.717616
						],
						[
							113.984508,
							22.717849
						],
						[
							113.984558,
							22.717958
						],
						[
							113.984643,
							22.718061
						],
						[
							113.984712,
							22.718096
						],
						[
							113.984918,
							22.718137
						],
						[
							113.985084,
							22.718201
						],
						[
							113.985278,
							22.71835
						],
						[
							113.985422,
							22.718464
						],
						[
							113.985631,
							22.718647
						],
						[
							113.985851,
							22.718864
						],
						[
							113.985953,
							22.719023
						],
						[
							113.986039,
							22.719181
						],
						[
							113.986098,
							22.71933
						],
						[
							113.986098,
							22.719468
						],
						[
							113.986146,
							22.719527
						],
						[
							113.986222,
							22.719572
						],
						[
							113.986419,
							22.719785
						],
						[
							113.986548,
							22.719963
						],
						[
							113.986853,
							22.720558
						],
						[
							113.986945,
							22.720771
						],
						[
							113.987068,
							22.720934
						],
						[
							113.987202,
							22.721018
						],
						[
							113.987241,
							22.721082
						],
						[
							113.987256,
							22.72131
						],
						[
							113.98739,
							22.721889
						],
						[
							113.987936,
							22.722731
						],
						[
							113.987948,
							22.722804
						],
						[
							113.98799,
							22.722952
						],
						[
							113.988033,
							22.72316
						],
						[
							113.988044,
							22.723294
						],
						[
							113.98865,
							22.72364
						],
						[
							113.988854,
							22.723754
						],
						[
							113.989074,
							22.723798
						],
						[
							113.989268,
							22.723818
						],
						[
							113.989595,
							22.723996
						],
						[
							113.989776,
							22.7241
						],
						[
							113.990216,
							22.724372
						],
						[
							113.990416,
							22.724476
						],
						[
							113.990678,
							22.724575
						],
						[
							113.990699,
							22.724743
						],
						[
							113.990683,
							22.724926
						],
						[
							113.990705,
							22.72506
						],
						[
							113.990822,
							22.725208
						],
						[
							113.990989,
							22.725436
						],
						[
							113.991048,
							22.72553
						],
						[
							113.991166,
							22.72564
						],
						[
							113.991321,
							22.725704
						],
						[
							113.991552,
							22.725788
						],
						[
							113.991596,
							22.725799
						],
						[
							113.991772,
							22.725898
						],
						[
							113.991841,
							22.725956
						],
						[
							113.991891,
							22.726119
						],
						[
							113.991907,
							22.726189
						],
						[
							113.991966,
							22.726327
						],
						[
							113.992029,
							22.726431
						],
						[
							113.992099,
							22.726541
						],
						[
							113.992222,
							22.726695
						],
						[
							113.992349,
							22.726794
						],
						[
							113.992531,
							22.726884
						],
						[
							113.992696,
							22.726944
						],
						[
							113.992922,
							22.726953
						],
						[
							113.992964,
							22.727032
						],
						[
							113.993159,
							22.727408
						],
						[
							113.993345,
							22.72765
						],
						[
							113.993839,
							22.728156
						],
						[
							113.994236,
							22.728438
						],
						[
							113.994456,
							22.7286
						],
						[
							113.994595,
							22.728684
						],
						[
							113.994751,
							22.728788
						],
						[
							113.994884,
							22.728912
						],
						[
							113.994987,
							22.729179
						],
						[
							113.995046,
							22.729283
						],
						[
							113.995114,
							22.729348
						],
						[
							113.995238,
							22.729418
						],
						[
							113.995393,
							22.729491
						],
						[
							113.995507,
							22.729601
						],
						[
							113.995598,
							22.729783
						],
						[
							113.995662,
							22.729869
						],
						[
							113.995764,
							22.729922
						],
						[
							113.995882,
							22.729957
						],
						[
							113.996409,
							22.730076
						],
						[
							113.996504,
							22.730135
						],
						[
							113.996908,
							22.730318
						],
						[
							113.997037,
							22.730462
						],
						[
							113.997407,
							22.731001
						],
						[
							113.997476,
							22.731115
						],
						[
							113.997529,
							22.731219
						],
						[
							113.997583,
							22.731293
						],
						[
							113.997729,
							22.731388
						],
						[
							113.998019,
							22.731502
						],
						[
							113.998206,
							22.731619
						],
						[
							113.998362,
							22.731783
						],
						[
							113.99848,
							22.731966
						],
						[
							113.998774,
							22.732376
						],
						[
							113.999109,
							22.732693
						],
						[
							113.999209,
							22.732786
						],
						[
							113.999408,
							22.732975
						],
						[
							113.999668,
							22.733224
						],
						[
							113.999861,
							22.733309
						],
						[
							114.000184,
							22.733368
						],
						[
							114.000569,
							22.733586
						],
						[
							114.00095,
							22.733654
						],
						[
							114.001042,
							22.733779
						],
						[
							114.001397,
							22.734124
						],
						[
							114.001627,
							22.734358
						],
						[
							114.001678,
							22.734425
						],
						[
							114.001796,
							22.734534
						],
						[
							114.001968,
							22.734629
						],
						[
							114.002112,
							22.734688
						],
						[
							114.002231,
							22.734692
						],
						[
							114.002306,
							22.734718
						],
						[
							114.002327,
							22.734791
						],
						[
							114.002408,
							22.734964
						],
						[
							114.002564,
							22.735182
						],
						[
							114.002762,
							22.735429
						],
						[
							114.003099,
							22.735949
						],
						[
							114.003351,
							22.736366
						],
						[
							114.003463,
							22.736534
						],
						[
							114.003534,
							22.736578
						],
						[
							114.003781,
							22.736656
						],
						[
							114.003973,
							22.736781
						],
						[
							114.004182,
							22.736899
						],
						[
							114.004666,
							22.737028
						],
						[
							114.005063,
							22.737118
						],
						[
							114.005229,
							22.737122
						],
						[
							114.005369,
							22.737032
						],
						[
							114.005648,
							22.736884
						],
						[
							114.00598,
							22.736726
						],
						[
							114.006189,
							22.736653
						],
						[
							114.006175,
							22.736559
						],
						[
							114.006179,
							22.735971
						],
						[
							114.007399,
							22.735896
						],
						[
							114.008754,
							22.735812
						],
						[
							114.008346,
							22.736224
						],
						[
							114.008343,
							22.736621
						],
						[
							114.008507,
							22.738831
						],
						[
							114.009204,
							22.739939
						],
						[
							114.00898,
							22.741988
						],
						[
							114.008996,
							22.742088
						],
						[
							114.008989,
							22.742131
						],
						[
							114.008883,
							22.742281
						],
						[
							114.008862,
							22.742339
						],
						[
							114.008866,
							22.742404
						],
						[
							114.008862,
							22.742577
						],
						[
							114.008831,
							22.742784
						],
						[
							114.00875,
							22.742902
						],
						[
							114.008617,
							22.743036
						],
						[
							114.008467,
							22.743229
						],
						[
							114.008462,
							22.743367
						],
						[
							114.008558,
							22.74361
						],
						[
							114.008655,
							22.743719
						],
						[
							114.008762,
							22.743861
						],
						[
							114.008809,
							22.743941
						],
						[
							114.008869,
							22.744019
						],
						[
							114.008666,
							22.744198
						],
						[
							114.008542,
							22.744296
						],
						[
							114.008355,
							22.744431
						],
						[
							114.008241,
							22.744519
						],
						[
							114.007807,
							22.744861
						],
						[
							114.008104,
							22.745108
						],
						[
							114.008097,
							22.745238
						],
						[
							114.007985,
							22.745144
						],
						[
							114.007893,
							22.745134
						],
						[
							114.007673,
							22.745232
						],
						[
							114.007523,
							22.745232
						],
						[
							114.007378,
							22.745272
						],
						[
							114.007141,
							22.745282
						],
						[
							114.006896,
							22.745738
						],
						[
							114.006751,
							22.746088
						],
						[
							114.00666,
							22.746212
						],
						[
							114.006589,
							22.746346
						],
						[
							114.006536,
							22.74639
						],
						[
							114.006348,
							22.746406
						],
						[
							114.006177,
							22.746514
						],
						[
							114.006052,
							22.746629
						],
						[
							114.005345,
							22.747271
						],
						[
							114.004767,
							22.747787
						],
						[
							114.004156,
							22.748172
						],
						[
							114.003962,
							22.748341
						],
						[
							114.003812,
							22.748529
						],
						[
							114.003742,
							22.748681
						],
						[
							114.005164,
							22.749908
						],
						[
							114.006169,
							22.750806
						],
						[
							114.006142,
							22.750938
						],
						[
							114.005783,
							22.751365
						],
						[
							114.005772,
							22.751464
						],
						[
							114.005702,
							22.751558
						],
						[
							114.005569,
							22.75156
						],
						[
							114.005465,
							22.751594
						],
						[
							114.005324,
							22.751589
						],
						[
							114.005179,
							22.75162
						],
						[
							114.005071,
							22.751703
						],
						[
							114.004991,
							22.751788
						],
						[
							114.0049,
							22.751906
						],
						[
							114.004803,
							22.751866
						],
						[
							114.004711,
							22.751976
						],
						[
							114.004626,
							22.751828
						],
						[
							114.004594,
							22.751744
						],
						[
							114.004556,
							22.751713
						],
						[
							114.004486,
							22.751709
						],
						[
							114.004421,
							22.751713
						],
						[
							114.004315,
							22.751744
						],
						[
							114.004223,
							22.751758
						],
						[
							114.004143,
							22.751729
						],
						[
							114.004099,
							22.751678
						],
						[
							114.004089,
							22.75162
						],
						[
							114.004105,
							22.751574
						],
						[
							114.004159,
							22.751536
						],
						[
							114.004309,
							22.751471
						],
						[
							114.004465,
							22.751378
						],
						[
							114.004641,
							22.751259
						],
						[
							114.004734,
							22.751156
						],
						[
							114.004814,
							22.750968
						],
						[
							114.004831,
							22.750868
						],
						[
							114.004809,
							22.750844
						],
						[
							114.004337,
							22.750612
						],
						[
							114.004202,
							22.750324
						],
						[
							114.002577,
							22.751105
						],
						[
							114.002153,
							22.751368
						],
						[
							114.001879,
							22.751451
						],
						[
							114.001627,
							22.75157
						],
						[
							114.001455,
							22.75162
						],
						[
							114.001209,
							22.751649
						],
						[
							114.000881,
							22.751758
						],
						[
							114.000715,
							22.751981
						],
						[
							114.000162,
							22.752426
						],
						[
							114.000012,
							22.752684
						],
						[
							113.999888,
							22.75303
						],
						[
							113.999798,
							22.753491
						],
						[
							113.999696,
							22.75371
						],
						[
							113.999621,
							22.753739
						],
						[
							113.998709,
							22.753764
						],
						[
							113.998285,
							22.753884
						],
						[
							113.997673,
							22.754132
						],
						[
							113.997571,
							22.754116
						],
						[
							113.997039,
							22.753849
						],
						[
							113.996858,
							22.753667
						],
						[
							113.996628,
							22.753341
						],
						[
							113.996457,
							22.753286
						],
						[
							113.995931,
							22.753306
						],
						[
							113.995394,
							22.753459
						],
						[
							113.995099,
							22.753646
						],
						[
							113.994718,
							22.753741
						],
						[
							113.994069,
							22.753622
						],
						[
							113.993581,
							22.753469
						],
						[
							113.992932,
							22.753623
						],
						[
							113.992326,
							22.75398
						],
						[
							113.992867,
							22.754726
						],
						[
							113.993087,
							22.755271
						],
						[
							113.993194,
							22.755618
						],
						[
							113.993226,
							22.755824
						],
						[
							113.993167,
							22.756309
						],
						[
							113.993055,
							22.756627
						],
						[
							113.992985,
							22.756894
						],
						[
							113.992953,
							22.75721
						],
						[
							113.992788,
							22.757714
						],
						[
							113.992976,
							22.758229
						],
						[
							113.993249,
							22.758521
						],
						[
							113.993624,
							22.759064
						],
						[
							113.994312,
							22.758773
						],
						[
							113.994961,
							22.758658
						],
						[
							113.995427,
							22.758679
						],
						[
							113.995696,
							22.758762
						],
						[
							113.99628,
							22.758649
						],
						[
							113.996559,
							22.758565
						],
						[
							113.996736,
							22.758664
						],
						[
							113.99731,
							22.759089
						],
						[
							113.998159,
							22.760439
						],
						[
							113.99832,
							22.760711
						],
						[
							113.998508,
							22.76092
						],
						[
							113.998632,
							22.760984
						],
						[
							113.999324,
							22.761237
						],
						[
							113.99971,
							22.761479
						],
						[
							113.999887,
							22.761701
						],
						[
							114.000112,
							22.762062
						],
						[
							114.000638,
							22.762344
						],
						[
							114.001474,
							22.762558
						],
						[
							114.002483,
							22.762973
						],
						[
							114.002617,
							22.763472
						],
						[
							114.002695,
							22.763616
						],
						[
							114.002836,
							22.763504
						],
						[
							114.002991,
							22.763472
						],
						[
							114.003629,
							22.763661
						],
						[
							114.004752,
							22.764075
						],
						[
							114.004846,
							22.764113
						],
						[
							114.005029,
							22.764167
						],
						[
							114.005101,
							22.76417
						],
						[
							114.005281,
							22.764154
						],
						[
							114.005504,
							22.764141
						],
						[
							114.005566,
							22.764135
						],
						[
							114.006286,
							22.764137
						],
						[
							114.006567,
							22.764125
						],
						[
							114.006909,
							22.763632
						],
						[
							114.006956,
							22.763491
						],
						[
							114.007022,
							22.763375
						],
						[
							114.007218,
							22.763083
						],
						[
							114.007281,
							22.762999
						],
						[
							114.007377,
							22.762859
						],
						[
							114.007419,
							22.762781
						],
						[
							114.007491,
							22.762642
						],
						[
							114.007583,
							22.762421
						],
						[
							114.007638,
							22.762301
						],
						[
							114.007691,
							22.762198
						],
						[
							114.007726,
							22.762151
						],
						[
							114.007961,
							22.761838
						],
						[
							114.008249,
							22.761542
						],
						[
							114.008411,
							22.761417
						],
						[
							114.008506,
							22.761352
						],
						[
							114.008551,
							22.761334
						],
						[
							114.008627,
							22.761336
						],
						[
							114.008753,
							22.761364
						],
						[
							114.009062,
							22.76151
						],
						[
							114.009334,
							22.761672
						],
						[
							114.00953,
							22.761773
						],
						[
							114.009742,
							22.761857
						],
						[
							114.009878,
							22.761889
						],
						[
							114.010029,
							22.761942
						],
						[
							114.010106,
							22.761962
						],
						[
							114.01026,
							22.762001
						],
						[
							114.01041,
							22.762027
						],
						[
							114.010628,
							22.762079
						],
						[
							114.010741,
							22.762116
						],
						[
							114.010885,
							22.762143
						],
						[
							114.011006,
							22.762162
						],
						[
							114.011159,
							22.762156
						],
						[
							114.011298,
							22.762132
						],
						[
							114.012651,
							22.761798
						],
						[
							114.012793,
							22.761763
						],
						[
							114.012931,
							22.761725
						],
						[
							114.013048,
							22.761665
						],
						[
							114.013201,
							22.761582
						],
						[
							114.013367,
							22.761484
						],
						[
							114.013555,
							22.761401
						],
						[
							114.013659,
							22.761324
						],
						[
							114.013756,
							22.761242
						],
						[
							114.013858,
							22.76113
						],
						[
							114.013958,
							22.760988
						],
						[
							114.014016,
							22.760882
						],
						[
							114.014074,
							22.76078
						],
						[
							114.014152,
							22.760671
						],
						[
							114.014221,
							22.760612
						],
						[
							114.014296,
							22.760566
						],
						[
							114.014375,
							22.760534
						],
						[
							114.014446,
							22.760524
						],
						[
							114.017251,
							22.760294
						],
						[
							114.017888,
							22.76024
						],
						[
							114.017997,
							22.760315
						],
						[
							114.018079,
							22.760411
						],
						[
							114.018221,
							22.76059
						],
						[
							114.018243,
							22.760616
						],
						[
							114.01856,
							22.760925
						],
						[
							114.018624,
							22.761021
						],
						[
							114.018651,
							22.761078
						],
						[
							114.018799,
							22.761329
						],
						[
							114.018822,
							22.761357
						],
						[
							114.018863,
							22.761394
						],
						[
							114.018919,
							22.761404
						],
						[
							114.020914,
							22.7615
						],
						[
							114.020972,
							22.761516
						],
						[
							114.021146,
							22.761534
						],
						[
							114.021284,
							22.761557
						],
						[
							114.021424,
							22.761581
						],
						[
							114.021512,
							22.761587
						],
						[
							114.021689,
							22.761624
						],
						[
							114.021903,
							22.761677
						],
						[
							114.02207,
							22.761719
						],
						[
							114.022272,
							22.761766
						],
						[
							114.022472,
							22.761816
						],
						[
							114.022599,
							22.761856
						],
						[
							114.022728,
							22.761909
						],
						[
							114.022874,
							22.761968
						],
						[
							114.022988,
							22.762014
						],
						[
							114.02309,
							22.762065
						],
						[
							114.023174,
							22.762112
						],
						[
							114.023259,
							22.762177
						],
						[
							114.023355,
							22.762272
						],
						[
							114.023444,
							22.762369
						],
						[
							114.023575,
							22.762496
						],
						[
							114.023677,
							22.762579
						],
						[
							114.023774,
							22.762647
						],
						[
							114.023861,
							22.762702
						],
						[
							114.023964,
							22.762757
						],
						[
							114.024097,
							22.762812
						],
						[
							114.024305,
							22.762859
						],
						[
							114.024532,
							22.762889
						],
						[
							114.024681,
							22.762917
						],
						[
							114.025011,
							22.763125
						],
						[
							114.025494,
							22.763426
						],
						[
							114.025643,
							22.763483
						],
						[
							114.025706,
							22.763521
						],
						[
							114.025813,
							22.763573
						],
						[
							114.025844,
							22.763589
						],
						[
							114.025859,
							22.763603
						],
						[
							114.025894,
							22.76366
						],
						[
							114.025933,
							22.763761
						],
						[
							114.025952,
							22.763838
						],
						[
							114.025979,
							22.763955
						],
						[
							114.026015,
							22.764125
						],
						[
							114.026039,
							22.764214
						],
						[
							114.026099,
							22.764416
						],
						[
							114.026142,
							22.764568
						],
						[
							114.026172,
							22.76469
						],
						[
							114.026196,
							22.76477
						],
						[
							114.026213,
							22.764838
						],
						[
							114.026217,
							22.764912
						],
						[
							114.026213,
							22.765021
						],
						[
							114.026174,
							22.765119
						],
						[
							114.026137,
							22.765182
						],
						[
							114.026118,
							22.765271
						],
						[
							114.026107,
							22.765352
						],
						[
							114.026121,
							22.765439
						],
						[
							114.026162,
							22.765525
						],
						[
							114.026222,
							22.765632
						],
						[
							114.026316,
							22.765808
						],
						[
							114.026426,
							22.765971
						],
						[
							114.026515,
							22.766076
						],
						[
							114.026636,
							22.766214
						],
						[
							114.026736,
							22.766314
						],
						[
							114.026835,
							22.766408
						],
						[
							114.026915,
							22.766482
						],
						[
							114.026984,
							22.766533
						],
						[
							114.027079,
							22.766567
						],
						[
							114.027185,
							22.766594
						],
						[
							114.027308,
							22.766601
						],
						[
							114.027382,
							22.766598
						],
						[
							114.027438,
							22.766579
						],
						[
							114.027542,
							22.766516
						],
						[
							114.028085,
							22.766112
						],
						[
							114.02814,
							22.766073
						],
						[
							114.028158,
							22.766031
						],
						[
							114.028381,
							22.765494
						],
						[
							114.028493,
							22.765399
						],
						[
							114.028622,
							22.765278
						],
						[
							114.028739,
							22.76517
						],
						[
							114.028816,
							22.765097
						],
						[
							114.028933,
							22.765018
						],
						[
							114.029042,
							22.764946
						],
						[
							114.029164,
							22.764897
						],
						[
							114.029321,
							22.764862
						],
						[
							114.029494,
							22.764821
						],
						[
							114.029806,
							22.764751
						],
						[
							114.02999,
							22.764694
						],
						[
							114.030091,
							22.764662
						],
						[
							114.030222,
							22.764606
						],
						[
							114.030355,
							22.76453
						],
						[
							114.030449,
							22.764469
						],
						[
							114.030556,
							22.764412
						],
						[
							114.030611,
							22.764389
						],
						[
							114.030664,
							22.764352
						],
						[
							114.031002,
							22.764244
						],
						[
							114.031117,
							22.764366
						],
						[
							114.031283,
							22.764568
						],
						[
							114.031416,
							22.764734
						],
						[
							114.031564,
							22.764935
						],
						[
							114.03167,
							22.765077
						],
						[
							114.031808,
							22.765249
						],
						[
							114.031905,
							22.765369
						],
						[
							114.032149,
							22.766042
						],
						[
							114.032122,
							22.766111
						],
						[
							114.032122,
							22.766179
						],
						[
							114.032126,
							22.766258
						],
						[
							114.032131,
							22.76629
						],
						[
							114.032173,
							22.766297
						],
						[
							114.032271,
							22.766299
						],
						[
							114.033993,
							22.766623
						],
						[
							114.034044,
							22.766653
						],
						[
							114.034171,
							22.766665
						],
						[
							114.035217,
							22.766759
						],
						[
							114.035273,
							22.766768
						],
						[
							114.035306,
							22.766755
						],
						[
							114.035342,
							22.766701
						],
						[
							114.035398,
							22.766587
						],
						[
							114.035428,
							22.766486
						],
						[
							114.035454,
							22.766338
						],
						[
							114.035502,
							22.766177
						],
						[
							114.035574,
							22.76598
						],
						[
							114.035668,
							22.765792
						],
						[
							114.035719,
							22.765644
						],
						[
							114.035779,
							22.765511
						],
						[
							114.035837,
							22.765403
						],
						[
							114.035912,
							22.765277
						],
						[
							114.035992,
							22.765147
						],
						[
							114.036066,
							22.765061
						],
						[
							114.036152,
							22.764977
						],
						[
							114.036237,
							22.76492
						],
						[
							114.036342,
							22.76485
						],
						[
							114.036434,
							22.764784
						],
						[
							114.036545,
							22.764723
						],
						[
							114.036748,
							22.764624
						],
						[
							114.036832,
							22.764583
						],
						[
							114.036932,
							22.764556
						],
						[
							114.037062,
							22.764496
						],
						[
							114.037206,
							22.764429
						],
						[
							114.03737,
							22.764378
						],
						[
							114.037532,
							22.764329
						],
						[
							114.037693,
							22.764299
						],
						[
							114.03781,
							22.76427
						],
						[
							114.038108,
							22.764268
						],
						[
							114.039295,
							22.764256
						],
						[
							114.039418,
							22.764228
						],
						[
							114.039507,
							22.764218
						],
						[
							114.039629,
							22.764227
						],
						[
							114.039765,
							22.764255
						],
						[
							114.039847,
							22.764284
						],
						[
							114.03992,
							22.764333
						],
						[
							114.040021,
							22.764396
						],
						[
							114.040196,
							22.764522
						],
						[
							114.040351,
							22.764635
						],
						[
							114.040452,
							22.764712
						],
						[
							114.040547,
							22.764791
						],
						[
							114.040644,
							22.764876
						],
						[
							114.040737,
							22.764968
						],
						[
							114.040874,
							22.7651
						],
						[
							114.040989,
							22.765218
						],
						[
							114.041068,
							22.765325
						],
						[
							114.041174,
							22.765478
						],
						[
							114.041242,
							22.765586
						],
						[
							114.04135,
							22.765753
						],
						[
							114.041458,
							22.76594
						],
						[
							114.041509,
							22.766068
						],
						[
							114.041578,
							22.766182
						],
						[
							114.041644,
							22.766298
						],
						[
							114.041738,
							22.766415
						],
						[
							114.041824,
							22.766523
						],
						[
							114.04189,
							22.766615
						],
						[
							114.041961,
							22.766679
						],
						[
							114.042035,
							22.766719
						],
						[
							114.042163,
							22.766781
						],
						[
							114.042354,
							22.766841
						],
						[
							114.042472,
							22.766875
						],
						[
							114.042628,
							22.766935
						],
						[
							114.042832,
							22.767023
						],
						[
							114.043012,
							22.767092
						],
						[
							114.043153,
							22.767133
						],
						[
							114.043298,
							22.767164
						],
						[
							114.043446,
							22.767203
						],
						[
							114.043597,
							22.767235
						],
						[
							114.043746,
							22.76727
						],
						[
							114.043912,
							22.767323
						],
						[
							114.044084,
							22.767399
						],
						[
							114.044182,
							22.767444
						],
						[
							114.044287,
							22.767496
						],
						[
							114.044498,
							22.767566
						],
						[
							114.044564,
							22.767585
						],
						[
							114.045348,
							22.769556
						],
						[
							114.045389,
							22.769644
						],
						[
							114.04545,
							22.769788
						],
						[
							114.045579,
							22.77
						],
						[
							114.045716,
							22.770238
						],
						[
							114.045852,
							22.77041
						],
						[
							114.046397,
							22.771096
						],
						[
							114.046442,
							22.771153
						],
						[
							114.046543,
							22.771248
						],
						[
							114.046668,
							22.77132
						],
						[
							114.046831,
							22.771382
						],
						[
							114.046936,
							22.771425
						],
						[
							114.047062,
							22.771453
						],
						[
							114.047256,
							22.771533
						],
						[
							114.047434,
							22.771614
						],
						[
							114.047523,
							22.771656
						],
						[
							114.047579,
							22.771664
						],
						[
							114.048442,
							22.771793
						],
						[
							114.048558,
							22.77182
						],
						[
							114.048627,
							22.771822
						],
						[
							114.048727,
							22.771774
						],
						[
							114.049394,
							22.771449
						],
						[
							114.04961,
							22.771343
						],
						[
							114.049714,
							22.771255
						],
						[
							114.049761,
							22.77118
						],
						[
							114.049776,
							22.770753
						],
						[
							114.049822,
							22.769493
						],
						[
							114.049825,
							22.769414
						],
						[
							114.049805,
							22.769344
						],
						[
							114.049775,
							22.769276
						],
						[
							114.0497,
							22.769161
						],
						[
							114.049621,
							22.769067
						],
						[
							114.04953,
							22.76898
						],
						[
							114.04945,
							22.768915
						],
						[
							114.049337,
							22.768808
						],
						[
							114.049171,
							22.76871
						],
						[
							114.049009,
							22.768617
						],
						[
							114.048873,
							22.768544
						],
						[
							114.048766,
							22.768517
						],
						[
							114.048728,
							22.768496
						],
						[
							114.048711,
							22.768457
						],
						[
							114.048714,
							22.768403
						],
						[
							114.048761,
							22.767959
						],
						[
							114.048794,
							22.767755
						],
						[
							114.048821,
							22.76755
						],
						[
							114.048886,
							22.767306
						],
						[
							114.048925,
							22.767047
						],
						[
							114.04898,
							22.766856
						],
						[
							114.049007,
							22.766771
						],
						[
							114.049044,
							22.766571
						],
						[
							114.049077,
							22.766407
						],
						[
							114.049122,
							22.766261
						],
						[
							114.049155,
							22.766109
						],
						[
							114.049175,
							22.766034
						],
						[
							114.049263,
							22.765862
						],
						[
							114.049309,
							22.765789
						],
						[
							114.049372,
							22.765707
						],
						[
							114.049476,
							22.76563
						],
						[
							114.049566,
							22.765562
						],
						[
							114.0497,
							22.765509
						],
						[
							114.04981,
							22.765479
						],
						[
							114.049922,
							22.765445
						],
						[
							114.050104,
							22.765391
						],
						[
							114.050227,
							22.765339
						],
						[
							114.050328,
							22.765292
						],
						[
							114.05039,
							22.765272
						],
						[
							114.050636,
							22.765169
						],
						[
							114.050729,
							22.765088
						],
						[
							114.052127,
							22.763382
						],
						[
							114.052208,
							22.763282
						],
						[
							114.052232,
							22.76316
						],
						[
							114.05223,
							22.763032
						],
						[
							114.052171,
							22.762728
						],
						[
							114.052154,
							22.762313
						],
						[
							114.052153,
							22.762279
						],
						[
							114.052135,
							22.762121
						],
						[
							114.052121,
							22.762005
						],
						[
							114.052089,
							22.761908
						],
						[
							114.052051,
							22.761717
						],
						[
							114.052015,
							22.761609
						],
						[
							114.051984,
							22.761533
						],
						[
							114.051955,
							22.761418
						],
						[
							114.051938,
							22.761307
						],
						[
							114.051919,
							22.761184
						],
						[
							114.051911,
							22.761056
						],
						[
							114.051893,
							22.76097
						],
						[
							114.051875,
							22.760904
						],
						[
							114.05184,
							22.760849
						],
						[
							114.051806,
							22.760817
						],
						[
							114.05172,
							22.760765
						],
						[
							114.050434,
							22.760014
						],
						[
							114.050359,
							22.759961
						],
						[
							114.05024,
							22.759907
						],
						[
							114.050104,
							22.759859
						],
						[
							114.050039,
							22.759839
						],
						[
							114.049916,
							22.759826
						],
						[
							114.049849,
							22.759806
						],
						[
							114.049801,
							22.759785
						],
						[
							114.049745,
							22.759741
						],
						[
							114.049634,
							22.759587
						],
						[
							114.048886,
							22.758558
						],
						[
							114.048841,
							22.758539
						],
						[
							114.048808,
							22.758501
						],
						[
							114.048764,
							22.758421
						],
						[
							114.048713,
							22.758287
						],
						[
							114.048677,
							22.758171
						],
						[
							114.048661,
							22.758057
						],
						[
							114.048648,
							22.757913
						],
						[
							114.048612,
							22.757763
						],
						[
							114.048594,
							22.757684
						],
						[
							114.048575,
							22.75755
						],
						[
							114.048554,
							22.757401
						],
						[
							114.048547,
							22.757308
						],
						[
							114.048537,
							22.757186
						],
						[
							114.048542,
							22.757101
						],
						[
							114.048565,
							22.75704
						],
						[
							114.048609,
							22.756996
						],
						[
							114.048702,
							22.756946
						],
						[
							114.048778,
							22.756896
						],
						[
							114.04908,
							22.756686
						],
						[
							114.049385,
							22.756464
						],
						[
							114.049532,
							22.75639
						],
						[
							114.049657,
							22.75637
						],
						[
							114.052503,
							22.755863
						],
						[
							114.053493,
							22.755685
						],
						[
							114.053577,
							22.755772
						],
						[
							114.053634,
							22.75585
						],
						[
							114.053679,
							22.755914
						],
						[
							114.053707,
							22.755989
						],
						[
							114.053751,
							22.756076
						],
						[
							114.053789,
							22.756178
						],
						[
							114.053831,
							22.756258
						],
						[
							114.053886,
							22.756318
						],
						[
							114.053964,
							22.756365
						],
						[
							114.054028,
							22.756389
						],
						[
							114.054094,
							22.756397
						],
						[
							114.054187,
							22.756419
						],
						[
							114.054284,
							22.756441
						],
						[
							114.05437,
							22.756466
						],
						[
							114.054442,
							22.756481
						],
						[
							114.054543,
							22.756487
						],
						[
							114.054617,
							22.756509
						],
						[
							114.054705,
							22.75654
						],
						[
							114.054826,
							22.756588
						],
						[
							114.054954,
							22.756624
						],
						[
							114.055036,
							22.756653
						],
						[
							114.055129,
							22.756682
						],
						[
							114.055242,
							22.756716
						],
						[
							114.055391,
							22.756744
						],
						[
							114.055482,
							22.756757
						],
						[
							114.05556,
							22.756763
						],
						[
							114.055998,
							22.756722
						],
						[
							114.056459,
							22.75668
						],
						[
							114.056494,
							22.756676
						],
						[
							114.056509,
							22.756633
						],
						[
							114.056846,
							22.755682
						],
						[
							114.056974,
							22.755416
						],
						[
							114.057022,
							22.755315
						],
						[
							114.057098,
							22.755091
						],
						[
							114.057143,
							22.754957
						],
						[
							114.057197,
							22.75484
						],
						[
							114.057233,
							22.754771
						],
						[
							114.057303,
							22.754689
						],
						[
							114.057397,
							22.754598
						],
						[
							114.057539,
							22.754509
						],
						[
							114.057676,
							22.754415
						],
						[
							114.057803,
							22.754345
						],
						[
							114.057926,
							22.754266
						],
						[
							114.058071,
							22.754181
						],
						[
							114.058207,
							22.754081
						],
						[
							114.058347,
							22.753986
						],
						[
							114.058443,
							22.753936
						],
						[
							114.05856,
							22.753907
						],
						[
							114.058634,
							22.753861
						],
						[
							114.058681,
							22.753835
						],
						[
							114.058736,
							22.753836
						],
						[
							114.058803,
							22.753851
						],
						[
							114.058938,
							22.75387
						],
						[
							114.058972,
							22.753889
						],
						[
							114.05907,
							22.753954
						],
						[
							114.059213,
							22.754047
						],
						[
							114.059324,
							22.754142
						],
						[
							114.059392,
							22.754206
						],
						[
							114.059455,
							22.754273
						],
						[
							114.059507,
							22.754341
						],
						[
							114.059544,
							22.754417
						],
						[
							114.059599,
							22.754531
						],
						[
							114.059644,
							22.754653
						],
						[
							114.059698,
							22.754842
						],
						[
							114.059716,
							22.754912
						],
						[
							114.059742,
							22.754999
						],
						[
							114.059778,
							22.755046
						],
						[
							114.05985,
							22.755078
						],
						[
							114.059922,
							22.755076
						],
						[
							114.063438,
							22.755992
						],
						[
							114.06375,
							22.756212
						],
						[
							114.063845,
							22.756221
						],
						[
							114.064131,
							22.756096
						],
						[
							114.064579,
							22.755902
						],
						[
							114.064607,
							22.755848
						],
						[
							114.064652,
							22.755722
						],
						[
							114.064666,
							22.755642
						],
						[
							114.064673,
							22.755583
						],
						[
							114.064679,
							22.755502
						],
						[
							114.064682,
							22.755446
						],
						[
							114.064658,
							22.755398
						],
						[
							114.064583,
							22.755322
						],
						[
							114.064512,
							22.755237
						],
						[
							114.064609,
							22.75259
						],
						[
							114.064619,
							22.752446
						],
						[
							114.064619,
							22.752383
						],
						[
							114.064613,
							22.752232
						],
						[
							114.064591,
							22.752078
						],
						[
							114.064574,
							22.752008
						],
						[
							114.06455,
							22.751906
						],
						[
							114.064517,
							22.751794
						],
						[
							114.064473,
							22.751687
						],
						[
							114.064431,
							22.751614
						],
						[
							114.064377,
							22.751554
						],
						[
							114.064296,
							22.751506
						],
						[
							114.064222,
							22.751468
						],
						[
							114.064109,
							22.751434
						],
						[
							114.064018,
							22.751425
						],
						[
							114.063758,
							22.751373
						],
						[
							114.063612,
							22.751345
						],
						[
							114.063425,
							22.749578
						],
						[
							114.066188,
							22.747981
						],
						[
							114.069001,
							22.749662
						],
						[
							114.070795,
							22.749124
						],
						[
							114.072388,
							22.746395
						],
						[
							114.07249,
							22.742292
						],
						[
							114.074815,
							22.740887
						],
						[
							114.075768,
							22.742283
						],
						[
							114.079498,
							22.745324
						],
						[
							114.081242,
							22.745996
						],
						[
							114.080996,
							22.747182
						],
						[
							114.080992,
							22.747244
						],
						[
							114.081002,
							22.74733
						],
						[
							114.081007,
							22.747404
						],
						[
							114.081008,
							22.747481
						],
						[
							114.081028,
							22.747547
						],
						[
							114.081055,
							22.747597
						],
						[
							114.082147,
							22.748631
						],
						[
							114.082218,
							22.748736
						],
						[
							114.082408,
							22.748972
						],
						[
							114.082523,
							22.749114
						],
						[
							114.082675,
							22.749226
						],
						[
							114.082864,
							22.74936
						],
						[
							114.083127,
							22.749543
						],
						[
							114.083236,
							22.749618
						],
						[
							114.083355,
							22.749739
						],
						[
							114.083442,
							22.749834
						],
						[
							114.083591,
							22.749936
						],
						[
							114.083756,
							22.750094
						],
						[
							114.083926,
							22.750215
						],
						[
							114.084178,
							22.750398
						],
						[
							114.084295,
							22.750496
						],
						[
							114.084361,
							22.750544
						],
						[
							114.084394,
							22.750565
						],
						[
							114.084421,
							22.750563
						],
						[
							114.084506,
							22.750492
						],
						[
							114.084751,
							22.750303
						],
						[
							114.084996,
							22.750087
						],
						[
							114.085196,
							22.749894
						],
						[
							114.085368,
							22.749744
						],
						[
							114.085538,
							22.749641
						],
						[
							114.085741,
							22.749508
						],
						[
							114.085875,
							22.749409
						],
						[
							114.085999,
							22.7493
						],
						[
							114.086133,
							22.749186
						],
						[
							114.086316,
							22.749042
						],
						[
							114.086426,
							22.748954
						],
						[
							114.086508,
							22.748875
						],
						[
							114.086578,
							22.748854
						],
						[
							114.08668,
							22.74884
						],
						[
							114.086842,
							22.748829
						],
						[
							114.086972,
							22.748818
						],
						[
							114.087141,
							22.748815
						],
						[
							114.087313,
							22.748822
						],
						[
							114.087575,
							22.748843
						],
						[
							114.087782,
							22.74887
						],
						[
							114.087979,
							22.748912
						],
						[
							114.088118,
							22.748948
						],
						[
							114.088299,
							22.749022
						],
						[
							114.088475,
							22.749099
						],
						[
							114.088645,
							22.749184
						],
						[
							114.088786,
							22.749234
						],
						[
							114.088878,
							22.74927
						],
						[
							114.088969,
							22.749301
						],
						[
							114.089907,
							22.749535
						],
						[
							114.089949,
							22.749545
						],
						[
							114.090025,
							22.749501
						],
						[
							114.090212,
							22.74936
						],
						[
							114.091846,
							22.748521
						],
						[
							114.092829,
							22.748016
						],
						[
							114.092845,
							22.747971
						],
						[
							114.092834,
							22.747926
						],
						[
							114.092779,
							22.74785
						],
						[
							114.092726,
							22.747793
						],
						[
							114.092629,
							22.747721
						],
						[
							114.092541,
							22.747674
						],
						[
							114.092408,
							22.747633
						],
						[
							114.091896,
							22.74721
						],
						[
							114.091696,
							22.746968
						],
						[
							114.092149,
							22.746049
						],
						[
							114.096174,
							22.746427
						],
						[
							114.096843,
							22.746579
						],
						[
							114.098468,
							22.747191
						],
						[
							114.09868,
							22.746904
						],
						[
							114.098831,
							22.746476
						],
						[
							114.098743,
							22.745294
						],
						[
							114.098016,
							22.743354
						],
						[
							114.098099,
							22.743135
						],
						[
							114.100281,
							22.741275
						],
						[
							114.100827,
							22.739117
						],
						[
							114.101036,
							22.73781
						],
						[
							114.100824,
							22.73654
						],
						[
							114.099404,
							22.735648
						],
						[
							114.102837,
							22.731379
						],
						[
							114.104202,
							22.731652
						],
						[
							114.104377,
							22.731608
						],
						[
							114.105225,
							22.730965
						],
						[
							114.107179,
							22.723001
						],
						[
							114.10812,
							22.722709
						],
						[
							114.110533,
							22.72243
						],
						[
							114.111273,
							22.721954
						],
						[
							114.111759,
							22.721434
						],
						[
							114.113366,
							22.72103
						]
					]
				]
			}
		}
	]
}