{
	"type": "FeatureCollection",
	"features": [
		{
			"type": "Feature",
			"id": "440305",
			"properties": {
				"name": "南山区",
				"cp": [
					113.93943,
					22.531221
				],
				"childNum": 4
			},
			"geometry": {
				"type": "MultiPolygon",
				"coordinates": [
					[
						[
							[
								113.844477,
								22.510218
							],
							[
								113.843568,
								22.511037
							],
							[
								113.842953,
								22.511911
							],
							[
								113.842512,
								22.512667
							],
							[
								113.842339,
								22.5136
							],
							[
								113.842278,
								22.51477
							],
							[
								113.842538,
								22.515822
							],
							[
								113.844412,
								22.517083
							],
							[
								113.845078,
								22.517269
							],
							[
								113.845659,
								22.516873
							],
							[
								113.848694,
								22.513574
							],
							[
								113.850371,
								22.513282
							],
							[
								113.852664,
								22.511816
							],
							[
								113.856864,
								22.509579
							],
							[
								113.857014,
								22.504813
							],
							[
								113.856797,
								22.503576
							],
							[
								113.855091,
								22.502835
							],
							[
								113.854229,
								22.503018
							],
							[
								113.852439,
								22.503851
							],
							[
								113.850518,
								22.504822
							],
							[
								113.848875,
								22.506335
							],
							[
								113.845879,
								22.509381
							],
							[
								113.844477,
								22.510218
							]
						]
					],
					[
						[
							[
								114.023509,
								22.581647
							],
							[
								114.023311,
								22.581279
							],
							[
								114.022859,
								22.580798
							],
							[
								114.022718,
								22.580668
							],
							[
								114.022648,
								22.580609
							],
							[
								114.022446,
								22.580447
							],
							[
								114.022234,
								22.580326
							],
							[
								114.022151,
								22.580287
							],
							[
								114.020112,
								22.579459
							],
							[
								114.020077,
								22.579439
							],
							[
								114.020029,
								22.579426
							],
							[
								114.019898,
								22.579392
							],
							[
								114.019614,
								22.579303
							],
							[
								114.019506,
								22.579279
							],
							[
								114.019291,
								22.579212
							],
							[
								114.019034,
								22.579122
							],
							[
								114.018923,
								22.579088
							],
							[
								114.018869,
								22.579073
							],
							[
								114.017249,
								22.57909
							],
							[
								114.017041,
								22.579094
							],
							[
								114.016973,
								22.579117
							],
							[
								114.016923,
								22.579131
							],
							[
								114.01684,
								22.579158
							],
							[
								114.016719,
								22.579194
							],
							[
								114.016653,
								22.57921
							],
							[
								114.016607,
								22.579234
							],
							[
								114.016551,
								22.579272
							],
							[
								114.016433,
								22.57937
							],
							[
								114.016344,
								22.579426
							],
							[
								114.016311,
								22.579436
							],
							[
								114.01626,
								22.579432
							],
							[
								114.015004,
								22.579516
							],
							[
								114.014876,
								22.579555
							],
							[
								114.014676,
								22.579538
							],
							[
								114.013671,
								22.579451
							],
							[
								114.01237,
								22.579266
							],
							[
								114.009969,
								22.578929
							],
							[
								114.009461,
								22.578858
							],
							[
								114.008166,
								22.577839
							],
							[
								114.007958,
								22.57766
							],
							[
								114.007761,
								22.577421
							],
							[
								114.007592,
								22.577144
							],
							[
								114.007372,
								22.576835
							],
							[
								114.007191,
								22.576648
							],
							[
								114.006727,
								22.576371
							],
							[
								114.006635,
								22.576284
							],
							[
								114.00645,
								22.576146
							],
							[
								114.006273,
								22.576014
							],
							[
								114.006157,
								22.575939
							],
							[
								114.005553,
								22.575764
							],
							[
								114.005377,
								22.5754
							],
							[
								114.005269,
								22.575138
							],
							[
								114.005092,
								22.572239
							],
							[
								114.005079,
								22.572084
							],
							[
								114.005048,
								22.571902
							],
							[
								114.005042,
								22.571794
							],
							[
								114.005035,
								22.571618
							],
							[
								114.00502,
								22.571442
							],
							[
								114.005057,
								22.571202
							],
							[
								114.005123,
								22.5708
							],
							[
								114.00515,
								22.570533
							],
							[
								114.005194,
								22.570156
							],
							[
								114.005238,
								22.569871
							],
							[
								114.005282,
								22.569554
							],
							[
								114.00534,
								22.569276
							],
							[
								114.005354,
								22.56917
							],
							[
								114.005371,
								22.568926
							],
							[
								114.005384,
								22.568594
							],
							[
								114.005398,
								22.568499
							],
							[
								114.005399,
								22.568378
							],
							[
								114.00542,
								22.568235
							],
							[
								114.005399,
								22.568014
							],
							[
								114.005376,
								22.567898
							],
							[
								114.005252,
								22.567674
							],
							[
								114.005026,
								22.567368
							],
							[
								114.004755,
								22.567043
							],
							[
								114.004551,
								22.566791
							],
							[
								114.004364,
								22.566603
							],
							[
								114.004121,
								22.566349
							],
							[
								114.004062,
								22.566271
							],
							[
								114.00396,
								22.566045
							],
							[
								114.003836,
								22.565774
							],
							[
								114.003756,
								22.565552
							],
							[
								114.003486,
								22.564839
							],
							[
								114.003414,
								22.564637
							],
							[
								114.003339,
								22.563183
							],
							[
								114.00337,
								22.563061
							],
							[
								114.003419,
								22.562858
							],
							[
								114.003477,
								22.562698
							],
							[
								114.003601,
								22.562412
							],
							[
								114.003676,
								22.562183
							],
							[
								114.00372,
								22.562041
							],
							[
								114.003764,
								22.561839
							],
							[
								114.003792,
								22.561708
							],
							[
								114.0038,
								22.561534
							],
							[
								114.003822,
								22.561286
							],
							[
								114.003844,
								22.561015
							],
							[
								114.003866,
								22.560784
							],
							[
								114.003902,
								22.560628
							],
							[
								114.003938,
								22.560479
							],
							[
								114.00404,
								22.560324
							],
							[
								114.004107,
								22.560241
							],
							[
								114.004297,
								22.560155
							],
							[
								114.004341,
								22.560116
							],
							[
								114.004492,
								22.559971
							],
							[
								114.00463,
								22.559825
							],
							[
								114.004705,
								22.559684
							],
							[
								114.004793,
								22.559534
							],
							[
								114.004879,
								22.559345
							],
							[
								114.004959,
								22.559197
							],
							[
								114.005011,
								22.559054
							],
							[
								114.005042,
								22.558905
							],
							[
								114.005064,
								22.558785
							],
							[
								114.005158,
								22.558621
							],
							[
								114.005216,
								22.558528
							],
							[
								114.005331,
								22.5584
							],
							[
								114.005384,
								22.558311
							],
							[
								114.005406,
								22.558231
							],
							[
								114.005434,
								22.558062
							],
							[
								114.005434,
								22.557866
							],
							[
								114.00542,
								22.55767
							],
							[
								114.005433,
								22.557514
							],
							[
								114.005456,
								22.557419
							],
							[
								114.0055,
								22.557344
							],
							[
								114.005511,
								22.556852
							],
							[
								114.005499,
								22.556344
							],
							[
								114.005208,
								22.556189
							],
							[
								114.005127,
								22.556161
							],
							[
								114.004815,
								22.556098
							],
							[
								114.00439,
								22.556017
							],
							[
								114.004012,
								22.555946
							],
							[
								114.003499,
								22.555859
							],
							[
								114.003157,
								22.555808
							],
							[
								114.0029,
								22.555774
							],
							[
								114.002696,
								22.555766
							],
							[
								114.002478,
								22.555808
							],
							[
								114.002185,
								22.555834
							],
							[
								114.001937,
								22.555845
							],
							[
								114.001719,
								22.555833
							],
							[
								114.001542,
								22.555804
							],
							[
								114.001369,
								22.555802
							],
							[
								114.0012,
								22.555789
							],
							[
								114.000814,
								22.555707
							],
							[
								114.000141,
								22.555544
							],
							[
								113.999674,
								22.555461
							],
							[
								113.998529,
								22.555179
							],
							[
								113.998024,
								22.555056
							],
							[
								113.99774,
								22.554995
							],
							[
								113.99758,
								22.554945
							],
							[
								113.997542,
								22.554887
							],
							[
								113.997541,
								22.554838
							],
							[
								113.997638,
								22.554714
							],
							[
								113.997776,
								22.554563
							],
							[
								113.998033,
								22.554244
							],
							[
								113.99822,
								22.554083
							],
							[
								113.998367,
								22.553941
							],
							[
								113.998419,
								22.553879
							],
							[
								113.998389,
								22.553706
							],
							[
								113.998353,
								22.553237
							],
							[
								113.9983,
								22.552818
							],
							[
								113.998272,
								22.55267
							],
							[
								113.998237,
								22.552377
							],
							[
								113.998198,
								22.552209
							],
							[
								113.99817,
								22.552085
							],
							[
								113.998228,
								22.551642
							],
							[
								113.998286,
								22.551395
							],
							[
								113.998316,
								22.551223
							],
							[
								113.998344,
								22.551072
							],
							[
								113.998367,
								22.550972
							],
							[
								113.998543,
								22.550586
							],
							[
								113.998645,
								22.550329
							],
							[
								113.998747,
								22.550229
							],
							[
								113.998849,
								22.550139
							],
							[
								113.998973,
								22.550094
							],
							[
								113.999106,
								22.550047
							],
							[
								113.999332,
								22.549994
							],
							[
								113.999559,
								22.549941
							],
							[
								113.999697,
								22.5499
							],
							[
								113.999791,
								22.549847
							],
							[
								113.999879,
								22.549744
							],
							[
								113.9999,
								22.549618
							],
							[
								113.999892,
								22.549489
							],
							[
								113.999785,
								22.549229
							],
							[
								113.999711,
								22.549074
							],
							[
								113.999617,
								22.548986
							],
							[
								113.999559,
								22.548958
							],
							[
								113.999075,
								22.548931
							],
							[
								113.998747,
								22.548902
							],
							[
								113.998521,
								22.548867
							],
							[
								113.998264,
								22.548813
							],
							[
								113.998055,
								22.548778
							],
							[
								113.997892,
								22.54871
							],
							[
								113.997731,
								22.548641
							],
							[
								113.99766,
								22.548588
							],
							[
								113.997616,
								22.548528
							],
							[
								113.997544,
								22.548436
							],
							[
								113.996405,
								22.546974
							],
							[
								113.996272,
								22.546852
							],
							[
								113.996228,
								22.54679
							],
							[
								113.99625,
								22.546729
							],
							[
								113.996294,
								22.546608
							],
							[
								113.996689,
								22.545941
							],
							[
								113.996747,
								22.54585
							],
							[
								113.996921,
								22.545618
							],
							[
								113.997009,
								22.545454
							],
							[
								113.997119,
								22.545204
							],
							[
								113.997207,
								22.545009
							],
							[
								113.997221,
								22.544893
							],
							[
								113.997169,
								22.544725
							],
							[
								113.997045,
								22.544418
							],
							[
								113.996937,
								22.544173
							],
							[
								113.996827,
								22.543959
							],
							[
								113.996777,
								22.543844
							],
							[
								113.996738,
								22.543579
							],
							[
								113.996702,
								22.543302
							],
							[
								113.996716,
								22.543031
							],
							[
								113.996716,
								22.5427
							],
							[
								113.996738,
								22.542489
							],
							[
								113.996755,
								22.542076
							],
							[
								113.996791,
								22.541124
							],
							[
								113.996796,
								22.540833
							],
							[
								113.996804,
								22.540535
							],
							[
								113.996791,
								22.540129
							],
							[
								113.996747,
								22.539649
							],
							[
								113.996733,
								22.539217
							],
							[
								113.996709,
								22.538777
							],
							[
								113.996711,
								22.538763
							],
							[
								113.99672,
								22.538657
							],
							[
								113.996725,
								22.538632
							],
							[
								113.996807,
								22.538173
							],
							[
								113.996891,
								22.537728
							],
							[
								113.996946,
								22.537434
							],
							[
								113.997189,
								22.535563
							],
							[
								113.997334,
								22.535361
							],
							[
								113.997403,
								22.535
							],
							[
								113.997479,
								22.534603
							],
							[
								113.997467,
								22.534515
							],
							[
								113.997514,
								22.534418
							],
							[
								113.997592,
								22.534002
							],
							[
								113.9977,
								22.533416
							],
							[
								113.997732,
								22.533249
							],
							[
								113.997764,
								22.53307
							],
							[
								113.9978,
								22.532862
							],
							[
								113.997868,
								22.532493
							],
							[
								113.997872,
								22.532398
							],
							[
								113.997805,
								22.532404
							],
							[
								113.997402,
								22.532491
							],
							[
								113.997041,
								22.532581
							],
							[
								113.996604,
								22.532684
							],
							[
								113.996384,
								22.532735
							],
							[
								113.996036,
								22.532819
							],
							[
								113.995708,
								22.532892
							],
							[
								113.995436,
								22.53296
							],
							[
								113.995397,
								22.53287
							],
							[
								113.995316,
								22.532695
							],
							[
								113.995232,
								22.532451
							],
							[
								113.995205,
								22.532356
							],
							[
								113.995211,
								22.532345
							],
							[
								113.995275,
								22.532322
							],
							[
								113.995571,
								22.53224
							],
							[
								113.996153,
								22.532071
							],
							[
								113.996069,
								22.531811
							],
							[
								113.996,
								22.531625
							],
							[
								113.995885,
								22.53136
							],
							[
								113.995785,
								22.531138
							],
							[
								113.995713,
								22.530986
							],
							[
								113.995624,
								22.530809
							],
							[
								113.99551,
								22.530586
							],
							[
								113.995487,
								22.530534
							],
							[
								113.995465,
								22.530512
							],
							[
								113.995436,
								22.530499
							],
							[
								113.995348,
								22.530489
							],
							[
								113.995225,
								22.5305
							],
							[
								113.994858,
								22.530548
							],
							[
								113.994658,
								22.530572
							],
							[
								113.994526,
								22.530596
							],
							[
								113.994456,
								22.530598
							],
							[
								113.994394,
								22.530583
							],
							[
								113.994354,
								22.530567
							],
							[
								113.994301,
								22.53046
							],
							[
								113.994278,
								22.53042
							],
							[
								113.994153,
								22.530279
							],
							[
								113.994102,
								22.530226
							],
							[
								113.994032,
								22.530106
							],
							[
								113.993944,
								22.529983
							],
							[
								113.993915,
								22.529934
							],
							[
								113.993874,
								22.529799
							],
							[
								113.99383,
								22.529669
							],
							[
								113.993755,
								22.529384
							],
							[
								113.993672,
								22.529083
							],
							[
								113.993553,
								22.528656
							],
							[
								113.993439,
								22.528241
							],
							[
								113.993371,
								22.527994
							],
							[
								113.993298,
								22.527679
							],
							[
								113.993456,
								22.527371
							],
							[
								113.993598,
								22.52718
							],
							[
								113.993626,
								22.526806
							],
							[
								113.993633,
								22.526656
							],
							[
								113.99388,
								22.525131
							],
							[
								113.994208,
								22.523195
							],
							[
								113.994272,
								22.522924
							],
							[
								113.994295,
								22.522413
							],
							[
								113.994359,
								22.522198
							],
							[
								113.994391,
								22.521927
							],
							[
								113.990545,
								22.520481
							],
							[
								113.990747,
								22.510582
							],
							[
								113.976539,
								22.510627
							],
							[
								113.966031,
								22.509719
							],
							[
								113.96217,
								22.507613
							],
							[
								113.959143,
								22.504922
							],
							[
								113.957039,
								22.500555
							],
							[
								113.954769,
								22.490986
							],
							[
								113.952674,
								22.486538
							],
							[
								113.951702,
								22.484892
							],
							[
								113.951624,
								22.48476
							],
							[
								113.948979,
								22.480281
							],
							[
								113.946876,
								22.477341
							],
							[
								113.939907,
								22.471711
							],
							[
								113.915741,
								22.45596
							],
							[
								113.900819,
								22.447487
							],
							[
								113.897549,
								22.444741
							],
							[
								113.895494,
								22.443391
							],
							[
								113.89363,
								22.442718
							],
							[
								113.891766,
								22.442639
							],
							[
								113.888594,
								22.443238
							],
							[
								113.885231,
								22.444549
							],
							[
								113.881722,
								22.446787
							],
							[
								113.870001,
								22.45955
							],
							[
								113.866987,
								22.465257
							],
							[
								113.862805,
								22.475834
							],
							[
								113.859377,
								22.495636
							],
							[
								113.860131,
								22.502008
							],
							[
								113.861049,
								22.504943
							],
							[
								113.863751,
								22.511981
							],
							[
								113.864063,
								22.515981
							],
							[
								113.860929,
								22.526416
							],
							[
								113.895649,
								22.54308
							],
							[
								113.901389,
								22.545377
							],
							[
								113.903379,
								22.546994
							],
							[
								113.903396,
								22.547005
							],
							[
								113.903411,
								22.54702
							],
							[
								113.903559,
								22.54714
							],
							[
								113.90358,
								22.547155
							],
							[
								113.903645,
								22.547207
							],
							[
								113.903663,
								22.547225
							],
							[
								113.905089,
								22.548384
							],
							[
								113.908889,
								22.551665
							],
							[
								113.909511,
								22.552186
							],
							[
								113.910687,
								22.553158
							],
							[
								113.911506,
								22.553735
							],
							[
								113.91303,
								22.554824
							],
							[
								113.915773,
								22.556776
							],
							[
								113.915982,
								22.557034
							],
							[
								113.915983,
								22.557099
							],
							[
								113.916024,
								22.55714
							],
							[
								113.916075,
								22.557266
							],
							[
								113.916109,
								22.557956
							],
							[
								113.916064,
								22.55885
							],
							[
								113.916053,
								22.558876
							],
							[
								113.916053,
								22.559057
							],
							[
								113.916033,
								22.559442
							],
							[
								113.915995,
								22.5612
							],
							[
								113.916038,
								22.561284
							],
							[
								113.915992,
								22.561349
							],
							[
								113.915911,
								22.565138
							],
							[
								113.916,
								22.565704
							],
							[
								113.91617,
								22.565936
							],
							[
								113.917555,
								22.567129
							],
							[
								113.918346,
								22.567801
							],
							[
								113.921328,
								22.570537
							],
							[
								113.921703,
								22.570887
							],
							[
								113.92221,
								22.571361
							],
							[
								113.922418,
								22.571556
							],
							[
								113.922444,
								22.571569
							],
							[
								113.922476,
								22.571586
							],
							[
								113.922918,
								22.571809
							],
							[
								113.923832,
								22.572253
							],
							[
								113.926499,
								22.573849
							],
							[
								113.926747,
								22.574115
							],
							[
								113.926967,
								22.574409
							],
							[
								113.927134,
								22.574948
							],
							[
								113.927574,
								22.576005
							],
							[
								113.928268,
								22.577563
							],
							[
								113.929032,
								22.578768
							],
							[
								113.929158,
								22.57919
							],
							[
								113.929349,
								22.580208
							],
							[
								113.929368,
								22.580436
							],
							[
								113.929443,
								22.58053
							],
							[
								113.929538,
								22.58062
							],
							[
								113.929542,
								22.580689
							],
							[
								113.929544,
								22.580756
							],
							[
								113.92954,
								22.580794
							],
							[
								113.929525,
								22.580826
							],
							[
								113.929452,
								22.580924
							],
							[
								113.92914,
								22.581349
							],
							[
								113.929032,
								22.581509
							],
							[
								113.92833,
								22.582339
							],
							[
								113.928202,
								22.582612
							],
							[
								113.926679,
								22.583406
							],
							[
								113.924939,
								22.584584
							],
							[
								113.92479,
								22.584824
							],
							[
								113.924931,
								22.585717
							],
							[
								113.924832,
								22.586498
							],
							[
								113.924794,
								22.586617
							],
							[
								113.924808,
								22.586691
							],
							[
								113.924802,
								22.586728
							],
							[
								113.924725,
								22.586906
							],
							[
								113.924418,
								22.587616
							],
							[
								113.924363,
								22.588472
							],
							[
								113.924468,
								22.589961
							],
							[
								113.924665,
								22.590255
							],
							[
								113.926281,
								22.590812
							],
							[
								113.928093,
								22.59069
							],
							[
								113.928541,
								22.590779
							],
							[
								113.928499,
								22.591459
							],
							[
								113.928356,
								22.591802
							],
							[
								113.928004,
								22.59214
							],
							[
								113.927025,
								22.592242
							],
							[
								113.926544,
								22.592785
							],
							[
								113.926287,
								22.593322
							],
							[
								113.926206,
								22.594206
							],
							[
								113.925816,
								22.59544
							],
							[
								113.924093,
								22.598614
							],
							[
								113.923627,
								22.599601
							],
							[
								113.923531,
								22.600115
							],
							[
								113.924254,
								22.601916
							],
							[
								113.925035,
								22.603184
							],
							[
								113.926841,
								22.603493
							],
							[
								113.927424,
								22.603718
							],
							[
								113.927825,
								22.604006
							],
							[
								113.928322,
								22.60543
							],
							[
								113.928544,
								22.606631
							],
							[
								113.928561,
								22.606725
							],
							[
								113.928651,
								22.606767
							],
							[
								113.929132,
								22.606991
							],
							[
								113.929965,
								22.607856
							],
							[
								113.930078,
								22.609244
							],
							[
								113.93,
								22.609995
							],
							[
								113.929977,
								22.610157
							],
							[
								113.929972,
								22.610187
							],
							[
								113.929965,
								22.610234
							],
							[
								113.929948,
								22.610348
							],
							[
								113.929563,
								22.611554
							],
							[
								113.928843,
								22.612358
							],
							[
								113.927557,
								22.61492
							],
							[
								113.927542,
								22.614957
							],
							[
								113.9275,
								22.615102
							],
							[
								113.9275,
								22.6156
							],
							[
								113.92962,
								22.618568
							],
							[
								113.93024,
								22.619045
							],
							[
								113.930454,
								22.619323
							],
							[
								113.930692,
								22.621007
							],
							[
								113.931259,
								22.623021
							],
							[
								113.931166,
								22.623588
							],
							[
								113.93035,
								22.62485
							],
							[
								113.929786,
								22.625435
							],
							[
								113.929288,
								22.626181
							],
							[
								113.929142,
								22.626959
							],
							[
								113.929163,
								22.627361
							],
							[
								113.929301,
								22.627625
							],
							[
								113.929755,
								22.628016
							],
							[
								113.92991,
								22.628643
							],
							[
								113.930167,
								22.629124
							],
							[
								113.930159,
								22.629482
							],
							[
								113.929993,
								22.630196
							],
							[
								113.929464,
								22.630958
							],
							[
								113.928934,
								22.631353
							],
							[
								113.928918,
								22.631714
							],
							[
								113.929344,
								22.633061
							],
							[
								113.929862,
								22.63392
							],
							[
								113.930173,
								22.634226
							],
							[
								113.931414,
								22.634676
							],
							[
								113.9315,
								22.634716
							],
							[
								113.931564,
								22.634746
							],
							[
								113.931588,
								22.634762
							],
							[
								113.931652,
								22.634805
							],
							[
								113.931664,
								22.634819
							],
							[
								113.931831,
								22.635138
							],
							[
								113.931862,
								22.635271
							],
							[
								113.931863,
								22.635328
							],
							[
								113.931865,
								22.635494
							],
							[
								113.93235,
								22.63656
							],
							[
								113.93395,
								22.63706
							],
							[
								113.934813,
								22.637867
							],
							[
								113.936013,
								22.638088
							],
							[
								113.936319,
								22.638315
							],
							[
								113.936585,
								22.638683
							],
							[
								113.937016,
								22.641091
							],
							[
								113.937647,
								22.643078
							],
							[
								113.937709,
								22.643861
							],
							[
								113.93766,
								22.644316
							],
							[
								113.93745,
								22.64489
							],
							[
								113.937525,
								22.645089
							],
							[
								113.938414,
								22.645359
							],
							[
								113.940348,
								22.646118
							],
							[
								113.940518,
								22.64625
							],
							[
								113.940771,
								22.64762
							],
							[
								113.942076,
								22.649049
							],
							[
								113.94294,
								22.649521
							],
							[
								113.944034,
								22.650592
							],
							[
								113.944708,
								22.650764
							],
							[
								113.946719,
								22.65097
							],
							[
								113.947957,
								22.651412
							],
							[
								113.949402,
								22.652198
							],
							[
								113.949977,
								22.652195
							],
							[
								113.950394,
								22.651823
							],
							[
								113.950852,
								22.650829
							],
							[
								113.951901,
								22.650544
							],
							[
								113.952901,
								22.650974
							],
							[
								113.953731,
								22.650428
							],
							[
								113.954064,
								22.649954
							],
							[
								113.954701,
								22.649336
							],
							[
								113.955102,
								22.649244
							],
							[
								113.955264,
								22.649302
							],
							[
								113.955687,
								22.65013
							],
							[
								113.956545,
								22.650684
							],
							[
								113.957607,
								22.651594
							],
							[
								113.959099,
								22.652274
							],
							[
								113.959993,
								22.652478
							],
							[
								113.960363,
								22.652316
							],
							[
								113.960614,
								22.651643
							],
							[
								113.961149,
								22.651307
							],
							[
								113.963145,
								22.651306
							],
							[
								113.964344,
								22.65119
							],
							[
								113.965302,
								22.651319
							],
							[
								113.965801,
								22.651516
							],
							[
								113.966024,
								22.651497
							],
							[
								113.966456,
								22.651328
							],
							[
								113.967084,
								22.650781
							],
							[
								113.967852,
								22.648885
							],
							[
								113.967964,
								22.647886
							],
							[
								113.968547,
								22.645765
							],
							[
								113.968736,
								22.644282
							],
							[
								113.967523,
								22.643478
							],
							[
								113.966726,
								22.642334
							],
							[
								113.966593,
								22.641749
							],
							[
								113.966626,
								22.640839
							],
							[
								113.967455,
								22.64042
							],
							[
								113.969014,
								22.640517
							],
							[
								113.969638,
								22.640681
							],
							[
								113.969882,
								22.640661
							],
							[
								113.970044,
								22.640537
							],
							[
								113.971469,
								22.63831
							],
							[
								113.972302,
								22.637453
							],
							[
								113.973279,
								22.637076
							],
							[
								113.973666,
								22.636373
							],
							[
								113.974731,
								22.636126
							],
							[
								113.975398,
								22.636576
							],
							[
								113.976192,
								22.637281
							],
							[
								113.978029,
								22.637098
							],
							[
								113.97845,
								22.636974
							],
							[
								113.980019,
								22.637006
							],
							[
								113.980253,
								22.636939
							],
							[
								113.981226,
								22.63703
							],
							[
								113.982116,
								22.637298
							],
							[
								113.98236,
								22.63724
							],
							[
								113.982771,
								22.63685
							],
							[
								113.983618,
								22.636411
							],
							[
								113.984501,
								22.63625
							],
							[
								113.985958,
								22.63645
							],
							[
								113.98684,
								22.636179
							],
							[
								113.988879,
								22.634984
							],
							[
								113.989989,
								22.634041
							],
							[
								113.990491,
								22.633009
							],
							[
								113.991225,
								22.631951
							],
							[
								113.991814,
								22.631423
							],
							[
								113.992403,
								22.631213
							],
							[
								113.992521,
								22.631096
							],
							[
								113.992622,
								22.630623
							],
							[
								113.992449,
								22.629798
							],
							[
								113.99316,
								22.628119
							],
							[
								113.993333,
								22.626867
							],
							[
								113.993612,
								22.626172
							],
							[
								113.993775,
								22.625834
							],
							[
								113.993918,
								22.62578
							],
							[
								113.994424,
								22.626065
							],
							[
								113.994856,
								22.626509
							],
							[
								113.996565,
								22.626636
							],
							[
								113.997366,
								22.626346
							],
							[
								113.998131,
								22.625504
							],
							[
								113.998849,
								22.62513
							],
							[
								113.999205,
								22.625095
							],
							[
								114.000318,
								22.625416
							],
							[
								114.001034,
								22.625759
							],
							[
								114.001737,
								22.625719
							],
							[
								114.001924,
								22.625431
							],
							[
								114.002572,
								22.623404
							],
							[
								114.002546,
								22.622906
							],
							[
								114.002651,
								22.622427
							],
							[
								114.002811,
								22.622221
							],
							[
								114.003532,
								22.621876
							],
							[
								114.003937,
								22.621497
							],
							[
								114.004319,
								22.620244
							],
							[
								114.004881,
								22.619692
							],
							[
								114.005187,
								22.619412
							],
							[
								114.00555,
								22.619095
							],
							[
								114.006139,
								22.618996
							],
							[
								114.00682,
								22.619112
							],
							[
								114.008801,
								22.615906
							],
							[
								114.009081,
								22.613109
							],
							[
								114.009109,
								22.611618
							],
							[
								114.009301,
								22.611084
							],
							[
								114.012861,
								22.60622
							],
							[
								114.013299,
								22.605877
							],
							[
								114.014363,
								22.605729
							],
							[
								114.015751,
								22.604353
							],
							[
								114.016049,
								22.603604
							],
							[
								114.016068,
								22.603538
							],
							[
								114.016122,
								22.603438
							],
							[
								114.016128,
								22.603427
							],
							[
								114.016152,
								22.603383
							],
							[
								114.016244,
								22.603213
							],
							[
								114.016603,
								22.602655
							],
							[
								114.016612,
								22.602649
							],
							[
								114.016652,
								22.602624
							],
							[
								114.016785,
								22.602591
							],
							[
								114.018987,
								22.602043
							],
							[
								114.020835,
								22.601864
							],
							[
								114.0219,
								22.602357
							],
							[
								114.02318,
								22.599946
							],
							[
								114.023488,
								22.598572
							],
							[
								114.023648,
								22.597158
							],
							[
								114.023208,
								22.595146
							],
							[
								114.023741,
								22.593626
							],
							[
								114.023901,
								22.593347
							],
							[
								114.024737,
								22.592527
							],
							[
								114.025394,
								22.592158
							],
							[
								114.026043,
								22.591936
							],
							[
								114.026338,
								22.590684
							],
							[
								114.026359,
								22.590581
							],
							[
								114.026377,
								22.590494
							],
							[
								114.026382,
								22.590474
							],
							[
								114.026399,
								22.590391
							],
							[
								114.026421,
								22.590284
							],
							[
								114.026376,
								22.589756
							],
							[
								114.026292,
								22.589599
							],
							[
								114.026285,
								22.589584
							],
							[
								114.025873,
								22.589005
							],
							[
								114.025217,
								22.587389
							],
							[
								114.023942,
								22.582409
							],
							[
								114.023509,
								22.581647
							]
						]
					],
					[
						[
							[
								113.839629,
								22.498528
							],
							[
								113.839274,
								22.499597
							],
							[
								113.839474,
								22.500666
							],
							[
								113.842763,
								22.503534
							],
							[
								113.843496,
								22.503822
							],
							[
								113.844451,
								22.503352
							],
							[
								113.851983,
								22.496611
							],
							[
								113.852139,
								22.495876
							],
							[
								113.851894,
								22.495297
							],
							[
								113.849138,
								22.491715
							],
							[
								113.848161,
								22.491672
							],
							[
								113.84725,
								22.491941
							],
							[
								113.839629,
								22.498528
							]
						]
					],
					[
						[
							[
								113.819933,
								22.396344
							],
							[
								113.814185,
								22.397858
							],
							[
								113.810158,
								22.399158
							],
							[
								113.8073,
								22.400257
							],
							[
								113.803992,
								22.402447
							],
							[
								113.802424,
								22.403814
							],
							[
								113.801844,
								22.404909
							],
							[
								113.801784,
								22.406445
							],
							[
								113.801368,
								22.407368
							],
							[
								113.800623,
								22.407847
							],
							[
								113.799393,
								22.408395
							],
							[
								113.798207,
								22.408976
							],
							[
								113.794525,
								22.410552
							],
							[
								113.792239,
								22.411411
							],
							[
								113.788201,
								22.412353
							],
							[
								113.786694,
								22.413585
							],
							[
								113.786278,
								22.41462
							],
							[
								113.786278,
								22.415992
							],
							[
								113.786859,
								22.417187
							],
							[
								113.788219,
								22.418108
							],
							[
								113.790021,
								22.418652
							],
							[
								113.791624,
								22.418581
							],
							[
								113.793123,
								22.418238
							],
							[
								113.79411,
								22.417451
							],
							[
								113.795002,
								22.416767
							],
							[
								113.795921,
								22.416765
							],
							[
								113.797315,
								22.417753
							],
							[
								113.798303,
								22.419221
							],
							[
								113.798571,
								22.42093
							],
							[
								113.798901,
								22.42249
							],
							[
								113.799715,
								22.423194
							],
							[
								113.800902,
								22.423416
							],
							[
								113.80229,
								22.423531
							],
							[
								113.80369,
								22.423027
							],
							[
								113.80449,
								22.421473
							],
							[
								113.804539,
								22.419969
							],
							[
								113.805093,
								22.418802
							],
							[
								113.807015,
								22.418428
							],
							[
								113.808687,
								22.418907
							],
							[
								113.810505,
								22.420206
							],
							[
								113.811241,
								22.420426
							],
							[
								113.812168,
								22.420314
							],
							[
								113.813432,
								22.419904
							],
							[
								113.814281,
								22.419418
							],
							[
								113.814878,
								22.418228
							],
							[
								113.815466,
								22.417448
							],
							[
								113.816246,
								22.416555
							],
							[
								113.81706,
								22.415922
							],
							[
								113.818392,
								22.412693
							],
							[
								113.819128,
								22.410157
							],
							[
								113.821388,
								22.407419
							],
							[
								113.824184,
								22.404345
							],
							[
								113.824781,
								22.401045
							],
							[
								113.824381,
								22.397939
							],
							[
								113.822732,
								22.396539
							],
							[
								113.819933,
								22.396344
							]
						]
					]
				]
			}
		}
	]
}