{
	"type": "FeatureCollection",
	"features": [
		{
			"type": "Feature",
			"id": "440310",
			"properties": {
				"name": "坪山区",
				"cp": [
					114.338441,
					22.66423
				],
				"childNum": 1
			},
			"geometry": {
				"type": "Polygon",
				"coordinates": [
					[
						[
							114.430729,
							22.66242
						],
						[
							114.429623,
							22.661439
						],
						[
							114.429247,
							22.661241
						],
						[
							114.428936,
							22.660984
						],
						[
							114.428582,
							22.660311
						],
						[
							114.427734,
							22.659558
						],
						[
							114.427133,
							22.659399
						],
						[
							114.426822,
							22.658281
						],
						[
							114.425094,
							22.657252
						],
						[
							114.424945,
							22.656994
						],
						[
							114.424751,
							22.656885
						],
						[
							114.424247,
							22.656984
						],
						[
							114.423947,
							22.656875
						],
						[
							114.423485,
							22.656806
						],
						[
							114.422992,
							22.656826
						],
						[
							114.422059,
							22.656529
						],
						[
							114.421372,
							22.656063
						],
						[
							114.421222,
							22.655885
						],
						[
							114.420942,
							22.655737
						],
						[
							114.420857,
							22.655539
						],
						[
							114.420943,
							22.655341
						],
						[
							114.421007,
							22.655053
						],
						[
							114.421124,
							22.654775
						],
						[
							114.420975,
							22.654577
						],
						[
							114.420825,
							22.654498
						],
						[
							114.420063,
							22.654726
						],
						[
							114.419848,
							22.654597
						],
						[
							114.418894,
							22.653053
						],
						[
							114.418797,
							22.652954
						],
						[
							114.418647,
							22.652973
						],
						[
							114.418184,
							22.653607
						],
						[
							114.417724,
							22.653566
						],
						[
							114.416587,
							22.653973
						],
						[
							114.416222,
							22.653854
						],
						[
							114.415074,
							22.654072
						],
						[
							114.41487,
							22.654171
						],
						[
							114.414119,
							22.654102
						],
						[
							114.413862,
							22.65435
						],
						[
							114.413089,
							22.65427
						],
						[
							114.41295,
							22.654072
						],
						[
							114.412134,
							22.653488
						],
						[
							114.412091,
							22.652518
						],
						[
							114.412242,
							22.6523
						],
						[
							114.412274,
							22.652152
						],
						[
							114.412209,
							22.652052
						],
						[
							114.411577,
							22.651745
						],
						[
							114.410976,
							22.651082
						],
						[
							114.41074,
							22.650528
						],
						[
							114.409229,
							22.652387
						],
						[
							114.408258,
							22.652639
						],
						[
							114.408018,
							22.65235
						],
						[
							114.407635,
							22.652166
						],
						[
							114.407568,
							22.652174
						],
						[
							114.408451,
							22.651392
						],
						[
							114.410293,
							22.649718
						],
						[
							114.409066,
							22.649122
						],
						[
							114.408841,
							22.648785
						],
						[
							114.408895,
							22.648726
						],
						[
							114.408852,
							22.648627
						],
						[
							114.407865,
							22.648468
						],
						[
							114.407789,
							22.648389
						],
						[
							114.407478,
							22.648488
						],
						[
							114.407156,
							22.648825
						],
						[
							114.406706,
							22.649181
						],
						[
							114.406438,
							22.649201
						],
						[
							114.406116,
							22.648953
						],
						[
							114.405815,
							22.648874
						],
						[
							114.405492,
							22.648993
						],
						[
							114.404936,
							22.648716
						],
						[
							114.404828,
							22.648755
						],
						[
							114.404614,
							22.648754
						],
						[
							114.404206,
							22.648329
						],
						[
							114.40427,
							22.647943
						],
						[
							114.404174,
							22.647864
						],
						[
							114.403648,
							22.647904
						],
						[
							114.403509,
							22.647567
						],
						[
							114.403488,
							22.64727
						],
						[
							114.403241,
							22.647072
						],
						[
							114.402941,
							22.646992
						],
						[
							114.402662,
							22.646785
						],
						[
							114.402372,
							22.646805
						],
						[
							114.402104,
							22.646696
						],
						[
							114.401825,
							22.646814
						],
						[
							114.401181,
							22.646706
						],
						[
							114.400602,
							22.646755
						],
						[
							114.400226,
							22.646587
						],
						[
							114.40014,
							22.646507
						],
						[
							114.399851,
							22.646438
						],
						[
							114.398928,
							22.645913
						],
						[
							114.398359,
							22.645854
						],
						[
							114.397716,
							22.645507
						],
						[
							114.397265,
							22.645468
						],
						[
							114.396804,
							22.645181
						],
						[
							114.396675,
							22.644814
						],
						[
							114.396171,
							22.644497
						],
						[
							114.395785,
							22.643902
						],
						[
							114.395494,
							22.643704
						],
						[
							114.394314,
							22.643081
						],
						[
							114.394099,
							22.643032
						],
						[
							114.393563,
							22.643051
						],
						[
							114.392672,
							22.642725
						],
						[
							114.392157,
							22.642477
						],
						[
							114.39146,
							22.642546
						],
						[
							114.390988,
							22.642566
						],
						[
							114.390376,
							22.642299
						],
						[
							114.389861,
							22.64219
						],
						[
							114.389722,
							22.642091
						],
						[
							114.38969,
							22.641507
						],
						[
							114.389292,
							22.640077
						],
						[
							114.389604,
							22.639269
						],
						[
							114.389636,
							22.638784
						],
						[
							114.389818,
							22.638061
						],
						[
							114.389797,
							22.637496
						],
						[
							114.389968,
							22.637209
						],
						[
							114.389968,
							22.637021
						],
						[
							114.389861,
							22.636813
						],
						[
							114.389668,
							22.636615
						],
						[
							114.389271,
							22.636704
						],
						[
							114.388906,
							22.636476
						],
						[
							114.388702,
							22.636447
						],
						[
							114.387597,
							22.636932
						],
						[
							114.386986,
							22.637496
						],
						[
							114.386718,
							22.637685
						],
						[
							114.386052,
							22.637724
						],
						[
							114.385387,
							22.637189
						],
						[
							114.385173,
							22.637229
						],
						[
							114.384883,
							22.637447
						],
						[
							114.384497,
							22.637585
						],
						[
							114.383789,
							22.637566
						],
						[
							114.383284,
							22.637982
						],
						[
							114.382898,
							22.63815
						],
						[
							114.382587,
							22.638219
						],
						[
							114.382093,
							22.638031
						],
						[
							114.381933,
							22.637902
						],
						[
							114.381471,
							22.637883
						],
						[
							114.38101,
							22.63809
						],
						[
							114.380881,
							22.638566
						],
						[
							114.380957,
							22.639042
						],
						[
							114.380893,
							22.63921
						],
						[
							114.379895,
							22.64019
						],
						[
							114.379722,
							22.640438
						],
						[
							114.379519,
							22.640567
						],
						[
							114.379036,
							22.640695
						],
						[
							114.378275,
							22.641309
						],
						[
							114.378125,
							22.64221
						],
						[
							114.377717,
							22.642942
						],
						[
							114.376923,
							22.643973
						],
						[
							114.376644,
							22.644131
						],
						[
							114.376118,
							22.644557
						],
						[
							114.3757,
							22.644488
						],
						[
							114.374895,
							22.643537
						],
						[
							114.374595,
							22.643448
						],
						[
							114.37452,
							22.643329
						],
						[
							114.374133,
							22.642983
						],
						[
							114.37379,
							22.642864
						],
						[
							114.373597,
							22.642567
						],
						[
							114.373297,
							22.642498
						],
						[
							114.373179,
							22.642369
						],
						[
							114.372664,
							22.642151
						],
						[
							114.372417,
							22.641497
						],
						[
							114.371934,
							22.641022
						],
						[
							114.371494,
							22.641032
						],
						[
							114.371322,
							22.640834
						],
						[
							114.371365,
							22.640596
						],
						[
							114.371313,
							22.640329
						],
						[
							114.372107,
							22.639022
						],
						[
							114.372268,
							22.638933
						],
						[
							114.373856,
							22.638893
						],
						[
							114.374864,
							22.638616
						],
						[
							114.375036,
							22.638468
						],
						[
							114.37509,
							22.638329
						],
						[
							114.375079,
							22.638032
						],
						[
							114.374779,
							22.637339
						],
						[
							114.374403,
							22.636735
						],
						[
							114.373684,
							22.636032
						],
						[
							114.373321,
							22.635439
						],
						[
							114.373374,
							22.63534
						],
						[
							114.374619,
							22.634924
						],
						[
							114.374984,
							22.634874
						],
						[
							114.375145,
							22.634488
						],
						[
							114.375134,
							22.633963
						],
						[
							114.375445,
							22.633082
						],
						[
							114.375359,
							22.632597
						],
						[
							114.374716,
							22.632141
						],
						[
							114.374201,
							22.632181
						],
						[
							114.372817,
							22.632864
						],
						[
							114.372033,
							22.632844
						],
						[
							114.371218,
							22.631933
						],
						[
							114.370993,
							22.631864
						],
						[
							114.367527,
							22.632735
						],
						[
							114.367688,
							22.632379
						],
						[
							114.367849,
							22.631765
						],
						[
							114.367388,
							22.631042
						],
						[
							114.367409,
							22.630735
						],
						[
							114.367216,
							22.629457
						],
						[
							114.36698,
							22.629091
						],
						[
							114.366529,
							22.629042
						],
						[
							114.36639,
							22.628981
						],
						[
							114.366476,
							22.627863
						],
						[
							114.366433,
							22.627109
						],
						[
							114.366765,
							22.626526
						],
						[
							114.366658,
							22.626011
						],
						[
							114.36667,
							22.625436
						],
						[
							114.367024,
							22.624792
						],
						[
							114.367013,
							22.624109
						],
						[
							114.366895,
							22.623476
						],
						[
							114.365607,
							22.622376
						],
						[
							114.365189,
							22.622178
						],
						[
							114.364942,
							22.622178
						],
						[
							114.364513,
							22.622337
						],
						[
							114.363934,
							22.622723
						],
						[
							114.362925,
							22.623307
						],
						[
							114.362485,
							22.622921
						],
						[
							114.362271,
							22.622961
						],
						[
							114.36196,
							22.623367
						],
						[
							114.361777,
							22.623347
						],
						[
							114.360951,
							22.622664
						],
						[
							114.36005,
							22.623396
						],
						[
							114.359771,
							22.623733
						],
						[
							114.359556,
							22.623862
						],
						[
							114.359213,
							22.623941
						],
						[
							114.358387,
							22.623911
						],
						[
							114.357582,
							22.624218
						],
						[
							114.357625,
							22.624654
						],
						[
							114.357528,
							22.62495
						],
						[
							114.356917,
							22.625227
						],
						[
							114.356316,
							22.624584
						],
						[
							114.356198,
							22.624574
						],
						[
							114.356134,
							22.624622
						],
						[
							114.356134,
							22.625366
						],
						[
							114.356101,
							22.625465
						],
						[
							114.355029,
							22.626366
						],
						[
							114.355082,
							22.626713
						],
						[
							114.354728,
							22.627258
						],
						[
							114.35461,
							22.627337
						],
						[
							114.354385,
							22.627238
						],
						[
							114.35417,
							22.626257
						],
						[
							114.352765,
							22.626574
						],
						[
							114.352066,
							22.626962
						],
						[
							114.351798,
							22.628507
						],
						[
							114.351809,
							22.629022
						],
						[
							114.351712,
							22.629269
						],
						[
							114.351401,
							22.629755
						],
						[
							114.351144,
							22.630963
						],
						[
							114.350961,
							22.631408
						],
						[
							114.350854,
							22.631448
						],
						[
							114.349256,
							22.63121
						],
						[
							114.347657,
							22.630795
						],
						[
							114.346101,
							22.631696
						],
						[
							114.345683,
							22.631339
						],
						[
							114.345436,
							22.63128
						],
						[
							114.344556,
							22.63128
						],
						[
							114.344406,
							22.631329
						],
						[
							114.344331,
							22.63128
						],
						[
							114.344331,
							22.630894
						],
						[
							114.344706,
							22.630299
						],
						[
							114.344824,
							22.629369
						],
						[
							114.344964,
							22.629151
						],
						[
							114.344943,
							22.628903
						],
						[
							114.344867,
							22.628725
						],
						[
							114.344749,
							22.628586
						],
						[
							114.344406,
							22.628417
						],
						[
							114.343762,
							22.628388
						],
						[
							114.343644,
							22.628308
						],
						[
							114.343494,
							22.628091
						],
						[
							114.343612,
							22.627417
						],
						[
							114.34343,
							22.626813
						],
						[
							114.34343,
							22.626684
						],
						[
							114.343312,
							22.626595
						],
						[
							114.343183,
							22.626595
						],
						[
							114.342411,
							22.626605
						],
						[
							114.341938,
							22.626348
						],
						[
							114.341359,
							22.626051
						],
						[
							114.340994,
							22.625872
						],
						[
							114.340715,
							22.625793
						],
						[
							114.340436,
							22.625882
						],
						[
							114.3402,
							22.625833
						],
						[
							114.3399,
							22.625447
						],
						[
							114.339793,
							22.624981
						],
						[
							114.339803,
							22.624476
						],
						[
							114.339685,
							22.624288
						],
						[
							114.339632,
							22.623882
						],
						[
							114.339546,
							22.623634
						],
						[
							114.339406,
							22.623397
						],
						[
							114.339292,
							22.623357
						],
						[
							114.338043,
							22.624207
						],
						[
							114.335648,
							22.62553
						],
						[
							114.33522,
							22.62589
						],
						[
							114.331849,
							22.625988
						],
						[
							114.330176,
							22.624296
						],
						[
							114.329464,
							22.623407
						],
						[
							114.328429,
							22.622867
						],
						[
							114.325536,
							22.622967
						],
						[
							114.324643,
							22.622873
						],
						[
							114.323803,
							22.623045
						],
						[
							114.322759,
							22.623574
						],
						[
							114.322066,
							22.624856
						],
						[
							114.321485,
							22.625353
						],
						[
							114.320874,
							22.625691
						],
						[
							114.319698,
							22.62601
						],
						[
							114.319322,
							22.625987
						],
						[
							114.318929,
							22.625838
						],
						[
							114.318546,
							22.624772
						],
						[
							114.318419,
							22.624669
						],
						[
							114.316922,
							22.624384
						],
						[
							114.315727,
							22.624447
						],
						[
							114.313572,
							22.624333
						],
						[
							114.312481,
							22.624992
						],
						[
							114.311341,
							22.625453
						],
						[
							114.31069,
							22.625978
						],
						[
							114.310579,
							22.626159
						],
						[
							114.310178,
							22.628105
						],
						[
							114.308412,
							22.628973
						],
						[
							114.306854,
							22.62986
						],
						[
							114.306703,
							22.629837
						],
						[
							114.304826,
							22.630511
						],
						[
							114.304001,
							22.629789
						],
						[
							114.303583,
							22.629292
						],
						[
							114.303704,
							22.628498
						],
						[
							114.302867,
							22.627901
						],
						[
							114.298654,
							22.621273
						],
						[
							114.298683,
							22.621141
						],
						[
							114.298534,
							22.620836
						],
						[
							114.297834,
							22.619986
						],
						[
							114.296944,
							22.618582
						],
						[
							114.296537,
							22.618543
						],
						[
							114.295832,
							22.618869
						],
						[
							114.295629,
							22.619066
						],
						[
							114.294944,
							22.621025
						],
						[
							114.294628,
							22.621292
						],
						[
							114.294067,
							22.621279
						],
						[
							114.291849,
							22.620799
						],
						[
							114.291663,
							22.620584
						],
						[
							114.291587,
							22.61968
						],
						[
							114.291448,
							22.619506
						],
						[
							114.290849,
							22.619333
						],
						[
							114.290471,
							22.619421
						],
						[
							114.290006,
							22.619985
						],
						[
							114.289133,
							22.620684
						],
						[
							114.28808,
							22.620868
						],
						[
							114.286925,
							22.624282
						],
						[
							114.287267,
							22.626205
						],
						[
							114.287572,
							22.626439
						],
						[
							114.28836,
							22.626773
						],
						[
							114.288934,
							22.627289
						],
						[
							114.290419,
							22.631029
						],
						[
							114.290472,
							22.631164
						],
						[
							114.29049,
							22.63121
						],
						[
							114.290504,
							22.631246
						],
						[
							114.290536,
							22.631343
						],
						[
							114.290537,
							22.631348
						],
						[
							114.290568,
							22.631421
						],
						[
							114.290576,
							22.63147
						],
						[
							114.29058,
							22.631525
						],
						[
							114.290579,
							22.631531
						],
						[
							114.290542,
							22.631625
						],
						[
							114.290525,
							22.631648
						],
						[
							114.290469,
							22.631712
						],
						[
							114.290429,
							22.631759
						],
						[
							114.290412,
							22.63177
						],
						[
							114.289794,
							22.632155
						],
						[
							114.289039,
							22.632196
						],
						[
							114.28858,
							22.632474
						],
						[
							114.288128,
							22.633087
						],
						[
							114.287844,
							22.633718
						],
						[
							114.287761,
							22.633893
						],
						[
							114.287512,
							22.634419
						],
						[
							114.287486,
							22.634476
						],
						[
							114.287467,
							22.634509
						],
						[
							114.287455,
							22.634541
						],
						[
							114.28743,
							22.634594
						],
						[
							114.287224,
							22.635029
						],
						[
							114.287211,
							22.635058
						],
						[
							114.287203,
							22.635136
						],
						[
							114.287122,
							22.635244
						],
						[
							114.287089,
							22.635314
						],
						[
							114.286674,
							22.636192
						],
						[
							114.286298,
							22.63651
						],
						[
							114.285876,
							22.636726
						],
						[
							114.285646,
							22.637002
						],
						[
							114.285581,
							22.637111
						],
						[
							114.285554,
							22.637173
						],
						[
							114.285569,
							22.637739
						],
						[
							114.28558,
							22.637794
						],
						[
							114.285589,
							22.637869
						],
						[
							114.285581,
							22.637932
						],
						[
							114.28565,
							22.639434
						],
						[
							114.285654,
							22.639512
						],
						[
							114.285718,
							22.639566
						],
						[
							114.285724,
							22.639611
						],
						[
							114.285844,
							22.640177
						],
						[
							114.28589,
							22.640279
						],
						[
							114.285909,
							22.640358
						],
						[
							114.285889,
							22.640514
						],
						[
							114.284836,
							22.640891
						],
						[
							114.284759,
							22.64092
						],
						[
							114.284678,
							22.640991
						],
						[
							114.284673,
							22.640992
						],
						[
							114.283696,
							22.641111
						],
						[
							114.282662,
							22.641823
						],
						[
							114.281901,
							22.642165
						],
						[
							114.281724,
							22.642245
						],
						[
							114.281561,
							22.642309
						],
						[
							114.281514,
							22.642324
						],
						[
							114.281407,
							22.64236
						],
						[
							114.281378,
							22.642373
						],
						[
							114.281052,
							22.642851
						],
						[
							114.281046,
							22.642861
						],
						[
							114.281014,
							22.64291
						],
						[
							114.281008,
							22.642944
						],
						[
							114.281008,
							22.642948
						],
						[
							114.281009,
							22.643009
						],
						[
							114.28098,
							22.64303
						],
						[
							114.28089,
							22.643092
						],
						[
							114.280429,
							22.643412
						],
						[
							114.280154,
							22.643772
						],
						[
							114.279359,
							22.644401
						],
						[
							114.278965,
							22.644507
						],
						[
							114.277744,
							22.64532
						],
						[
							114.276804,
							22.645818
						],
						[
							114.275714,
							22.646772
						],
						[
							114.275208,
							22.647702
						],
						[
							114.27495,
							22.648846
						],
						[
							114.274479,
							22.649801
						],
						[
							114.274272,
							22.651135
						],
						[
							114.273419,
							22.651621
						],
						[
							114.272681,
							22.652228
						],
						[
							114.271023,
							22.653277
						],
						[
							114.269789,
							22.653829
						],
						[
							114.268118,
							22.656187
						],
						[
							114.267389,
							22.657534
						],
						[
							114.267281,
							22.659712
						],
						[
							114.267625,
							22.660524
						],
						[
							114.267194,
							22.661565
						],
						[
							114.267002,
							22.662029
						],
						[
							114.267276,
							22.663059
						],
						[
							114.268022,
							22.664192
						],
						[
							114.268011,
							22.664653
						],
						[
							114.26924,
							22.665261
						],
						[
							114.269132,
							22.665717
						],
						[
							114.269562,
							22.666192
						],
						[
							114.269953,
							22.666593
						],
						[
							114.271234,
							22.66693
						],
						[
							114.270854,
							22.667489
						],
						[
							114.270773,
							22.668202
						],
						[
							114.271671,
							22.668926
						],
						[
							114.272251,
							22.66955
						],
						[
							114.272422,
							22.669837
						],
						[
							114.271939,
							22.670619
						],
						[
							114.272755,
							22.672075
						],
						[
							114.273162,
							22.672936
						],
						[
							114.273355,
							22.673491
						],
						[
							114.274793,
							22.673827
						],
						[
							114.275308,
							22.673847
						],
						[
							114.276166,
							22.674045
						],
						[
							114.276746,
							22.674817
						],
						[
							114.27793,
							22.675029
						],
						[
							114.281273,
							22.675629
						],
						[
							114.282217,
							22.675649
						],
						[
							114.283162,
							22.675391
						],
						[
							114.283913,
							22.675965
						],
						[
							114.283816,
							22.676797
						],
						[
							114.284267,
							22.677381
						],
						[
							114.285082,
							22.678084
						],
						[
							114.285973,
							22.678242
						],
						[
							114.287626,
							22.67747
						],
						[
							114.288452,
							22.67751
						],
						[
							114.289751,
							22.677104
						],
						[
							114.290545,
							22.677609
						],
						[
							114.290952,
							22.678589
						],
						[
							114.29136,
							22.679628
						],
						[
							114.292336,
							22.680183
						],
						[
							114.293227,
							22.680826
						],
						[
							114.293366,
							22.68143
						],
						[
							114.293913,
							22.681608
						],
						[
							114.294482,
							22.68143
						],
						[
							114.295458,
							22.681212
						],
						[
							114.296553,
							22.680727
						],
						[
							114.297208,
							22.680678
						],
						[
							114.298999,
							22.681222
						],
						[
							114.299557,
							22.681707
						],
						[
							114.301087,
							22.683487
						],
						[
							114.301167,
							22.683579
						],
						[
							114.302079,
							22.684381
						],
						[
							114.302221,
							22.685299
						],
						[
							114.302412,
							22.685838
						],
						[
							114.303999,
							22.685875
						],
						[
							114.306354,
							22.685859
						],
						[
							114.308299,
							22.685837
						],
						[
							114.310287,
							22.685796
						],
						[
							114.31253,
							22.686059
						],
						[
							114.316099,
							22.686662
						],
						[
							114.316919,
							22.688128
						],
						[
							114.317122,
							22.688469
						],
						[
							114.317959,
							22.690053
						],
						[
							114.318569,
							22.691192
						],
						[
							114.32077,
							22.689835
						],
						[
							114.322873,
							22.68835
						],
						[
							114.322757,
							22.689156
						],
						[
							114.322668,
							22.690101
						],
						[
							114.322589,
							22.690529
						],
						[
							114.322562,
							22.691786
						],
						[
							114.322628,
							22.692344
						],
						[
							114.32264,
							22.69259
						],
						[
							114.322632,
							22.692702
						],
						[
							114.322733,
							22.693593
						],
						[
							114.322787,
							22.69421
						],
						[
							114.322814,
							22.694514
						],
						[
							114.32298,
							22.695915
						],
						[
							114.32305,
							22.696627
						],
						[
							114.323173,
							22.697711
						],
						[
							114.323194,
							22.697846
						],
						[
							114.323243,
							22.698766
						],
						[
							114.323388,
							22.699088
						],
						[
							114.323331,
							22.700116
						],
						[
							114.323487,
							22.700408
						],
						[
							114.322685,
							22.700894
						],
						[
							114.320604,
							22.702328
						],
						[
							114.321232,
							22.703431
						],
						[
							114.321358,
							22.703577
						],
						[
							114.322534,
							22.702939
						],
						[
							114.323269,
							22.702473
						],
						[
							114.323371,
							22.702562
						],
						[
							114.32351,
							22.702751
						],
						[
							114.323602,
							22.702894
						],
						[
							114.323693,
							22.702998
						],
						[
							114.323805,
							22.703112
						],
						[
							114.323913,
							22.70325
						],
						[
							114.324101,
							22.703473
						],
						[
							114.323916,
							22.704563
						],
						[
							114.324294,
							22.704577
						],
						[
							114.325076,
							22.704612
						],
						[
							114.325505,
							22.704681
						],
						[
							114.325843,
							22.704755
						],
						[
							114.326426,
							22.705335
						],
						[
							114.327467,
							22.704775
						],
						[
							114.328084,
							22.704439
						],
						[
							114.328261,
							22.704637
						],
						[
							114.328358,
							22.705087
						],
						[
							114.328433,
							22.705404
						],
						[
							114.328593,
							22.706194
						],
						[
							114.328701,
							22.706726
						],
						[
							114.328946,
							22.707414
						],
						[
							114.328915,
							22.707998
						],
						[
							114.328829,
							22.708354
						],
						[
							114.328859,
							22.708663
						],
						[
							114.328754,
							22.709978
						],
						[
							114.328754,
							22.710562
						],
						[
							114.330643,
							22.710681
						],
						[
							114.333303,
							22.711176
						],
						[
							114.336094,
							22.711235
						],
						[
							114.338027,
							22.710985
						],
						[
							114.338971,
							22.711202
						],
						[
							114.339765,
							22.711321
						],
						[
							114.340344,
							22.711737
						],
						[
							114.341203,
							22.712548
						],
						[
							114.342511,
							22.712568
						],
						[
							114.344443,
							22.713459
						],
						[
							114.34543,
							22.712964
						],
						[
							114.346717,
							22.713617
						],
						[
							114.347837,
							22.713958
						],
						[
							114.34936,
							22.717541
						],
						[
							114.346013,
							22.72621
						],
						[
							114.340601,
							22.726465
						],
						[
							114.340708,
							22.726996
						],
						[
							114.341019,
							22.729262
						],
						[
							114.340923,
							22.732164
						],
						[
							114.340915,
							22.732479
						],
						[
							114.34088,
							22.733906
						],
						[
							114.339099,
							22.734817
						],
						[
							114.338626,
							22.736004
						],
						[
							114.33897,
							22.740023
						],
						[
							114.339045,
							22.740993
						],
						[
							114.339903,
							22.741448
						],
						[
							114.339925,
							22.742922
						],
						[
							114.340525,
							22.743939
						],
						[
							114.340075,
							22.746462
						],
						[
							114.337995,
							22.746395
						],
						[
							114.337705,
							22.746538
						],
						[
							114.337367,
							22.747414
						],
						[
							114.337502,
							22.747968
						],
						[
							114.338257,
							22.749074
						],
						[
							114.338868,
							22.749662
						],
						[
							114.339077,
							22.749821
						],
						[
							114.339319,
							22.750716
						],
						[
							114.339576,
							22.751067
						],
						[
							114.339768,
							22.751687
						],
						[
							114.339891,
							22.75234
						],
						[
							114.340176,
							22.753058
						],
						[
							114.340514,
							22.753572
						],
						[
							114.340675,
							22.754196
						],
						[
							114.341343,
							22.754918
						],
						[
							114.341842,
							22.754503
						],
						[
							114.342362,
							22.754498
						],
						[
							114.342985,
							22.754963
						],
						[
							114.343194,
							22.755235
						],
						[
							114.344715,
							22.755192
						],
						[
							114.344812,
							22.756018
						],
						[
							114.344559,
							22.756706
						],
						[
							114.344441,
							22.757255
						],
						[
							114.344522,
							22.757853
						],
						[
							114.344436,
							22.758543
						],
						[
							114.345439,
							22.758835
						],
						[
							114.345981,
							22.759547
						],
						[
							114.346099,
							22.75978
						],
						[
							114.345654,
							22.760488
						],
						[
							114.346553,
							22.76077
						],
						[
							114.347476,
							22.761126
						],
						[
							114.347481,
							22.761587
						],
						[
							114.347717,
							22.761938
						],
						[
							114.347835,
							22.762215
						],
						[
							114.347733,
							22.762893
						],
						[
							114.347706,
							22.762933
						],
						[
							114.347856,
							22.763661
						],
						[
							114.347953,
							22.763997
						],
						[
							114.348028,
							22.764398
						],
						[
							114.347867,
							22.765106
						],
						[
							114.347824,
							22.765289
						],
						[
							114.347926,
							22.765537
						],
						[
							114.348715,
							22.766665
						],
						[
							114.349016,
							22.767418
						],
						[
							114.349091,
							22.767903
						],
						[
							114.350657,
							22.768922
						],
						[
							114.350979,
							22.768734
						],
						[
							114.351891,
							22.768239
						],
						[
							114.352181,
							22.768259
						],
						[
							114.352846,
							22.767275
						],
						[
							114.353259,
							22.766326
						],
						[
							114.353457,
							22.765995
						],
						[
							114.354039,
							22.765839
						],
						[
							114.35541,
							22.765501
						],
						[
							114.355784,
							22.765796
						],
						[
							114.355969,
							22.764906
						],
						[
							114.356472,
							22.764655
						],
						[
							114.358681,
							22.763771
						],
						[
							114.359334,
							22.763654
						],
						[
							114.359913,
							22.763671
						],
						[
							114.361672,
							22.764193
						],
						[
							114.363173,
							22.765062
						],
						[
							114.364951,
							22.765681
						],
						[
							114.365632,
							22.766058
						],
						[
							114.366229,
							22.766218
						],
						[
							114.3668,
							22.766251
						],
						[
							114.367812,
							22.766032
						],
						[
							114.368129,
							22.765882
						],
						[
							114.368836,
							22.764967
						],
						[
							114.36923,
							22.764656
						],
						[
							114.370069,
							22.764527
						],
						[
							114.370835,
							22.764277
						],
						[
							114.371655,
							22.763752
						],
						[
							114.372186,
							22.763586
						],
						[
							114.3753,
							22.76293
						],
						[
							114.375457,
							22.762892
						],
						[
							114.375488,
							22.762885
						],
						[
							114.376627,
							22.762617
						],
						[
							114.376999,
							22.762452
						],
						[
							114.379641,
							22.760994
						],
						[
							114.379727,
							22.760941
						],
						[
							114.379809,
							22.760881
						],
						[
							114.379872,
							22.760835
						],
						[
							114.379948,
							22.760794
						],
						[
							114.380011,
							22.760734
						],
						[
							114.380083,
							22.76066
						],
						[
							114.380236,
							22.760508
						],
						[
							114.380356,
							22.760381
						],
						[
							114.380439,
							22.760292
						],
						[
							114.380538,
							22.760204
						],
						[
							114.380698,
							22.760129
						],
						[
							114.380811,
							22.76008
						],
						[
							114.380906,
							22.760032
						],
						[
							114.380998,
							22.76
						],
						[
							114.38108,
							22.759969
						],
						[
							114.38116,
							22.759948
						],
						[
							114.381269,
							22.759923
						],
						[
							114.381428,
							22.759896
						],
						[
							114.381551,
							22.759878
						],
						[
							114.381649,
							22.759873
						],
						[
							114.381732,
							22.759863
						],
						[
							114.381981,
							22.759814
						],
						[
							114.38212,
							22.759771
						],
						[
							114.382226,
							22.75975
						],
						[
							114.382361,
							22.759734
						],
						[
							114.382542,
							22.759733
						],
						[
							114.382652,
							22.759731
						],
						[
							114.382723,
							22.759725
						],
						[
							114.382826,
							22.759704
						],
						[
							114.382902,
							22.759694
						],
						[
							114.382988,
							22.759682
						],
						[
							114.383083,
							22.75967
						],
						[
							114.383161,
							22.759656
						],
						[
							114.383268,
							22.759649
						],
						[
							114.383432,
							22.759631
						],
						[
							114.383582,
							22.759618
						],
						[
							114.383683,
							22.759615
						],
						[
							114.383792,
							22.759613
						],
						[
							114.383999,
							22.759607
						],
						[
							114.384166,
							22.759608
						],
						[
							114.384289,
							22.759603
						],
						[
							114.38447,
							22.759595
						],
						[
							114.384652,
							22.759582
						],
						[
							114.38478,
							22.759571
						],
						[
							114.385972,
							22.759601
						],
						[
							114.386048,
							22.759616
						],
						[
							114.386204,
							22.759611
						],
						[
							114.386316,
							22.759598
						],
						[
							114.386446,
							22.759546
						],
						[
							114.38661,
							22.75947
						],
						[
							114.386695,
							22.759437
						],
						[
							114.386756,
							22.759402
						],
						[
							114.386797,
							22.759356
						],
						[
							114.386822,
							22.759266
						],
						[
							114.386839,
							22.759149
						],
						[
							114.386867,
							22.759066
						],
						[
							114.38688,
							22.758976
						],
						[
							114.386888,
							22.758847
						],
						[
							114.38689,
							22.758811
						],
						[
							114.38689,
							22.758802
						],
						[
							114.386893,
							22.758694
						],
						[
							114.386896,
							22.758619
						],
						[
							114.38691,
							22.758545
						],
						[
							114.386937,
							22.758464
						],
						[
							114.38697,
							22.758384
						],
						[
							114.387007,
							22.758332
						],
						[
							114.387382,
							22.757804
						],
						[
							114.387576,
							22.75753
						],
						[
							114.387632,
							22.757526
						],
						[
							114.388546,
							22.756928
						],
						[
							114.393346,
							22.759079
						],
						[
							114.393464,
							22.759136
						],
						[
							114.393562,
							22.759191
						],
						[
							114.393635,
							22.759231
						],
						[
							114.393724,
							22.75928
						],
						[
							114.393794,
							22.759329
						],
						[
							114.393883,
							22.75935
						],
						[
							114.393918,
							22.759366
						],
						[
							114.393935,
							22.759374
						],
						[
							114.394006,
							22.759409
						],
						[
							114.394141,
							22.759458
						],
						[
							114.394274,
							22.759515
						],
						[
							114.394366,
							22.759555
						],
						[
							114.394439,
							22.759594
						],
						[
							114.394521,
							22.759641
						],
						[
							114.394599,
							22.759685
						],
						[
							114.394696,
							22.759734
						],
						[
							114.394774,
							22.759767
						],
						[
							114.394836,
							22.759786
						],
						[
							114.395003,
							22.760382
						],
						[
							114.394988,
							22.760448
						],
						[
							114.395454,
							22.762583
						],
						[
							114.395675,
							22.763594
						],
						[
							114.396023,
							22.76519
						],
						[
							114.396129,
							22.765677
						],
						[
							114.395749,
							22.767228
						],
						[
							114.395649,
							22.767912
						],
						[
							114.39543,
							22.76864
						],
						[
							114.395459,
							22.769173
						],
						[
							114.395372,
							22.769631
						],
						[
							114.395198,
							22.770089
						],
						[
							114.395218,
							22.771118
						],
						[
							114.395128,
							22.771501
						],
						[
							114.395267,
							22.771584
						],
						[
							114.395375,
							22.771654
						],
						[
							114.395465,
							22.771718
						],
						[
							114.39582,
							22.773534
						],
						[
							114.396013,
							22.774356
						],
						[
							114.396325,
							22.777322
						],
						[
							114.396619,
							22.777616
						],
						[
							114.398002,
							22.77797
						],
						[
							114.399355,
							22.778854
						],
						[
							114.401179,
							22.779443
						],
						[
							114.403313,
							22.780601
						],
						[
							114.404681,
							22.78132
						],
						[
							114.405123,
							22.781258
						],
						[
							114.405308,
							22.781186
						],
						[
							114.405846,
							22.780719
						],
						[
							114.40585,
							22.780703
						],
						[
							114.405859,
							22.780642
						],
						[
							114.405884,
							22.780562
						],
						[
							114.405917,
							22.78049
						],
						[
							114.405997,
							22.780353
						],
						[
							114.40603,
							22.780266
						],
						[
							114.406066,
							22.780151
						],
						[
							114.406094,
							22.780053
						],
						[
							114.406141,
							22.779938
						],
						[
							114.406509,
							22.779432
						],
						[
							114.406819,
							22.778988
						],
						[
							114.407437,
							22.778508
						],
						[
							114.408819,
							22.777969
						],
						[
							114.408916,
							22.777989
						],
						[
							114.409011,
							22.778001
						],
						[
							114.409106,
							22.778008
						],
						[
							114.409181,
							22.778036
						],
						[
							114.409284,
							22.778053
						],
						[
							114.409413,
							22.778091
						],
						[
							114.40949,
							22.778109
						],
						[
							114.409982,
							22.77802
						],
						[
							114.410685,
							22.777875
						],
						[
							114.410959,
							22.777625
						],
						[
							114.411239,
							22.777299
						],
						[
							114.411618,
							22.776717
						],
						[
							114.411771,
							22.776238
						],
						[
							114.412028,
							22.775435
						],
						[
							114.41237,
							22.774741
						],
						[
							114.413004,
							22.77425
						],
						[
							114.413818,
							22.773776
						],
						[
							114.4139,
							22.773718
						],
						[
							114.413947,
							22.773662
						],
						[
							114.414655,
							22.772478
						],
						[
							114.414657,
							22.772331
						],
						[
							114.414684,
							22.769932
						],
						[
							114.414819,
							22.769533
						],
						[
							114.41486,
							22.769468
						],
						[
							114.414902,
							22.769419
						],
						[
							114.414935,
							22.769363
						],
						[
							114.415018,
							22.769274
						],
						[
							114.415099,
							22.769206
						],
						[
							114.415224,
							22.769109
						],
						[
							114.415346,
							22.769014
						],
						[
							114.415427,
							22.768934
						],
						[
							114.41553,
							22.768866
						],
						[
							114.415667,
							22.768772
						],
						[
							114.415784,
							22.768689
						],
						[
							114.415892,
							22.768576
						],
						[
							114.415989,
							22.768475
						],
						[
							114.416081,
							22.768386
						],
						[
							114.416201,
							22.768309
						],
						[
							114.416339,
							22.76821
						],
						[
							114.416461,
							22.768128
						],
						[
							114.416589,
							22.76804
						],
						[
							114.416662,
							22.767983
						],
						[
							114.416754,
							22.767923
						],
						[
							114.416829,
							22.767864
						],
						[
							114.416879,
							22.767824
						],
						[
							114.416912,
							22.767752
						],
						[
							114.416976,
							22.767661
						],
						[
							114.417026,
							22.767587
						],
						[
							114.417076,
							22.767522
						],
						[
							114.417134,
							22.767442
						],
						[
							114.417221,
							22.767353
						],
						[
							114.417299,
							22.767259
						],
						[
							114.417356,
							22.767199
						],
						[
							114.417407,
							22.76716
						],
						[
							114.41749,
							22.767114
						],
						[
							114.417562,
							22.767056
						],
						[
							114.417655,
							22.766996
						],
						[
							114.417724,
							22.766939
						],
						[
							114.41776,
							22.76691
						],
						[
							114.417819,
							22.766855
						],
						[
							114.417871,
							22.766776
						],
						[
							114.417929,
							22.76671
						],
						[
							114.418004,
							22.766659
						],
						[
							114.418052,
							22.766642
						],
						[
							114.418113,
							22.766584
						],
						[
							114.418165,
							22.76649
						],
						[
							114.41821,
							22.766416
						],
						[
							114.418235,
							22.766333
						],
						[
							114.418262,
							22.766234
						],
						[
							114.418289,
							22.766145
						],
						[
							114.418306,
							22.766059
						],
						[
							114.418323,
							22.765983
						],
						[
							114.418321,
							22.765894
						],
						[
							114.418322,
							22.765827
						],
						[
							114.418305,
							22.76577
						],
						[
							114.418275,
							22.765711
						],
						[
							114.418252,
							22.765683
						],
						[
							114.418218,
							22.765633
						],
						[
							114.418154,
							22.765583
						],
						[
							114.418084,
							22.765532
						],
						[
							114.418006,
							22.765472
						],
						[
							114.417919,
							22.76541
						],
						[
							114.417847,
							22.76535
						],
						[
							114.41778,
							22.765308
						],
						[
							114.417728,
							22.765262
						],
						[
							114.417704,
							22.765231
						],
						[
							114.417697,
							22.765187
						],
						[
							114.41769,
							22.76514
						],
						[
							114.41771,
							22.765095
						],
						[
							114.417729,
							22.765019
						],
						[
							114.417768,
							22.764931
						],
						[
							114.417801,
							22.764821
						],
						[
							114.417834,
							22.764713
						],
						[
							114.417861,
							22.764583
						],
						[
							114.417892,
							22.764493
						],
						[
							114.41793,
							22.764374
						],
						[
							114.417958,
							22.764275
						],
						[
							114.417989,
							22.764176
						],
						[
							114.418027,
							22.764073
						],
						[
							114.418054,
							22.76397
						],
						[
							114.418079,
							22.763869
						],
						[
							114.418109,
							22.76375
						],
						[
							114.418154,
							22.763622
						],
						[
							114.418201,
							22.763428
						],
						[
							114.418237,
							22.763312
						],
						[
							114.418275,
							22.763206
						],
						[
							114.418319,
							22.76304
						],
						[
							114.418359,
							22.762898
						],
						[
							114.418391,
							22.762813
						],
						[
							114.418404,
							22.762719
						],
						[
							114.418441,
							22.762608
						],
						[
							114.41848,
							22.76246
						],
						[
							114.418501,
							22.762361
						],
						[
							114.418551,
							22.762199
						],
						[
							114.418595,
							22.762076
						],
						[
							114.418651,
							22.761939
						],
						[
							114.418695,
							22.761841
						],
						[
							114.419121,
							22.76083
						],
						[
							114.419146,
							22.760769
						],
						[
							114.419199,
							22.760784
						],
						[
							114.419252,
							22.760787
						],
						[
							114.419272,
							22.760785
						],
						[
							114.419305,
							22.760799
						],
						[
							114.419319,
							22.760856
						],
						[
							114.41933,
							22.760935
						],
						[
							114.419356,
							22.761064
						],
						[
							114.419392,
							22.761154
						],
						[
							114.419407,
							22.761238
						],
						[
							114.419429,
							22.761304
						],
						[
							114.419455,
							22.761394
						],
						[
							114.419471,
							22.761467
						],
						[
							114.419522,
							22.761562
						],
						[
							114.419552,
							22.761606
						],
						[
							114.419569,
							22.761658
						],
						[
							114.419626,
							22.761731
						],
						[
							114.419639,
							22.761772
						],
						[
							114.419701,
							22.76187
						],
						[
							114.419755,
							22.761954
						],
						[
							114.419813,
							22.762021
						],
						[
							114.419874,
							22.762069
						],
						[
							114.420034,
							22.762141
						],
						[
							114.420174,
							22.762196
						],
						[
							114.420284,
							22.762229
						],
						[
							114.420377,
							22.762248
						],
						[
							114.420491,
							22.762261
						],
						[
							114.42065,
							22.762269
						],
						[
							114.420742,
							22.762268
						],
						[
							114.420836,
							22.762274
						],
						[
							114.420938,
							22.762275
						],
						[
							114.421016,
							22.762277
						],
						[
							114.421119,
							22.762282
						],
						[
							114.421185,
							22.762288
						],
						[
							114.421255,
							22.762282
						],
						[
							114.421332,
							22.762254
						],
						[
							114.421411,
							22.762222
						],
						[
							114.421646,
							22.762072
						],
						[
							114.422706,
							22.761393
						],
						[
							114.4229,
							22.760584
						],
						[
							114.422885,
							22.760491
						],
						[
							114.422854,
							22.760385
						],
						[
							114.422812,
							22.760278
						],
						[
							114.42198,
							22.760525
						],
						[
							114.420789,
							22.759854
						],
						[
							114.421222,
							22.758816
						],
						[
							114.421141,
							22.758781
						],
						[
							114.421079,
							22.758739
						],
						[
							114.421001,
							22.758695
						],
						[
							114.420918,
							22.75866
						],
						[
							114.420829,
							22.758627
						],
						[
							114.420728,
							22.758576
						],
						[
							114.420603,
							22.758513
						],
						[
							114.420454,
							22.758454
						],
						[
							114.420298,
							22.758372
						],
						[
							114.420159,
							22.758321
						],
						[
							114.420064,
							22.758276
						],
						[
							114.419943,
							22.758234
						],
						[
							114.419877,
							22.758215
						],
						[
							114.419771,
							22.7582
						],
						[
							114.419642,
							22.758182
						],
						[
							114.419478,
							22.758154
						],
						[
							114.419344,
							22.758146
						],
						[
							114.419238,
							22.75813
						],
						[
							114.41916,
							22.758113
						],
						[
							114.419065,
							22.75811
						],
						[
							114.418957,
							22.758106
						],
						[
							114.418856,
							22.758113
						],
						[
							114.418737,
							22.758122
						],
						[
							114.418625,
							22.758121
						],
						[
							114.418522,
							22.758112
						],
						[
							114.418397,
							22.758083
						],
						[
							114.418268,
							22.758072
						],
						[
							114.418137,
							22.758057
						],
						[
							114.418068,
							22.758044
						],
						[
							114.417989,
							22.758045
						],
						[
							114.417911,
							22.758037
						],
						[
							114.417828,
							22.758013
						],
						[
							114.417761,
							22.757981
						],
						[
							114.41769,
							22.757941
						],
						[
							114.417627,
							22.757904
						],
						[
							114.417562,
							22.757842
						],
						[
							114.417495,
							22.757766
						],
						[
							114.417476,
							22.757714
						],
						[
							114.417461,
							22.757651
						],
						[
							114.417459,
							22.757552
						],
						[
							114.417466,
							22.757471
						],
						[
							114.417483,
							22.757378
						],
						[
							114.417508,
							22.757309
						],
						[
							114.417569,
							22.757244
						],
						[
							114.417632,
							22.757214
						],
						[
							114.417747,
							22.757193
						],
						[
							114.417847,
							22.757179
						],
						[
							114.417947,
							22.757178
						],
						[
							114.418079,
							22.757182
						],
						[
							114.418157,
							22.757188
						],
						[
							114.418285,
							22.757174
						],
						[
							114.418402,
							22.757163
						],
						[
							114.418506,
							22.757162
						],
						[
							114.418614,
							22.757164
						],
						[
							114.4187,
							22.75717
						],
						[
							114.418789,
							22.757176
						],
						[
							114.418862,
							22.757181
						],
						[
							114.418907,
							22.757188
						],
						[
							114.419029,
							22.757168
						],
						[
							114.419144,
							22.757141
						],
						[
							114.419269,
							22.757115
						],
						[
							114.419374,
							22.757079
						],
						[
							114.419499,
							22.757051
						],
						[
							114.419625,
							22.757035
						],
						[
							114.419718,
							22.757018
						],
						[
							114.419904,
							22.756963
						],
						[
							114.420059,
							22.756925
						],
						[
							114.420166,
							22.75691
						],
						[
							114.420254,
							22.756898
						],
						[
							114.420338,
							22.756879
						],
						[
							114.420408,
							22.756871
						],
						[
							114.4205,
							22.756857
						],
						[
							114.420561,
							22.756831
						],
						[
							114.420608,
							22.756784
						],
						[
							114.420663,
							22.75669
						],
						[
							114.420714,
							22.756612
						],
						[
							114.420736,
							22.756534
						],
						[
							114.420741,
							22.756463
						],
						[
							114.420732,
							22.756353
						],
						[
							114.420731,
							22.756287
						],
						[
							114.420734,
							22.756202
						],
						[
							114.420753,
							22.756112
						],
						[
							114.420764,
							22.756004
						],
						[
							114.420781,
							22.755921
						],
						[
							114.420811,
							22.755865
						],
						[
							114.420828,
							22.755797
						],
						[
							114.420836,
							22.75565
						],
						[
							114.420836,
							22.755535
						],
						[
							114.42083,
							22.755438
						],
						[
							114.420815,
							22.755343
						],
						[
							114.42077,
							22.75444
						],
						[
							114.420759,
							22.754225
						],
						[
							114.42074,
							22.754169
						],
						[
							114.420706,
							22.754116
						],
						[
							114.420633,
							22.754004
						],
						[
							114.420582,
							22.753932
						],
						[
							114.420541,
							22.753888
						],
						[
							114.418991,
							22.753139
						],
						[
							114.418852,
							22.753049
						],
						[
							114.418769,
							22.752989
						],
						[
							114.418659,
							22.752942
						],
						[
							114.418542,
							22.752882
						],
						[
							114.418453,
							22.752847
						],
						[
							114.418367,
							22.752804
						],
						[
							114.418282,
							22.752785
						],
						[
							114.418188,
							22.752775
						],
						[
							114.418009,
							22.752765
						],
						[
							114.417859,
							22.752751
						],
						[
							114.417642,
							22.752732
						],
						[
							114.417437,
							22.752704
						],
						[
							114.417298,
							22.752684
						],
						[
							114.417151,
							22.752666
						],
						[
							114.416949,
							22.752644
						],
						[
							114.416816,
							22.752622
						],
						[
							114.416701,
							22.752587
						],
						[
							114.41661,
							22.752549
						],
						[
							114.416517,
							22.752534
						],
						[
							114.416383,
							22.752514
						],
						[
							114.416266,
							22.752503
						],
						[
							114.416161,
							22.752485
						],
						[
							114.416041,
							22.752461
						],
						[
							114.415895,
							22.752448
						],
						[
							114.415784,
							22.752446
						],
						[
							114.415673,
							22.752444
						],
						[
							114.41558,
							22.75244
						],
						[
							114.415489,
							22.752441
						],
						[
							114.415424,
							22.752438
						],
						[
							114.415363,
							22.752434
						],
						[
							114.414254,
							22.752385
						],
						[
							114.414198,
							22.752382
						],
						[
							114.414147,
							22.752356
						],
						[
							114.414106,
							22.752324
						],
						[
							114.414089,
							22.752252
						],
						[
							114.414068,
							22.752159
						],
						[
							114.414063,
							22.752071
						],
						[
							114.414062,
							22.751999
						],
						[
							114.414051,
							22.751931
						],
						[
							114.414057,
							22.751874
						],
						[
							114.414079,
							22.75182
						],
						[
							114.414104,
							22.751762
						],
						[
							114.414115,
							22.751731
						],
						[
							114.414129,
							22.751652
						],
						[
							114.414151,
							22.751576
						],
						[
							114.414168,
							22.751522
						],
						[
							114.414176,
							22.751459
						],
						[
							114.414189,
							22.75138
						],
						[
							114.414208,
							22.751304
						],
						[
							114.414371,
							22.749578
						],
						[
							114.414375,
							22.74951
						],
						[
							114.414404,
							22.749411
						],
						[
							114.414422,
							22.749357
						],
						[
							114.414453,
							22.749294
						],
						[
							114.414498,
							22.749173
						],
						[
							114.414506,
							22.749112
						],
						[
							114.414508,
							22.749016
						],
						[
							114.414519,
							22.748921
						],
						[
							114.414527,
							22.748849
						],
						[
							114.414544,
							22.74875
						],
						[
							114.414562,
							22.748664
						],
						[
							114.414591,
							22.748579
						],
						[
							114.414609,
							22.748451
						],
						[
							114.414634,
							22.748345
						],
						[
							114.414659,
							22.748215
						],
						[
							114.414695,
							22.748134
						],
						[
							114.414714,
							22.748051
						],
						[
							114.414736,
							22.747956
						],
						[
							114.414766,
							22.747826
						],
						[
							114.414805,
							22.74775
						],
						[
							114.414825,
							22.747667
						],
						[
							114.414853,
							22.747581
						],
						[
							114.414865,
							22.747469
						],
						[
							114.414875,
							22.74734
						],
						[
							114.414899,
							22.747258
						],
						[
							114.415095,
							22.746786
						],
						[
							114.415721,
							22.745882
						],
						[
							114.415924,
							22.744333
						],
						[
							114.415133,
							22.742154
						],
						[
							114.414291,
							22.740665
						],
						[
							114.41391,
							22.740162
						],
						[
							114.413266,
							22.73836
						],
						[
							114.413208,
							22.737694
						],
						[
							114.413344,
							22.736848
						],
						[
							114.413922,
							22.736248
						],
						[
							114.412634,
							22.735473
						],
						[
							114.412126,
							22.734908
						],
						[
							114.411443,
							22.73366
						],
						[
							114.410578,
							22.733078
						],
						[
							114.40889,
							22.732177
						],
						[
							114.407511,
							22.731094
						],
						[
							114.40654,
							22.727684
						],
						[
							114.406996,
							22.725707
						],
						[
							114.405341,
							22.725859
						],
						[
							114.404884,
							22.72541
						],
						[
							114.403596,
							22.725003
						],
						[
							114.403416,
							22.724598
						],
						[
							114.403413,
							22.72293
						],
						[
							114.403552,
							22.722608
						],
						[
							114.404891,
							22.721474
						],
						[
							114.406794,
							22.718807
						],
						[
							114.407391,
							22.71787
						],
						[
							114.407712,
							22.716123
						],
						[
							114.408497,
							22.71473
						],
						[
							114.408596,
							22.714399
						],
						[
							114.409229,
							22.713578
						],
						[
							114.407749,
							22.711227
						],
						[
							114.411983,
							22.711478
						],
						[
							114.413218,
							22.712186
						],
						[
							114.413831,
							22.712417
						],
						[
							114.415507,
							22.712602
						],
						[
							114.416391,
							22.712573
						],
						[
							114.416502,
							22.71243
						],
						[
							114.41654,
							22.71183
						],
						[
							114.417066,
							22.711649
						],
						[
							114.4183,
							22.712084
						],
						[
							114.419101,
							22.712498
						],
						[
							114.420578,
							22.714017
						],
						[
							114.421172,
							22.713145
						],
						[
							114.421179,
							22.713133
						],
						[
							114.421214,
							22.713066
						],
						[
							114.421231,
							22.713003
						],
						[
							114.421249,
							22.712967
						],
						[
							114.421562,
							22.71236
						],
						[
							114.421706,
							22.711667
						],
						[
							114.422972,
							22.71013
						],
						[
							114.423885,
							22.709398
						],
						[
							114.425127,
							22.708902
						],
						[
							114.424178,
							22.707818
						],
						[
							114.423961,
							22.707487
						],
						[
							114.423855,
							22.707122
						],
						[
							114.423861,
							22.705891
						],
						[
							114.423971,
							22.705522
						],
						[
							114.42403,
							22.704187
						],
						[
							114.423974,
							22.703248
						],
						[
							114.424349,
							22.70249
						],
						[
							114.42637,
							22.699932
						],
						[
							114.430466,
							22.700621
						],
						[
							114.433818,
							22.699811
						],
						[
							114.436286,
							22.697964
						],
						[
							114.438216,
							22.697096
						],
						[
							114.439044,
							22.696896
						],
						[
							114.440137,
							22.696815
						],
						[
							114.440651,
							22.69692
						],
						[
							114.44199,
							22.697567
						],
						[
							114.442205,
							22.696511
						],
						[
							114.442462,
							22.695849
						],
						[
							114.443348,
							22.694698
						],
						[
							114.444812,
							22.692442
						],
						[
							114.445342,
							22.688986
						],
						[
							114.444841,
							22.687686
						],
						[
							114.442033,
							22.683441
						],
						[
							114.441644,
							22.682549
						],
						[
							114.441306,
							22.682192
						],
						[
							114.440327,
							22.681927
						],
						[
							114.438151,
							22.681562
						],
						[
							114.437448,
							22.68154
						],
						[
							114.436926,
							22.681347
						],
						[
							114.436809,
							22.681221
						],
						[
							114.436611,
							22.680111
						],
						[
							114.435748,
							22.679197
						],
						[
							114.435086,
							22.678881
						],
						[
							114.434113,
							22.678156
						],
						[
							114.432675,
							22.677527
						],
						[
							114.431391,
							22.677257
						],
						[
							114.430071,
							22.677352
						],
						[
							114.428176,
							22.676751
						],
						[
							114.427905,
							22.676534
						],
						[
							114.427926,
							22.675636
						],
						[
							114.428294,
							22.674967
						],
						[
							114.428662,
							22.673944
						],
						[
							114.428551,
							22.672424
						],
						[
							114.428991,
							22.671573
						],
						[
							114.429055,
							22.670595
						],
						[
							114.429598,
							22.668761
						],
						[
							114.430867,
							22.667711
						],
						[
							114.431705,
							22.667796
						],
						[
							114.432012,
							22.666891
						],
						[
							114.432314,
							22.665551
						],
						[
							114.432018,
							22.664165
						],
						[
							114.432001,
							22.664089
						],
						[
							114.431979,
							22.664009
						],
						[
							114.431917,
							22.663882
						],
						[
							114.43191,
							22.663864
						],
						[
							114.431897,
							22.663841
						],
						[
							114.43185,
							22.663759
						],
						[
							114.431801,
							22.663668
						],
						[
							114.431776,
							22.663607
						],
						[
							114.431748,
							22.663541
						],
						[
							114.431686,
							22.663482
						],
						[
							114.431598,
							22.66341
						],
						[
							114.43148,
							22.663329
						],
						[
							114.431377,
							22.663272
						],
						[
							114.431232,
							22.663206
						],
						[
							114.431143,
							22.663173
						],
						[
							114.430972,
							22.663098
						],
						[
							114.430821,
							22.663044
						],
						[
							114.430728,
							22.663
						],
						[
							114.430644,
							22.66294
						],
						[
							114.430607,
							22.662879
						],
						[
							114.430594,
							22.662809
						],
						[
							114.430603,
							22.66275
						],
						[
							114.430642,
							22.662597
						],
						[
							114.430701,
							22.662488
						],
						[
							114.430729,
							22.66242
						]
					]
				]
			}
		}
	]
}