{
	"type": "FeatureCollection",
	"features": [
		{
			"type": "Feature",
			"id": "440308",
			"properties": {
				"name": "盐田区",
				"cp": [
					114.265366,
					22.585069
				],
				"childNum": 1
			},
			"geometry": {
				"type": "Polygon",
				"coordinates": [
					[						[
							114.232563,
							22.540043
						],
						[
							114.231268,
							22.540831
						],
						[
							114.231068,
							22.541213
						],
						[
							114.23102,
							22.541309
						],
						[
							114.230511,
							22.543042
						],
						[
							114.230964,
							22.543747
						],
						[
							114.230799,
							22.545741
						],
						[
							114.230766,
							22.545941
						],
						[
							114.230163,
							22.546588
						],
						[
							114.22975,
							22.546906
						],
						[
							114.229539,
							22.547099
						],
						[
							114.229408,
							22.547284
						],
						[
							114.22917,
							22.547848
						],
						[
							114.2291,
							22.547936
						],
						[
							114.228994,
							22.547989
						],
						[
							114.228361,
							22.548008
						],
						[
							114.22815,
							22.548017
						],
						[
							114.227823,
							22.548346
						],
						[
							114.22756,
							22.548481
						],
						[
							114.227289,
							22.548546
						],
						[
							114.226656,
							22.548784
						],
						[
							114.226304,
							22.548961
						],
						[
							114.226041,
							22.549296
						],
						[
							114.225939,
							22.549864
						],
						[
							114.225868,
							22.550081
						],
						[
							114.225761,
							22.55028
						],
						[
							114.225519,
							22.550484
						],
						[
							114.225033,
							22.550786
						],
						[
							114.224678,
							22.551023
						],
						[
							114.22447,
							22.551254
						],
						[
							114.223976,
							22.55179
						],
						[
							114.223285,
							22.552764
						],
						[
							114.223008,
							22.552983
						],
						[
							114.222705,
							22.553054
						],
						[
							114.222196,
							22.552999
						],
						[
							114.221927,
							22.552882
						],
						[
							114.221876,
							22.552545
						],
						[
							114.221641,
							22.552272
						],
						[
							114.221082,
							22.552076
						],
						[
							114.22071,
							22.551935
						],
						[
							114.22032,
							22.55189
						],
						[
							114.219809,
							22.551839
						],
						[
							114.218596,
							22.551723
						],
						[
							114.218293,
							22.551725
						],
						[
							114.217929,
							22.551778
						],
						[
							114.217643,
							22.551874
						],
						[
							114.217504,
							22.55195
						],
						[
							114.217019,
							22.552445
						],
						[
							114.216309,
							22.553269
						],
						[
							114.215911,
							22.553662
						],
						[
							114.215651,
							22.553814
						],
						[
							114.215322,
							22.553947
						],
						[
							114.214975,
							22.553991
						],
						[
							114.214507,
							22.553977
						],
						[
							114.213286,
							22.553739
						],
						[
							114.212619,
							22.553623
						],
						[
							114.212359,
							22.553606
						],
						[
							114.212142,
							22.553615
						],
						[
							114.210835,
							22.55383
						],
						[
							114.209414,
							22.553732
						],
						[
							114.207985,
							22.553596
						],
						[
							114.207292,
							22.55352
						],
						[
							114.207032,
							22.55353
						],
						[
							114.206807,
							22.553584
						],
						[
							114.206695,
							22.553662
						],
						[
							114.206548,
							22.553871
						],
						[
							114.206314,
							22.554331
						],
						[
							114.206158,
							22.55459
						],
						[
							114.206037,
							22.554673
						],
						[
							114.205829,
							22.554751
						],
						[
							114.205595,
							22.554734
						],
						[
							114.205214,
							22.55465
						],
						[
							114.204028,
							22.554192
						],
						[
							114.20356,
							22.554008
						],
						[
							114.20324,
							22.553933
						],
						[
							114.203066,
							22.553902
						],
						[
							114.202883,
							22.5539
						],
						[
							114.203177,
							22.55531
						],
						[
							114.203147,
							22.555413
						],
						[
							114.203136,
							22.555519
						],
						[
							114.203145,
							22.555571
						],
						[
							114.203183,
							22.555711
						],
						[
							114.203207,
							22.555813
						],
						[
							114.203231,
							22.555863
						],
						[
							114.20329,
							22.55595
						],
						[
							114.203367,
							22.556053
						],
						[
							114.203402,
							22.556119
						],
						[
							114.203441,
							22.556149
						],
						[
							114.203537,
							22.5562
						],
						[
							114.203665,
							22.55627
						],
						[
							114.203951,
							22.556407
						],
						[
							114.204161,
							22.556523
						],
						[
							114.204226,
							22.556558
						],
						[
							114.204279,
							22.556606
						],
						[
							114.204358,
							22.556698
						],
						[
							114.20452,
							22.556892
						],
						[
							114.204688,
							22.55708
						],
						[
							114.204789,
							22.557201
						],
						[
							114.204927,
							22.557348
						],
						[
							114.204992,
							22.557407
						],
						[
							114.205149,
							22.557572
						],
						[
							114.205312,
							22.557753
						],
						[
							114.205378,
							22.557815
						],
						[
							114.20558,
							22.557978
						],
						[
							114.205817,
							22.558181
						],
						[
							114.206066,
							22.558385
						],
						[
							114.206185,
							22.558482
						],
						[
							114.206225,
							22.558534
						],
						[
							114.206313,
							22.558653
						],
						[
							114.206466,
							22.558856
						],
						[
							114.206632,
							22.559091
						],
						[
							114.20676,
							22.559265
						],
						[
							114.206865,
							22.559404
						],
						[
							114.206942,
							22.559507
						],
						[
							114.207001,
							22.559628
						],
						[
							114.207051,
							22.559732
						],
						[
							114.207116,
							22.559871
						],
						[
							114.207141,
							22.559952
						],
						[
							114.207172,
							22.560063
						],
						[
							114.207225,
							22.560206
						],
						[
							114.207269,
							22.560333
						],
						[
							114.207298,
							22.560464
						],
						[
							114.207331,
							22.560682
						],
						[
							114.207344,
							22.56079
						],
						[
							114.207352,
							22.560862
						],
						[
							114.207337,
							22.560946
						],
						[
							114.207301,
							22.561166
						],
						[
							114.20728,
							22.561283
						],
						[
							114.207256,
							22.561409
						],
						[
							114.20718,
							22.561642
						],
						[
							114.207089,
							22.561944
						],
						[
							114.207064,
							22.562024
						],
						[
							114.206999,
							22.56212
						],
						[
							114.20691,
							22.562277
						],
						[
							114.206716,
							22.562605
						],
						[
							114.206632,
							22.562762
						],
						[
							114.206472,
							22.563041
						],
						[
							114.206356,
							22.563258
						],
						[
							114.206221,
							22.563493
						],
						[
							114.206111,
							22.563694
						],
						[
							114.205967,
							22.563971
						],
						[
							114.205817,
							22.564258
						],
						[
							114.205744,
							22.564435
						],
						[
							114.205693,
							22.564542
						],
						[
							114.205581,
							22.564764
						],
						[
							114.205512,
							22.564925
						],
						[
							114.205459,
							22.565042
						],
						[
							114.205414,
							22.565138
						],
						[
							114.205332,
							22.565266
						],
						[
							114.205259,
							22.565368
						],
						[
							114.205097,
							22.565611
						],
						[
							114.204968,
							22.565799
						],
						[
							114.204816,
							22.566015
						],
						[
							114.204751,
							22.566134
						],
						[
							114.204662,
							22.566261
						],
						[
							114.204536,
							22.566448
						],
						[
							114.204441,
							22.566591
						],
						[
							114.204382,
							22.56671
						],
						[
							114.204306,
							22.566849
						],
						[
							114.204124,
							22.567195
						],
						[
							114.20405,
							22.567334
						],
						[
							114.203871,
							22.567678
						],
						[
							114.203785,
							22.567846
						],
						[
							114.203673,
							22.568165
						],
						[
							114.203606,
							22.568371
						],
						[
							114.203532,
							22.568614
						],
						[
							114.203476,
							22.568839
						],
						[
							114.203445,
							22.569021
						],
						[
							114.203442,
							22.569179
						],
						[
							114.203444,
							22.569249
						],
						[
							114.203461,
							22.569306
						],
						[
							114.203761,
							22.569949
						],
						[
							114.203832,
							22.570001
						],
						[
							114.204187,
							22.570192
						],
						[
							114.204567,
							22.570372
						],
						[
							114.204811,
							22.570498
						],
						[
							114.205056,
							22.570621
						],
						[
							114.205326,
							22.570794
						],
						[
							114.205471,
							22.570898
						],
						[
							114.205621,
							22.570991
						],
						[
							114.205833,
							22.571132
						],
						[
							114.205976,
							22.571265
						],
						[
							114.206081,
							22.571364
						],
						[
							114.206268,
							22.571552
						],
						[
							114.206544,
							22.571811
						],
						[
							114.206701,
							22.57196
						],
						[
							114.20677,
							22.572024
						],
						[
							114.206886,
							22.572112
						],
						[
							114.207125,
							22.572287
						],
						[
							114.207236,
							22.572363
						],
						[
							114.20733,
							22.572442
						],
						[
							114.207406,
							22.572495
						],
						[
							114.207469,
							22.572541
						],
						[
							114.207515,
							22.572575
						],
						[
							114.207699,
							22.57265
						],
						[
							114.20785,
							22.572709
						],
						[
							114.208019,
							22.572761
						],
						[
							114.208053,
							22.572771
						],
						[
							114.208112,
							22.572756
						],
						[
							114.210304,
							22.573396
						],
						[
							114.210394,
							22.573447
						],
						[
							114.210444,
							22.573486
						],
						[
							114.210551,
							22.573517
						],
						[
							114.210726,
							22.573565
						],
						[
							114.210974,
							22.57363
						],
						[
							114.21115,
							22.573678
						],
						[
							114.21134,
							22.573722
						],
						[
							114.211474,
							22.573758
						],
						[
							114.211613,
							22.573798
						],
						[
							114.211728,
							22.57382
						],
						[
							114.211861,
							22.573842
						],
						[
							114.212025,
							22.573863
						],
						[
							114.21218,
							22.573881
						],
						[
							114.212315,
							22.57389
						],
						[
							114.21242,
							22.573912
						],
						[
							114.212531,
							22.573916
						],
						[
							114.212851,
							22.573924
						],
						[
							114.213044,
							22.57392
						],
						[
							114.213208,
							22.5739
						],
						[
							114.213578,
							22.573868
						],
						[
							114.213691,
							22.573858
						],
						[
							114.213927,
							22.57386
						],
						[
							114.214006,
							22.573861
						],
						[
							114.214703,
							22.574005
						],
						[
							114.215114,
							22.57412
						],
						[
							114.215487,
							22.57425
						],
						[
							114.215717,
							22.57436
						],
						[
							114.217172,
							22.575006
						],
						[
							114.217263,
							22.575032
						],
						[
							114.217332,
							22.575083
						],
						[
							114.217434,
							22.575164
						],
						[
							114.217519,
							22.575269
						],
						[
							114.217579,
							22.575333
						],
						[
							114.217657,
							22.575451
						],
						[
							114.217677,
							22.575486
						],
						[
							114.217947,
							22.575801
						],
						[
							114.21815,
							22.57608
						],
						[
							114.218434,
							22.57645
						],
						[
							114.2185,
							22.576548
						],
						[
							114.218563,
							22.576617
						],
						[
							114.218742,
							22.576737
						],
						[
							114.21892,
							22.576857
						],
						[
							114.219048,
							22.576943
						],
						[
							114.219275,
							22.577084
						],
						[
							114.219482,
							22.577216
						],
						[
							114.219606,
							22.577311
						],
						[
							114.219743,
							22.577401
						],
						[
							114.219824,
							22.577488
						],
						[
							114.219919,
							22.577606
						],
						[
							114.219971,
							22.577686
						],
						[
							114.220006,
							22.577782
						],
						[
							114.220011,
							22.577863
						],
						[
							114.220004,
							22.577996
						],
						[
							114.21997,
							22.578174
						],
						[
							114.219906,
							22.57831
						],
						[
							114.21977,
							22.578649
						],
						[
							114.219685,
							22.578909
						],
						[
							114.219677,
							22.578972
						],
						[
							114.219615,
							22.579142
						],
						[
							114.219574,
							22.579246
						],
						[
							114.219506,
							22.579339
						],
						[
							114.219433,
							22.579473
						],
						[
							114.219312,
							22.579625
						],
						[
							114.219192,
							22.579788
						],
						[
							114.219143,
							22.579845
						],
						[
							114.219105,
							22.579931
						],
						[
							114.219004,
							22.580125
						],
						[
							114.21895,
							22.580217
						],
						[
							114.218929,
							22.580289
						],
						[
							114.218924,
							22.580327
						],
						[
							114.218921,
							22.580341
						],
						[
							114.218907,
							22.580476
						],
						[
							114.218893,
							22.580599
						],
						[
							114.218854,
							22.580966
						],
						[
							114.218845,
							22.581043
						],
						[
							114.218763,
							22.581919
						],
						[
							114.219184,
							22.581691
						],
						[
							114.219509,
							22.581654
						],
						[
							114.220844,
							22.582522
						],
						[
							114.221412,
							22.583187
						],
						[
							114.222286,
							22.583734
						],
						[
							114.224496,
							22.584438
						],
						[
							114.224642,
							22.584645
						],
						[
							114.224769,
							22.585529
						],
						[
							114.224916,
							22.585863
						],
						[
							114.227003,
							22.589155
						],
						[
							114.227488,
							22.589779
						],
						[
							114.228935,
							22.590752
						],
						[
							114.229104,
							22.591294
						],
						[
							114.229064,
							22.592108
						],
						[
							114.229379,
							22.593304
						],
						[
							114.229555,
							22.593733
						],
						[
							114.23036,
							22.594836
						],
						[
							114.23053,
							22.595254
						],
						[
							114.230527,
							22.595295
						],
						[
							114.230512,
							22.595447
						],
						[
							114.230524,
							22.595874
						],
						[
							114.230533,
							22.595981
						],
						[
							114.230543,
							22.596066
						],
						[
							114.230714,
							22.59849
						],
						[
							114.230905,
							22.598836
						],
						[
							114.231546,
							22.599246
						],
						[
							114.232992,
							22.600732
						],
						[
							114.233167,
							22.601657
						],
						[
							114.234721,
							22.602414
						],
						[
							114.235492,
							22.603747
						],
						[
							114.235398,
							22.605182
						],
						[
							114.234844,
							22.607082
						],
						[
							114.234683,
							22.60739
						],
						[
							114.234108,
							22.607879
						],
						[
							114.234422,
							22.608837
						],
						[
							114.23475,
							22.609375
						],
						[
							114.236218,
							22.610707
						],
						[
							114.236242,
							22.610732
						],
						[
							114.236354,
							22.610845
						],
						[
							114.236921,
							22.611698
						],
						[
							114.236966,
							22.611743
						],
						[
							114.237005,
							22.611783
						],
						[
							114.237059,
							22.611833
						],
						[
							114.237106,
							22.611877
						],
						[
							114.238144,
							22.612844
						],
						[
							114.240838,
							22.615646
						],
						[
							114.243485,
							22.61607
						],
						[
							114.244227,
							22.616791
						],
						[
							114.244774,
							22.617588
						],
						[
							114.245188,
							22.618002
						],
						[
							114.246916,
							22.619022
						],
						[
							114.247395,
							22.619163
						],
						[
							114.247923,
							22.619456
						],
						[
							114.249024,
							22.620229
						],
						[
							114.249385,
							22.620321
						],
						[
							114.250923,
							22.620356
						],
						[
							114.251749,
							22.62028
						],
						[
							114.252971,
							22.62031
						],
						[
							114.253901,
							22.620145
						],
						[
							114.254828,
							22.620104
						],
						[
							114.25583,
							22.619738
						],
						[
							114.257604,
							22.619494
						],
						[
							114.259886,
							22.61887
						],
						[
							114.262981,
							22.62044
						],
						[
							114.265313,
							22.622558
						],
						[
							114.265836,
							22.625268
						],
						[
							114.26633,
							22.626272
						],
						[
							114.266186,
							22.628304
						],
						[
							114.266111,
							22.628416
						],
						[
							114.265214,
							22.629217
						],
						[
							114.263838,
							22.630181
						],
						[
							114.263099,
							22.631229
						],
						[
							114.261192,
							22.632463
						],
						[
							114.259874,
							22.633456
						],
						[
							114.259034,
							22.633895
						],
						[
							114.258704,
							22.634184
						],
						[
							114.258779,
							22.634914
						],
						[
							114.258966,
							22.635561
						],
						[
							114.258926,
							22.636551
						],
						[
							114.259059,
							22.637586
						],
						[
							114.258381,
							22.639178
						],
						[
							114.257972,
							22.640807
						],
						[
							114.258586,
							22.64147
						],
						[
							114.259332,
							22.642496
						],
						[
							114.259534,
							22.643075
						],
						[
							114.259533,
							22.644137
						],
						[
							114.260286,
							22.646415
						],
						[
							114.260339,
							22.647179
						],
						[
							114.2614,
							22.64865
						],
						[
							114.262244,
							22.648789
						],
						[
							114.262618,
							22.648949
						],
						[
							114.263474,
							22.649634
						],
						[
							114.264323,
							22.650538
						],
						[
							114.266212,
							22.651683
						],
						[
							114.267542,
							22.652623
						],
						[
							114.269225,
							22.653397
						],
						[
							114.269789,
							22.653829
						],
						[
							114.271023,
							22.653277
						],
						[
							114.272681,
							22.652228
						],
						[
							114.273419,
							22.651621
						],
						[
							114.274272,
							22.651135
						],
						[
							114.274479,
							22.649801
						],
						[
							114.27495,
							22.648846
						],
						[
							114.275208,
							22.647702
						],
						[
							114.275714,
							22.646772
						],
						[
							114.276804,
							22.645818
						],
						[
							114.277744,
							22.64532
						],
						[
							114.278965,
							22.644507
						],
						[
							114.279359,
							22.644401
						],
						[
							114.280154,
							22.643772
						],
						[
							114.280429,
							22.643412
						],
						[
							114.28089,
							22.643092
						],
						[
							114.28098,
							22.64303
						],
						[
							114.281009,
							22.643009
						],
						[
							114.281008,
							22.642948
						],
						[
							114.281008,
							22.642944
						],
						[
							114.281014,
							22.64291
						],
						[
							114.281046,
							22.642861
						],
						[
							114.281052,
							22.642851
						],
						[
							114.281378,
							22.642373
						],
						[
							114.281407,
							22.64236
						],
						[
							114.281514,
							22.642324
						],
						[
							114.281561,
							22.642309
						],
						[
							114.281724,
							22.642245
						],
						[
							114.281901,
							22.642165
						],
						[
							114.282662,
							22.641823
						],
						[
							114.283696,
							22.641111
						],
						[
							114.284673,
							22.640992
						],
						[
							114.284678,
							22.640991
						],
						[
							114.284759,
							22.64092
						],
						[
							114.284836,
							22.640891
						],
						[
							114.285889,
							22.640514
						],
						[
							114.285909,
							22.640358
						],
						[
							114.28589,
							22.640279
						],
						[
							114.285844,
							22.640177
						],
						[
							114.285724,
							22.639611
						],
						[
							114.285718,
							22.639566
						],
						[
							114.285654,
							22.639512
						],
						[
							114.28565,
							22.639434
						],
						[
							114.285581,
							22.637932
						],
						[
							114.285589,
							22.637869
						],
						[
							114.28558,
							22.637794
						],
						[
							114.285569,
							22.637739
						],
						[
							114.285554,
							22.637173
						],
						[
							114.285581,
							22.637111
						],
						[
							114.285646,
							22.637002
						],
						[
							114.285876,
							22.636726
						],
						[
							114.286298,
							22.63651
						],
						[
							114.286674,
							22.636192
						],
						[
							114.287089,
							22.635314
						],
						[
							114.287122,
							22.635244
						],
						[
							114.287203,
							22.635136
						],
						[
							114.287211,
							22.635058
						],
						[
							114.287224,
							22.635029
						],
						[
							114.28743,
							22.634594
						],
						[
							114.287455,
							22.634541
						],
						[
							114.287467,
							22.634509
						],
						[
							114.287486,
							22.634476
						],
						[
							114.287512,
							22.634419
						],
						[
							114.287761,
							22.633893
						],
						[
							114.287844,
							22.633718
						],
						[
							114.288128,
							22.633087
						],
						[
							114.28858,
							22.632474
						],
						[
							114.289039,
							22.632196
						],
						[
							114.289794,
							22.632155
						],
						[
							114.290412,
							22.63177
						],
						[
							114.290429,
							22.631759
						],
						[
							114.290469,
							22.631712
						],
						[
							114.290525,
							22.631648
						],
						[
							114.290542,
							22.631625
						],
						[
							114.290579,
							22.631531
						],
						[
							114.29058,
							22.631525
						],
						[
							114.290576,
							22.63147
						],
						[
							114.290568,
							22.631421
						],
						[
							114.290537,
							22.631348
						],
						[
							114.290536,
							22.631343
						],
						[
							114.290504,
							22.631246
						],
						[
							114.29049,
							22.63121
						],
						[
							114.290472,
							22.631164
						],
						[
							114.290419,
							22.631029
						],
						[
							114.288934,
							22.627289
						],
						[
							114.28836,
							22.626773
						],
						[
							114.287572,
							22.626439
						],
						[
							114.287267,
							22.626205
						],
						[
							114.286925,
							22.624282
						],
						[
							114.28808,
							22.620868
						],
						[
							114.289133,
							22.620684
						],
						[
							114.290006,
							22.619985
						],
						[
							114.290471,
							22.619421
						],
						[
							114.290849,
							22.619333
						],
						[
							114.291448,
							22.619506
						],
						[
							114.291587,
							22.61968
						],
						[
							114.291663,
							22.620584
						],
						[
							114.291849,
							22.620799
						],
						[
							114.294067,
							22.621279
						],
						[
							114.294628,
							22.621292
						],
						[
							114.294944,
							22.621025
						],
						[
							114.295629,
							22.619066
						],
						[
							114.295832,
							22.618869
						],
						[
							114.296537,
							22.618543
						],
						[
							114.296944,
							22.618582
						],
						[
							114.297834,
							22.619986
						],
						[
							114.298534,
							22.620836
						],
						[
							114.298683,
							22.621141
						],
						[
							114.298654,
							22.621273
						],
						[
							114.302867,
							22.627901
						],
						[
							114.303704,
							22.628498
						],
						[
							114.303583,
							22.629292
						],
						[
							114.304001,
							22.629789
						],
						[
							114.304826,
							22.630511
						],
						[
							114.306703,
							22.629837
						],
						[
							114.306854,
							22.62986
						],
						[
							114.308412,
							22.628973
						],
						[
							114.310178,
							22.628105
						],
						[
							114.310579,
							22.626159
						],
						[
							114.31069,
							22.625978
						],
						[
							114.311341,
							22.625453
						],
						[
							114.312481,
							22.624992
						],
						[
							114.313572,
							22.624333
						],
						[
							114.315727,
							22.624447
						],
						[
							114.316922,
							22.624384
						],
						[
							114.318419,
							22.624669
						],
						[
							114.318546,
							22.624772
						],
						[
							114.318929,
							22.625838
						],
						[
							114.319322,
							22.625987
						],
						[
							114.319698,
							22.62601
						],
						[
							114.320874,
							22.625691
						],
						[
							114.321485,
							22.625353
						],
						[
							114.322066,
							22.624856
						],
						[
							114.322759,
							22.623574
						],
						[
							114.323803,
							22.623045
						],
						[
							114.324643,
							22.622873
						],
						[
							114.325536,
							22.622967
						],
						[
							114.328429,
							22.622867
						],
						[
							114.329464,
							22.623407
						],
						[
							114.330176,
							22.624296
						],
						[
							114.331849,
							22.625988
						],
						[
							114.33522,
							22.62589
						],
						[
							114.335648,
							22.62553
						],
						[
							114.338043,
							22.624207
						],
						[
							114.339292,
							22.623357
						],
						[
							114.339723,
							22.623063
						],
						[
							114.340434,
							22.622092
						],
						[
							114.340548,
							22.621496
						],
						[
							114.340936,
							22.620759
						],
						[
							114.341302,
							22.620276
						],
						[
							114.342292,
							22.619586
						],
						[
							114.343093,
							22.618536
						],
						[
							114.343266,
							22.618137
						],
						[
							114.343256,
							22.617826
						],
						[
							114.342874,
							22.61771
						],
						[
							114.342618,
							22.617514
						],
						[
							114.341965,
							22.616638
						],
						[
							114.341984,
							22.61646
						],
						[
							114.342374,
							22.615754
						],
						[
							114.342759,
							22.614279
						],
						[
							114.342631,
							22.613383
						],
						[
							114.33958,
							22.608374
						],
						[
							114.339421,
							22.60792
						],
						[
							114.338674,
							22.60723
						],
						[
							114.33795,
							22.60586
						],
						[
							114.337799,
							22.604064
						],
						[
							114.337672,
							22.603466
						],
						[
							114.337747,
							22.603174
						],
						[
							114.337939,
							22.60292
						],
						[
							114.339033,
							22.602318
						],
						[
							114.33917,
							22.602372
						],
						[
							114.343045,
							22.602146
						],
						[
							114.344202,
							22.601869
						],
						[
							114.344436,
							22.601887
						],
						[
							114.344698,
							22.602041
						],
						[
							114.344893,
							22.602461
						],
						[
							114.344939,
							22.602511
						],
						[
							114.345032,
							22.602596
						],
						[
							114.345543,
							22.602862
						],
						[
							114.346987,
							22.603094
						],
						[
							114.347179,
							22.603126
						],
						[
							114.348359,
							22.603386
						],
						[
							114.348442,
							22.603376
						],
						[
							114.348521,
							22.603359
						],
						[
							114.348551,
							22.603353
						],
						[
							114.348573,
							22.603349
						],
						[
							114.348712,
							22.603327
						],
						[
							114.349721,
							22.603027
						],
						[
							114.35046,
							22.602589
						],
						[
							114.350356,
							22.601419
						],
						[
							114.350298,
							22.600615
						],
						[
							114.350294,
							22.600576
						],
						[
							114.350273,
							22.600422
						],
						[
							114.350223,
							22.600035
						],
						[
							114.350209,
							22.599871
						],
						[
							114.350207,
							22.599842
						],
						[
							114.350244,
							22.598847
						],
						[
							114.350252,
							22.598653
						],
						[
							114.350257,
							22.5985
						],
						[
							114.350258,
							22.598477
						],
						[
							114.350265,
							22.598448
						],
						[
							114.350277,
							22.598398
						],
						[
							114.350299,
							22.598311
						],
						[
							114.350535,
							22.597011
						],
						[
							114.353515,
							22.590011
						],
						[
							114.347004,
							22.588678
						],
						[
							114.343397,
							22.588337
						],
						[
							114.337094,
							22.588325
						],
						[
							114.330626,
							22.588899
						],
						[
							114.325331,
							22.588637
						],
						[
							114.322141,
							22.587374
						],
						[
							114.319976,
							22.585382
						],
						[
							114.318107,
							22.583241
						],
						[
							114.31689,
							22.582199
						],
						[
							114.315779,
							22.581408
						],
						[
							114.311848,
							22.578609
						],
						[
							114.309823,
							22.57612
						],
						[
							114.308319,
							22.573172
						],
						[
							114.306581,
							22.570513
						],
						[
							114.304851,
							22.568719
						],
						[
							114.303287,
							22.568083
						],
						[
							114.300688,
							22.567502
						],
						[
							114.298551,
							22.566633
						],
						[
							114.296526,
							22.565301
						],
						[
							114.294562,
							22.563738
						],
						[
							114.292425,
							22.562985
						],
						[
							114.289992,
							22.562808
						],
						[
							114.286813,
							22.562978
						],
						[
							114.284216,
							22.562975
						],
						[
							114.280977,
							22.562857
						],
						[
							114.275376,
							22.562274
						],
						[
							114.261053,
							22.559591
						],
						[
							114.259656,
							22.559204
						],
						[
							114.258832,
							22.55882
						],
						[
							114.250321,
							22.553282
						],
						[
							114.24164,
							22.546016
						],
						[
							114.237999,
							22.542936
						],
						[
							114.235485,
							22.541219
						],
						[
							114.232563,
							22.540043
						]
					]
				]
			}
		}
	]
}